<?xml version="1.0" encoding="UTF-8"?>
<gpx xmlns:xsi="http://www.w3.org/2001/XMLSchema-instance" xmlns="http://www.topografix.com/GPX/1/1" xsi:schemaLocation="http://www.topografix.com/GPX/1/1 http://www.topografix.com/GPX/1/1/gpx.xsd" version="1.1" creator="Open GPX Tracker for iOS">
	<wpt lat="34.95284916370637" lon="137.13650001225727">
		<ele>18.642471313476562</ele>
		<time>2026-08-02T21:35:57Z</time>
		<name>06:35:57</name>
		<desc>2026/08/03, 06:35:57</desc>
	</wpt>
	<trk>
		<trkseg>
			<trkpt lat="34.952869112635916" lon="137.13645525289434">
				<ele>19.577774047851562</ele>
				<time>2026-08-02T21:36:02Z</time>
			</trkpt>
			<trkpt lat="34.952904062195174" lon="137.1364215462611">
				<ele>19.679580858908594</ele>
				<time>2026-08-02T21:36:05Z</time>
			</trkpt>
			<trkpt lat="34.95291876991209" lon="137.13640701152534">
				<ele>19.721328953281045</ele>
				<time>2026-08-02T21:36:06Z</time>
			</trkpt>
			<trkpt lat="34.952938397700386" lon="137.13638962916474">
				<ele>19.917435030452907</ele>
				<time>2026-08-02T21:36:07Z</time>
			</trkpt>
			<trkpt lat="34.952960176354146" lon="137.13637771439062">
				<ele>20.140701632015407</ele>
				<time>2026-08-02T21:36:08Z</time>
			</trkpt>
			<trkpt lat="34.95299071505312" lon="137.136371472964">
				<ele>20.268204198218882</ele>
				<time>2026-08-02T21:36:09Z</time>
			</trkpt>
			<trkpt lat="34.95302616492003" lon="137.13637442552044">
				<ele>20.38758916966617</ele>
				<time>2026-08-02T21:36:10Z</time>
			</trkpt>
			<trkpt lat="34.95305917898193" lon="137.1363913985779">
				<ele>20.59968653228134</ele>
				<time>2026-08-02T21:36:11Z</time>
			</trkpt>
			<trkpt lat="34.95308987896785" lon="137.1364233424052">
				<ele>20.629594022408128</ele>
				<time>2026-08-02T21:36:12Z</time>
			</trkpt>
			<trkpt lat="34.953114689605435" lon="137.136463856161">
				<ele>20.591874295845628</ele>
				<time>2026-08-02T21:36:13Z</time>
			</trkpt>
			<trkpt lat="34.95314263887528" lon="137.13651147498635">
				<ele>20.226823300123215</ele>
				<time>2026-08-02T21:36:14Z</time>
			</trkpt>
			<trkpt lat="34.953169055066425" lon="137.13655877730523">
				<ele>19.952897606417537</ele>
				<time>2026-08-02T21:36:15Z</time>
			</trkpt>
			<trkpt lat="34.953197896947486" lon="137.1366048214587">
				<ele>20.28437967132777</ele>
				<time>2026-08-02T21:36:16Z</time>
			</trkpt>
			<trkpt lat="34.95322305465355" lon="137.136646414144">
				<ele>20.659623811021447</ele>
				<time>2026-08-02T21:36:17Z</time>
			</trkpt>
			<trkpt lat="34.953253581794726" lon="137.13669197343907">
				<ele>21.173845002427697</ele>
				<time>2026-08-02T21:36:18Z</time>
			</trkpt>
			<trkpt lat="34.95329325710834" lon="137.13675182252192">
				<ele>21.42305228114128</ele>
				<time>2026-08-02T21:36:19Z</time>
			</trkpt>
			<trkpt lat="34.95333176669235" lon="137.13680697625216">
				<ele>21.352068587206304</ele>
				<time>2026-08-02T21:36:20Z</time>
			</trkpt>
			<trkpt lat="34.95337539653922" lon="137.13686952489263">
				<ele>21.13759175222367</ele>
				<time>2026-08-02T21:36:21Z</time>
			</trkpt>
			<trkpt lat="34.953418645391615" lon="137.13693038404193">
				<ele>21.25868585333228</ele>
				<time>2026-08-02T21:36:22Z</time>
			</trkpt>
			<trkpt lat="34.95343769719492" lon="137.1369980758478">
				<ele>16.171680435538292</ele>
				<time>2026-08-02T21:36:23Z</time>
			</trkpt>
			<trkpt lat="34.95348296661453" lon="137.137067442788">
				<ele>16.3792159948498</ele>
				<time>2026-08-02T21:36:24Z</time>
			</trkpt>
			<trkpt lat="34.95352606049654" lon="137.13713398493152">
				<ele>16.195820713415742</ele>
				<time>2026-08-02T21:36:25Z</time>
			</trkpt>
			<trkpt lat="34.95357480238137" lon="137.1372052017635">
				<ele>16.478536226786673</ele>
				<time>2026-08-02T21:36:26Z</time>
			</trkpt>
			<trkpt lat="34.953626749854855" lon="137.13727694513787">
				<ele>16.53292877227068</ele>
				<time>2026-08-02T21:36:27Z</time>
			</trkpt>
			<trkpt lat="34.953678617215594" lon="137.13735031289502">
				<ele>16.308188784867525</ele>
				<time>2026-08-02T21:36:28Z</time>
			</trkpt>
			<trkpt lat="34.953719710913" lon="137.13742755134803">
				<ele>16.330593042075634</ele>
				<time>2026-08-02T21:36:29Z</time>
			</trkpt>
			<trkpt lat="34.9537762660672" lon="137.13750091279095">
				<ele>16.482856264337897</ele>
				<time>2026-08-02T21:36:30Z</time>
			</trkpt>
			<trkpt lat="34.953826939020594" lon="137.1375780707728">
				<ele>16.599584995768964</ele>
				<time>2026-08-02T21:36:31Z</time>
			</trkpt>
			<trkpt lat="34.95388345912148" lon="137.13765567115158">
				<ele>16.535730592906475</ele>
				<time>2026-08-02T21:36:32Z</time>
			</trkpt>
			<trkpt lat="34.953940732253855" lon="137.1377367745441">
				<ele>16.20575873646885</ele>
				<time>2026-08-02T21:36:33Z</time>
			</trkpt>
			<trkpt lat="34.95399430578691" lon="137.1378205848479">
				<ele>16.008711157366633</ele>
				<time>2026-08-02T21:36:34Z</time>
			</trkpt>
			<trkpt lat="34.95404977927304" lon="137.13790557010032">
				<ele>16.125453354790807</ele>
				<time>2026-08-02T21:36:35Z</time>
			</trkpt>
			<trkpt lat="34.9541081799192" lon="137.13799248357344">
				<ele>16.471258210018277</ele>
				<time>2026-08-02T21:36:36Z</time>
			</trkpt>
			<trkpt lat="34.954167010957356" lon="137.13808344550807">
				<ele>16.28655932471156</ele>
				<time>2026-08-02T21:36:37Z</time>
			</trkpt>
			<trkpt lat="34.95422913137218" lon="137.13817047731317">
				<ele>16.372469041496515</ele>
				<time>2026-08-02T21:36:38Z</time>
			</trkpt>
			<trkpt lat="34.954285819453204" lon="137.13825910082542">
				<ele>16.33519627340138</ele>
				<time>2026-08-02T21:36:39Z</time>
			</trkpt>
			<trkpt lat="34.95434464186103" lon="137.13834639228554">
				<ele>16.56006014160812</ele>
				<time>2026-08-02T21:36:40Z</time>
			</trkpt>
			<trkpt lat="34.95440518579985" lon="137.13843300531533">
				<ele>16.533319480717182</ele>
				<time>2026-08-02T21:36:41Z</time>
			</trkpt>
			<trkpt lat="34.95446470345059" lon="137.1385228592372">
				<ele>16.667828688398004</ele>
				<time>2026-08-02T21:36:42Z</time>
			</trkpt>
			<trkpt lat="34.95452564013803" lon="137.1386113975358">
				<ele>16.80272992979735</ele>
				<time>2026-08-02T21:36:43Z</time>
			</trkpt>
			<trkpt lat="34.95458685706904" lon="137.13870208726976">
				<ele>17.05096055381</ele>
				<time>2026-08-02T21:36:44Z</time>
			</trkpt>
			<trkpt lat="34.9546474508509" lon="137.13879143764314">
				<ele>17.03974697366357</ele>
				<time>2026-08-02T21:36:45Z</time>
			</trkpt>
			<trkpt lat="34.95470589496414" lon="137.1388784386245">
				<ele>17.00316676683724</ele>
				<time>2026-08-02T21:36:46Z</time>
			</trkpt>
			<trkpt lat="34.95476362447105" lon="137.13896513881807">
				<ele>17.19376603513956</ele>
				<time>2026-08-02T21:36:47Z</time>
			</trkpt>
			<trkpt lat="34.95481220368554" lon="137.13905179625158">
				<ele>17.153416079469025</ele>
				<time>2026-08-02T21:36:48Z</time>
			</trkpt>
			<trkpt lat="34.95484301663894" lon="137.13913929255563">
				<ele>17.10956999938935</ele>
				<time>2026-08-02T21:36:49Z</time>
			</trkpt>
			<trkpt lat="34.95485520875575" lon="137.13922689189639">
				<ele>16.949383657425642</ele>
				<time>2026-08-02T21:36:50Z</time>
			</trkpt>
			<trkpt lat="34.9548593307891" lon="137.13931872964798">
				<ele>16.928596476092935</ele>
				<time>2026-08-02T21:36:51Z</time>
			</trkpt>
			<trkpt lat="34.95486634592758" lon="137.13941048320862">
				<ele>16.89775536209345</ele>
				<time>2026-08-02T21:36:52Z</time>
			</trkpt>
			<trkpt lat="34.95487805018275" lon="137.1395011542503">
				<ele>17.003142521716654</ele>
				<time>2026-08-02T21:36:53Z</time>
			</trkpt>
			<trkpt lat="34.95489117112469" lon="137.13958440119055">
				<ele>16.929963381960988</ele>
				<time>2026-08-02T21:36:54Z</time>
			</trkpt>
			<trkpt lat="34.95490072615642" lon="137.13965356811352">
				<ele>16.72340566199273</ele>
				<time>2026-08-02T21:36:55Z</time>
			</trkpt>
			<trkpt lat="34.95490632994322" lon="137.13969283628748">
				<ele>16.639962079003453</ele>
				<time>2026-08-02T21:36:56Z</time>
			</trkpt>
			<trkpt lat="34.954907834449386" lon="137.13973959835576">
				<ele>15.988456075079739</ele>
				<time>2026-08-02T21:37:06Z</time>
			</trkpt>
			<trkpt lat="34.95491246604278" lon="137.13978438346962">
				<ele>16.083162278868258</ele>
				<time>2026-08-02T21:37:07Z</time>
			</trkpt>
			<trkpt lat="34.95491706080212" lon="137.1398267106981">
				<ele>16.475647324696183</ele>
				<time>2026-08-02T21:37:08Z</time>
			</trkpt>
			<trkpt lat="34.954922222343995" lon="137.13986259888148">
				<ele>16.487169955857098</ele>
				<time>2026-08-02T21:37:09Z</time>
			</trkpt>
			<trkpt lat="34.95492921337981" lon="137.13990568988197">
				<ele>16.44890665821731</ele>
				<time>2026-08-02T21:37:10Z</time>
			</trkpt>
			<trkpt lat="34.95493745343426" lon="137.13996071072717">
				<ele>16.558967829681933</ele>
				<time>2026-08-02T21:37:11Z</time>
			</trkpt>
			<trkpt lat="34.95494605311459" lon="137.14002417131547">
				<ele>16.65321424137801</ele>
				<time>2026-08-02T21:37:12Z</time>
			</trkpt>
			<trkpt lat="34.9549525789416" lon="137.14009453842738">
				<ele>16.65914088115096</ele>
				<time>2026-08-02T21:37:13Z</time>
			</trkpt>
			<trkpt lat="34.954964434640424" lon="137.14016801392725">
				<ele>16.888648559339345</ele>
				<time>2026-08-02T21:37:14Z</time>
			</trkpt>
			<trkpt lat="34.95497316823364" lon="137.14023693761254">
				<ele>16.822743172757328</ele>
				<time>2026-08-02T21:37:15Z</time>
			</trkpt>
			<trkpt lat="34.95498357830282" lon="137.1403111195113">
				<ele>16.79088748060167</ele>
				<time>2026-08-02T21:37:16Z</time>
			</trkpt>
			<trkpt lat="34.95499564142701" lon="137.1403887433038">
				<ele>16.8591931136325</ele>
				<time>2026-08-02T21:37:17Z</time>
			</trkpt>
			<trkpt lat="34.95500558949573" lon="137.14046975966147">
				<ele>16.914810372516513</ele>
				<time>2026-08-02T21:37:18Z</time>
			</trkpt>
			<trkpt lat="34.95501588310053" lon="137.1405504627846">
				<ele>17.082596642896533</ele>
				<time>2026-08-02T21:37:19Z</time>
			</trkpt>
			<trkpt lat="34.95502827078089" lon="137.14062886280598">
				<ele>16.902612570673227</ele>
				<time>2026-08-02T21:37:20Z</time>
			</trkpt>
			<trkpt lat="34.955039985448984" lon="137.14070947700495">
				<ele>16.77446547243744</ele>
				<time>2026-08-02T21:37:21Z</time>
			</trkpt>
			<trkpt lat="34.95505265717846" lon="137.1407916977802">
				<ele>16.692987493239343</ele>
				<time>2026-08-02T21:37:22Z</time>
			</trkpt>
			<trkpt lat="34.95506524544042" lon="137.14087560418005">
				<ele>16.605933672748506</ele>
				<time>2026-08-02T21:37:23Z</time>
			</trkpt>
			<trkpt lat="34.95507723720765" lon="137.1409615818666">
				<ele>16.655676206573844</ele>
				<time>2026-08-02T21:37:24Z</time>
			</trkpt>
			<trkpt lat="34.955087623255" lon="137.1410476118844">
				<ele>16.791302140802145</ele>
				<time>2026-08-02T21:37:25Z</time>
			</trkpt>
			<trkpt lat="34.95510011842502" lon="137.14112479784418">
				<ele>16.81671753898263</ele>
				<time>2026-08-02T21:37:26Z</time>
			</trkpt>
			<trkpt lat="34.95511001267418" lon="137.1412000531813">
				<ele>16.728462821803987</ele>
				<time>2026-08-02T21:37:27Z</time>
			</trkpt>
			<trkpt lat="34.95511914347526" lon="137.14126938800686">
				<ele>16.863450596109033</ele>
				<time>2026-08-02T21:37:28Z</time>
			</trkpt>
			<trkpt lat="34.95512653274574" lon="137.1413205363391">
				<ele>16.76893924549222</ele>
				<time>2026-08-02T21:37:29Z</time>
			</trkpt>
			<trkpt lat="34.95512999794746" lon="137.1413555434607">
				<ele>16.767771849408746</ele>
				<time>2026-08-02T21:37:30Z</time>
			</trkpt>
			<trkpt lat="34.9551339258241" lon="137.14137991073702">
				<ele>16.830629487521946</ele>
				<time>2026-08-02T21:37:31Z</time>
			</trkpt>
			<trkpt lat="34.95513640086731" lon="137.1414032119617">
				<ele>16.6246023401618</ele>
				<time>2026-08-02T21:37:33Z</time>
			</trkpt>
			<trkpt lat="34.955152550476654" lon="137.14143669034732">
				<ele>16.92542160116136</ele>
				<time>2026-08-02T21:37:42Z</time>
			</trkpt>
			<trkpt lat="34.95515742731568" lon="137.14146750239624">
				<ele>16.833363849669695</ele>
				<time>2026-08-02T21:37:43Z</time>
			</trkpt>
			<trkpt lat="34.9551629034784" lon="137.14150210099288">
				<ele>16.762406980618834</ele>
				<time>2026-08-02T21:37:44Z</time>
			</trkpt>
			<trkpt lat="34.95516838527445" lon="137.14153673516353">
				<ele>16.601938230916858</ele>
				<time>2026-08-02T21:37:45Z</time>
			</trkpt>
			<trkpt lat="34.95517530228377" lon="137.14158043707096">
				<ele>16.472800178453326</ele>
				<time>2026-08-02T21:37:46Z</time>
			</trkpt>
			<trkpt lat="34.955183586874305" lon="137.14163277940446">
				<ele>16.459708515554667</ele>
				<time>2026-08-02T21:37:47Z</time>
			</trkpt>
			<trkpt lat="34.95517764251598" lon="137.14169495195608">
				<ele>16.75248910393566</ele>
				<time>2026-08-02T21:37:48Z</time>
			</trkpt>
			<trkpt lat="34.955189480219346" lon="137.14175132110486">
				<ele>16.68436032626778</ele>
				<time>2026-08-02T21:37:49Z</time>
			</trkpt>
			<trkpt lat="34.95520856537789" lon="137.14180870663796">
				<ele>16.487198980525136</ele>
				<time>2026-08-02T21:37:50Z</time>
			</trkpt>
			<trkpt lat="34.95523910328263" lon="137.14186281677183">
				<ele>16.38862487208098</ele>
				<time>2026-08-02T21:37:51Z</time>
			</trkpt>
			<trkpt lat="34.955280315659046" lon="137.14191152316747">
				<ele>16.483599819242954</ele>
				<time>2026-08-02T21:37:52Z</time>
			</trkpt>
			<trkpt lat="34.95533145819125" lon="137.141951783556">
				<ele>16.3736212272197</ele>
				<time>2026-08-02T21:37:53Z</time>
			</trkpt>
			<trkpt lat="34.95538617521709" lon="137.14199004686606">
				<ele>16.446837049908936</ele>
				<time>2026-08-02T21:37:54Z</time>
			</trkpt>
			<trkpt lat="34.955440850596084" lon="137.14202282717133">
				<ele>16.4366687014699</ele>
				<time>2026-08-02T21:37:55Z</time>
			</trkpt>
			<trkpt lat="34.9555056378743" lon="137.1420659970491">
				<ele>16.123780198395252</ele>
				<time>2026-08-02T21:37:56Z</time>
			</trkpt>
			<trkpt lat="34.95556873789087" lon="137.14210263191632">
				<ele>16.13932898454368</ele>
				<time>2026-08-02T21:37:57Z</time>
			</trkpt>
			<trkpt lat="34.95563220854694" lon="137.14214588113632">
				<ele>16.11137915868312</ele>
				<time>2026-08-02T21:37:58Z</time>
			</trkpt>
			<trkpt lat="34.955702442662734" lon="137.14219555915534">
				<ele>16.134290251880884</ele>
				<time>2026-08-02T21:37:59Z</time>
			</trkpt>
			<trkpt lat="34.955776724280334" lon="137.14224506710744">
				<ele>16.24659434147179</ele>
				<time>2026-08-02T21:38:00Z</time>
			</trkpt>
			<trkpt lat="34.955853572187706" lon="137.1423002568404">
				<ele>16.399658212438226</ele>
				<time>2026-08-02T21:38:01Z</time>
			</trkpt>
			<trkpt lat="34.9559334748947" lon="137.1423547650706">
				<ele>16.209566208533943</ele>
				<time>2026-08-02T21:38:02Z</time>
			</trkpt>
			<trkpt lat="34.95601334236979" lon="137.1424111377116">
				<ele>16.37948773894459</ele>
				<time>2026-08-02T21:38:03Z</time>
			</trkpt>
			<trkpt lat="34.956094938538726" lon="137.142468658948">
				<ele>16.40724464133382</ele>
				<time>2026-08-02T21:38:04Z</time>
			</trkpt>
			<trkpt lat="34.95617774455699" lon="137.14252557088585">
				<ele>16.178417215123773</ele>
				<time>2026-08-02T21:38:05Z</time>
			</trkpt>
			<trkpt lat="34.95626466200878" lon="137.14258496621346">
				<ele>16.354547918774188</ele>
				<time>2026-08-02T21:38:06Z</time>
			</trkpt>
			<trkpt lat="34.95635115585829" lon="137.14264817524761">
				<ele>16.36039758939296</ele>
				<time>2026-08-02T21:38:07Z</time>
			</trkpt>
			<trkpt lat="34.95643632960099" lon="137.1427065355719">
				<ele>16.4430477283895</ele>
				<time>2026-08-02T21:38:08Z</time>
			</trkpt>
			<trkpt lat="34.95652133983747" lon="137.14276497089796">
				<ele>16.39331880118698</ele>
				<time>2026-08-02T21:38:09Z</time>
			</trkpt>
			<trkpt lat="34.95660817381346" lon="137.14282546202324">
				<ele>16.49265900719911</ele>
				<time>2026-08-02T21:38:10Z</time>
			</trkpt>
			<trkpt lat="34.9566965066135" lon="137.14288445250983">
				<ele>16.567976823076606</ele>
				<time>2026-08-02T21:38:11Z</time>
			</trkpt>
			<trkpt lat="34.95678263487607" lon="137.14293937673577">
				<ele>16.632802100852132</ele>
				<time>2026-08-02T21:38:12Z</time>
			</trkpt>
			<trkpt lat="34.95686906793716" lon="137.14299682020385">
				<ele>16.604885910637677</ele>
				<time>2026-08-02T21:38:13Z</time>
			</trkpt>
			<trkpt lat="34.956953999221135" lon="137.14305282429115">
				<ele>16.74768070038408</ele>
				<time>2026-08-02T21:38:14Z</time>
			</trkpt>
			<trkpt lat="34.9570345904083" lon="137.14310686059517">
				<ele>16.888755946420133</ele>
				<time>2026-08-02T21:38:15Z</time>
			</trkpt>
			<trkpt lat="34.95711122869935" lon="137.14315727634587">
				<ele>16.73869016766548</ele>
				<time>2026-08-02T21:38:16Z</time>
			</trkpt>
			<trkpt lat="34.957185586700554" lon="137.14320474738952">
				<ele>16.537459922023118</ele>
				<time>2026-08-02T21:38:17Z</time>
			</trkpt>
			<trkpt lat="34.95725815614061" lon="137.14325052914168">
				<ele>16.735102702863514</ele>
				<time>2026-08-02T21:38:18Z</time>
			</trkpt>
			<trkpt lat="34.957325506552095" lon="137.1432947721051">
				<ele>16.818244989030063</ele>
				<time>2026-08-02T21:38:19Z</time>
			</trkpt>
			<trkpt lat="34.9573924850921" lon="137.14333889214657">
				<ele>16.80395586974919</ele>
				<time>2026-08-02T21:38:20Z</time>
			</trkpt>
			<trkpt lat="34.957460638658134" lon="137.14337965232983">
				<ele>16.6604818161577</ele>
				<time>2026-08-02T21:38:21Z</time>
			</trkpt>
			<trkpt lat="34.95752554130713" lon="137.1434238708087">
				<ele>16.904864748939872</ele>
				<time>2026-08-02T21:38:22Z</time>
			</trkpt>
			<trkpt lat="34.95758737202929" lon="137.143468000158">
				<ele>16.61381173878908</ele>
				<time>2026-08-02T21:38:23Z</time>
			</trkpt>
			<trkpt lat="34.957649859112045" lon="137.14351319571352">
				<ele>16.61985792312771</ele>
				<time>2026-08-02T21:38:24Z</time>
			</trkpt>
			<trkpt lat="34.95771037439002" lon="137.1435557102115">
				<ele>16.450131664052606</ele>
				<time>2026-08-02T21:38:25Z</time>
			</trkpt>
			<trkpt lat="34.95777220444712" lon="137.1435961339371">
				<ele>16.58067403640598</ele>
				<time>2026-08-02T21:38:26Z</time>
			</trkpt>
			<trkpt lat="34.95783146184571" lon="137.14363707231647">
				<ele>16.486680063419044</ele>
				<time>2026-08-02T21:38:27Z</time>
			</trkpt>
			<trkpt lat="34.95789512874141" lon="137.1436790116272">
				<ele>16.71266285981983</ele>
				<time>2026-08-02T21:38:28Z</time>
			</trkpt>
			<trkpt lat="34.957963831344" lon="137.14372453242862">
				<ele>16.53023804165423</ele>
				<time>2026-08-02T21:38:29Z</time>
			</trkpt>
			<trkpt lat="34.958035121943766" lon="137.14377148761346">
				<ele>16.519514235667884</ele>
				<time>2026-08-02T21:38:30Z</time>
			</trkpt>
			<trkpt lat="34.958105360648155" lon="137.14381962005714">
				<ele>16.673005247488618</ele>
				<time>2026-08-02T21:38:31Z</time>
			</trkpt>
			<trkpt lat="34.95817758043481" lon="137.14386944125349">
				<ele>16.79124467819929</ele>
				<time>2026-08-02T21:38:32Z</time>
			</trkpt>
			<trkpt lat="34.95825140677469" lon="137.14392276720523">
				<ele>16.939170056022704</ele>
				<time>2026-08-02T21:38:33Z</time>
			</trkpt>
			<trkpt lat="34.9583209939533" lon="137.14397858092235">
				<ele>16.8090342534706</ele>
				<time>2026-08-02T21:38:34Z</time>
			</trkpt>
			<trkpt lat="34.9583926244689" lon="137.14402989803142">
				<ele>16.946662212722003</ele>
				<time>2026-08-02T21:38:35Z</time>
			</trkpt>
			<trkpt lat="34.9584636681598" lon="137.14408058514474">
				<ele>16.62236720509827</ele>
				<time>2026-08-02T21:38:36Z</time>
			</trkpt>
			<trkpt lat="34.95853619682599" lon="137.14413361786058">
				<ele>16.58217026013881</ele>
				<time>2026-08-02T21:38:37Z</time>
			</trkpt>
			<trkpt lat="34.9586060492584" lon="137.14418429608844">
				<ele>16.16851220652461</ele>
				<time>2026-08-02T21:38:38Z</time>
			</trkpt>
			<trkpt lat="34.9586801115865" lon="137.1442335339528">
				<ele>15.847674636170268</ele>
				<time>2026-08-02T21:38:39Z</time>
			</trkpt>
			<trkpt lat="34.95875594781277" lon="137.14428166311987">
				<ele>15.475406127050519</ele>
				<time>2026-08-02T21:38:40Z</time>
			</trkpt>
			<trkpt lat="34.95882860624846" lon="137.1443317793828">
				<ele>15.221430541016161</ele>
				<time>2026-08-02T21:38:41Z</time>
			</trkpt>
			<trkpt lat="34.95889998558443" lon="137.14437995184454">
				<ele>15.009856253862381</ele>
				<time>2026-08-02T21:38:42Z</time>
			</trkpt>
			<trkpt lat="34.958971280336726" lon="137.1444269251949">
				<ele>14.963542728684843</ele>
				<time>2026-08-02T21:38:43Z</time>
			</trkpt>
			<trkpt lat="34.95903215636387" lon="137.14446978668732">
				<ele>15.31358237285167</ele>
				<time>2026-08-02T21:38:44Z</time>
			</trkpt>
			<trkpt lat="34.95909325600503" lon="137.14451019692487">
				<ele>15.495067150332034</ele>
				<time>2026-08-02T21:38:45Z</time>
			</trkpt>
			<trkpt lat="34.95914447478958" lon="137.14454763004764">
				<ele>16.01831583864987</ele>
				<time>2026-08-02T21:38:46Z</time>
			</trkpt>
			<trkpt lat="34.95919922512674" lon="137.14457524531042">
				<ele>16.220463623292744</ele>
				<time>2026-08-02T21:38:47Z</time>
			</trkpt>
			<trkpt lat="34.95924112149522" lon="137.14459884099904">
				<ele>16.64396288432181</ele>
				<time>2026-08-02T21:38:48Z</time>
			</trkpt>
			<trkpt lat="34.95927539319109" lon="137.14461653383606">
				<ele>16.951301343739033</ele>
				<time>2026-08-02T21:38:49Z</time>
			</trkpt>
			<trkpt lat="34.959297566496346" lon="137.14463122864677">
				<ele>17.045455067418516</ele>
				<time>2026-08-02T21:38:50Z</time>
			</trkpt>
			<trkpt lat="34.95931828519809" lon="137.14464366650245">
				<ele>17.16689429897815</ele>
				<time>2026-08-02T21:38:51Z</time>
			</trkpt>
			<trkpt lat="34.959334573387046" lon="137.14465760967315">
				<ele>17.265875997021794</ele>
				<time>2026-08-02T21:38:53Z</time>
			</trkpt>
			<trkpt lat="34.95935608199705" lon="137.14470686716732">
				<ele>16.8097949558869</ele>
				<time>2026-08-02T21:39:42Z</time>
			</trkpt>
			<trkpt lat="34.959381148928244" lon="137.14472520096007">
				<ele>17.056673804298043</ele>
				<time>2026-08-02T21:39:43Z</time>
			</trkpt>
			<trkpt lat="34.95941457712519" lon="137.14474421132496">
				<ele>17.129452185705304</ele>
				<time>2026-08-02T21:39:44Z</time>
			</trkpt>
			<trkpt lat="34.95944611750011" lon="137.14476563859745">
				<ele>17.323572320863605</ele>
				<time>2026-08-02T21:39:45Z</time>
			</trkpt>
			<trkpt lat="34.959473553681555" lon="137.1447815626566">
				<ele>17.287959133274853</ele>
				<time>2026-08-02T21:39:46Z</time>
			</trkpt>
			<trkpt lat="34.95950639939288" lon="137.1448027092998">
				<ele>17.108232084661722</ele>
				<time>2026-08-02T21:39:47Z</time>
			</trkpt>
			<trkpt lat="34.95954693027678" lon="137.14482975032774">
				<ele>17.435910388827324</ele>
				<time>2026-08-02T21:39:48Z</time>
			</trkpt>
			<trkpt lat="34.95959533082906" lon="137.1448622048918">
				<ele>17.60284444410354</ele>
				<time>2026-08-02T21:39:49Z</time>
			</trkpt>
			<trkpt lat="34.959642276140116" lon="137.144897087417">
				<ele>17.599537996575236</ele>
				<time>2026-08-02T21:39:50Z</time>
			</trkpt>
			<trkpt lat="34.95968995489794" lon="137.14492914461545">
				<ele>17.52251537144184</ele>
				<time>2026-08-02T21:39:51Z</time>
			</trkpt>
			<trkpt lat="34.9597455168171" lon="137.14496245168962">
				<ele>17.489598023705184</ele>
				<time>2026-08-02T21:39:52Z</time>
			</trkpt>
			<trkpt lat="34.95980258564461" lon="137.14499905031903">
				<ele>17.586352734826505</ele>
				<time>2026-08-02T21:39:53Z</time>
			</trkpt>
			<trkpt lat="34.95987101646466" lon="137.1450355582795">
				<ele>17.508668021298945</ele>
				<time>2026-08-02T21:39:54Z</time>
			</trkpt>
			<trkpt lat="34.95994471695238" lon="137.14508104101412">
				<ele>17.632647802121937</ele>
				<time>2026-08-02T21:39:55Z</time>
			</trkpt>
			<trkpt lat="34.960011807258496" lon="137.14514056966388">
				<ele>17.66058167349547</ele>
				<time>2026-08-02T21:39:56Z</time>
			</trkpt>
			<trkpt lat="34.96008621959297" lon="137.14520159585442">
				<ele>17.79156502149999</ele>
				<time>2026-08-02T21:39:57Z</time>
			</trkpt>
			<trkpt lat="34.96015742921602" lon="137.14525721751014">
				<ele>18.0304989060387</ele>
				<time>2026-08-02T21:39:58Z</time>
			</trkpt>
			<trkpt lat="34.96022548456526" lon="137.1453087750266">
				<ele>18.176683699712157</ele>
				<time>2026-08-02T21:39:59Z</time>
			</trkpt>
			<trkpt lat="34.96029349305058" lon="137.145350046949">
				<ele>18.31587427202612</ele>
				<time>2026-08-02T21:40:00Z</time>
			</trkpt>
			<trkpt lat="34.96035406026384" lon="137.14538770287456">
				<ele>18.49180785752833</ele>
				<time>2026-08-02T21:40:01Z</time>
			</trkpt>
			<trkpt lat="34.96040597835901" lon="137.14542674538046">
				<ele>18.230529751628637</ele>
				<time>2026-08-02T21:40:02Z</time>
			</trkpt>
			<trkpt lat="34.96045084345148" lon="137.14546725295318">
				<ele>18.725134226493537</ele>
				<time>2026-08-02T21:40:03Z</time>
			</trkpt>
			<trkpt lat="34.960497022862775" lon="137.1454902475305">
				<ele>18.846413808874786</ele>
				<time>2026-08-02T21:40:04Z</time>
			</trkpt>
			<trkpt lat="34.96053043975474" lon="137.14551461631663">
				<ele>18.87470034044236</ele>
				<time>2026-08-02T21:40:05Z</time>
			</trkpt>
			<trkpt lat="34.96056121472577" lon="137.14553616477008">
				<ele>18.907647332176566</ele>
				<time>2026-08-02T21:40:06Z</time>
			</trkpt>
			<trkpt lat="34.96057794908368" lon="137.1455678547771">
				<ele>18.91835900582373</ele>
				<time>2026-08-02T21:40:07Z</time>
			</trkpt>
			<trkpt lat="34.96049490580624" lon="137.14577281154456">
				<ele>19.497431555762887</ele>
				<time>2026-08-02T21:40:08Z</time>
			</trkpt>
			<trkpt lat="34.96047184702921" lon="137.14583771740655">
				<ele>19.672969789244235</ele>
				<time>2026-08-02T21:40:09Z</time>
			</trkpt>
			<trkpt lat="34.96044343238079" lon="137.1459081586785">
				<ele>19.588009702973068</ele>
				<time>2026-08-02T21:40:10Z</time>
			</trkpt>
			<trkpt lat="34.96040821225757" lon="137.1459884086504">
				<ele>19.64384802710265</ele>
				<time>2026-08-02T21:40:11Z</time>
			</trkpt>
			<trkpt lat="34.96037973498185" lon="137.14607884686717">
				<ele>20.005887046456337</ele>
				<time>2026-08-02T21:40:12Z</time>
			</trkpt>
			<trkpt lat="34.96034720841706" lon="137.14617622171943">
				<ele>20.18795863352716</ele>
				<time>2026-08-02T21:40:13Z</time>
			</trkpt>
			<trkpt lat="34.960308468729025" lon="137.14628112064293">
				<ele>20.422914694994688</ele>
				<time>2026-08-02T21:40:14Z</time>
			</trkpt>
			<trkpt lat="34.960265088365006" lon="137.14639516690767">
				<ele>20.718536359257996</ele>
				<time>2026-08-02T21:40:15Z</time>
			</trkpt>
			<trkpt lat="34.96022189674937" lon="137.14650072244456">
				<ele>20.854389565065503</ele>
				<time>2026-08-02T21:40:16Z</time>
			</trkpt>
			<trkpt lat="34.96017843950487" lon="137.14660980704258">
				<ele>21.041986129246652</ele>
				<time>2026-08-02T21:40:17Z</time>
			</trkpt>
			<trkpt lat="34.960131876228935" lon="137.14672508029903">
				<ele>21.377286701463163</ele>
				<time>2026-08-02T21:40:18Z</time>
			</trkpt>
			<trkpt lat="34.96008684069835" lon="137.14684627803044">
				<ele>21.830039736814797</ele>
				<time>2026-08-02T21:40:19Z</time>
			</trkpt>
			<trkpt lat="34.960042976656446" lon="137.14697201587933">
				<ele>22.204465279355645</ele>
				<time>2026-08-02T21:40:20Z</time>
			</trkpt>
			<trkpt lat="34.95999747120475" lon="137.14710125164606">
				<ele>22.807966576889157</ele>
				<time>2026-08-02T21:40:21Z</time>
			</trkpt>
			<trkpt lat="34.95995002784885" lon="137.1472317842758">
				<ele>23.32381957396865</ele>
				<time>2026-08-02T21:40:22Z</time>
			</trkpt>
			<trkpt lat="34.9599034024122" lon="137.14736033484616">
				<ele>23.574315082281828</ele>
				<time>2026-08-02T21:40:23Z</time>
			</trkpt>
			<trkpt lat="34.95985691290125" lon="137.14748818158995">
				<ele>24.030321340076625</ele>
				<time>2026-08-02T21:40:24Z</time>
			</trkpt>
			<trkpt lat="34.95981130569267" lon="137.14761569612176">
				<ele>24.651067207567394</ele>
				<time>2026-08-02T21:40:25Z</time>
			</trkpt>
			<trkpt lat="34.959764029492234" lon="137.14774362788023">
				<ele>25.320667852647603</ele>
				<time>2026-08-02T21:40:26Z</time>
			</trkpt>
			<trkpt lat="34.95971791203748" lon="137.14787342071497">
				<ele>25.304384137503803</ele>
				<time>2026-08-02T21:40:27Z</time>
			</trkpt>
			<trkpt lat="34.95967106166272" lon="137.14800535348212">
				<ele>26.25681681279093</ele>
				<time>2026-08-02T21:40:28Z</time>
			</trkpt>
			<trkpt lat="34.95962335722188" lon="137.14813808942057">
				<ele>26.574851016514003</ele>
				<time>2026-08-02T21:40:29Z</time>
			</trkpt>
			<trkpt lat="34.95957585680501" lon="137.14827428605818">
				<ele>27.001065355725586</ele>
				<time>2026-08-02T21:40:30Z</time>
			</trkpt>
			<trkpt lat="34.959530894288335" lon="137.14841470262363">
				<ele>27.34460718370974</ele>
				<time>2026-08-02T21:40:31Z</time>
			</trkpt>
			<trkpt lat="34.95948699873995" lon="137.1485554881834">
				<ele>27.742587286047637</ele>
				<time>2026-08-02T21:40:32Z</time>
			</trkpt>
			<trkpt lat="34.95944476080984" lon="137.14869741270437">
				<ele>27.805437396280468</ele>
				<time>2026-08-02T21:40:33Z</time>
			</trkpt>
			<trkpt lat="34.95940482899895" lon="137.14884214090318">
				<ele>27.665997150354087</ele>
				<time>2026-08-02T21:40:34Z</time>
			</trkpt>
			<trkpt lat="34.95936513903308" lon="137.1489866749039">
				<ele>27.547614474780858</ele>
				<time>2026-08-02T21:40:35Z</time>
			</trkpt>
			<trkpt lat="34.95932635630523" lon="137.1491326333461">
				<ele>27.74166460800916</ele>
				<time>2026-08-02T21:40:36Z</time>
			</trkpt>
			<trkpt lat="34.959289187667444" lon="137.14927813278808">
				<ele>27.821297515183687</ele>
				<time>2026-08-02T21:40:37Z</time>
			</trkpt>
			<trkpt lat="34.9592529887276" lon="137.14942556079748">
				<ele>27.930883363820612</ele>
				<time>2026-08-02T21:40:38Z</time>
			</trkpt>
			<trkpt lat="34.95921826959729" lon="137.14957472554482">
				<ele>28.043615074828267</ele>
				<time>2026-08-02T21:40:39Z</time>
			</trkpt>
			<trkpt lat="34.959184990116796" lon="137.14972604371192">
				<ele>28.248556826263666</ele>
				<time>2026-08-02T21:40:40Z</time>
			</trkpt>
			<trkpt lat="34.959154895334" lon="137.1498738025927">
				<ele>28.352078671567142</ele>
				<time>2026-08-02T21:40:41Z</time>
			</trkpt>
			<trkpt lat="34.959127921395876" lon="137.1500158551542">
				<ele>28.3534724554047</ele>
				<time>2026-08-02T21:40:42Z</time>
			</trkpt>
			<trkpt lat="34.95910356334213" lon="137.15015247216382">
				<ele>28.534262557514012</ele>
				<time>2026-08-02T21:40:43Z</time>
			</trkpt>
			<trkpt lat="34.95908121488212" lon="137.15028315465491">
				<ele>28.67590729892254</ele>
				<time>2026-08-02T21:40:44Z</time>
			</trkpt>
			<trkpt lat="34.95906011995051" lon="137.15040796738913">
				<ele>28.80705728661269</ele>
				<time>2026-08-02T21:40:45Z</time>
			</trkpt>
			<trkpt lat="34.95904111248529" lon="137.15052823297987">
				<ele>28.674843254499137</ele>
				<time>2026-08-02T21:40:46Z</time>
			</trkpt>
			<trkpt lat="34.95902411867484" lon="137.1506457392401">
				<ele>28.57263985928148</ele>
				<time>2026-08-02T21:40:47Z</time>
			</trkpt>
			<trkpt lat="34.95900893613389" lon="137.15076178206877">
				<ele>28.53800995927304</ele>
				<time>2026-08-02T21:40:48Z</time>
			</trkpt>
			<trkpt lat="34.95899472889566" lon="137.15087897080087">
				<ele>28.508112476207316</ele>
				<time>2026-08-02T21:40:49Z</time>
			</trkpt>
			<trkpt lat="34.95898233639355" lon="137.15100105361222">
				<ele>28.24156499374658</ele>
				<time>2026-08-02T21:40:50Z</time>
			</trkpt>
			<trkpt lat="34.95896786484888" lon="137.15112229204715">
				<ele>27.98774175811559</ele>
				<time>2026-08-02T21:40:51Z</time>
			</trkpt>
			<trkpt lat="34.958952833231194" lon="137.1512476078352">
				<ele>27.589185849763453</ele>
				<time>2026-08-02T21:40:52Z</time>
			</trkpt>
			<trkpt lat="34.95893581825429" lon="137.1513807066978">
				<ele>27.215672173537314</ele>
				<time>2026-08-02T21:40:53Z</time>
			</trkpt>
			<trkpt lat="34.95891871003701" lon="137.15151879083788">
				<ele>26.635330254212022</ele>
				<time>2026-08-02T21:40:54Z</time>
			</trkpt>
			<trkpt lat="34.95890066412279" lon="137.15166325629082">
				<ele>26.31898996885866</ele>
				<time>2026-08-02T21:40:55Z</time>
			</trkpt>
			<trkpt lat="34.95888352614148" lon="137.15180960158517">
				<ele>26.147437832318246</ele>
				<time>2026-08-02T21:40:56Z</time>
			</trkpt>
			<trkpt lat="34.9588710714402" lon="137.1519567288826">
				<ele>25.727444604039192</ele>
				<time>2026-08-02T21:40:57Z</time>
			</trkpt>
			<trkpt lat="34.95886387933852" lon="137.152100815904">
				<ele>25.333840743638575</ele>
				<time>2026-08-02T21:40:58Z</time>
			</trkpt>
			<trkpt lat="34.958861647952226" lon="137.15224128254656">
				<ele>24.839960604906082</ele>
				<time>2026-08-02T21:40:59Z</time>
			</trkpt>
			<trkpt lat="34.958864479132515" lon="137.1523798074163">
				<ele>24.4346708888188</ele>
				<time>2026-08-02T21:41:00Z</time>
			</trkpt>
			<trkpt lat="34.958872029432506" lon="137.15251982058544">
				<ele>24.187634479254484</ele>
				<time>2026-08-02T21:41:01Z</time>
			</trkpt>
			<trkpt lat="34.95888218623795" lon="137.15266499989824">
				<ele>23.97332983184606</ele>
				<time>2026-08-02T21:41:02Z</time>
			</trkpt>
			<trkpt lat="34.958893591473796" lon="137.15281255200392">
				<ele>23.705761197023094</ele>
				<time>2026-08-02T21:41:03Z</time>
			</trkpt>
			<trkpt lat="34.95890265722006" lon="137.1529606449531">
				<ele>22.908386114053428</ele>
				<time>2026-08-02T21:41:04Z</time>
			</trkpt>
			<trkpt lat="34.958911037971774" lon="137.1531080385811">
				<ele>22.47643204871565</ele>
				<time>2026-08-02T21:41:05Z</time>
			</trkpt>
			<trkpt lat="34.95891927649082" lon="137.15325368230782">
				<ele>22.240422625094652</ele>
				<time>2026-08-02T21:41:06Z</time>
			</trkpt>
			<trkpt lat="34.958922634092794" lon="137.15339611555092">
				<ele>21.81325196567923</ele>
				<time>2026-08-02T21:41:07Z</time>
			</trkpt>
			<trkpt lat="34.958920524459195" lon="137.15353388409875">
				<ele>21.65276734624058</ele>
				<time>2026-08-02T21:41:08Z</time>
			</trkpt>
			<trkpt lat="34.95891407072376" lon="137.1536643366829">
				<ele>21.6173707684502</ele>
				<time>2026-08-02T21:41:09Z</time>
			</trkpt>
			<trkpt lat="34.95890535035086" lon="137.15379047380299">
				<ele>21.621913366019726</ele>
				<time>2026-08-02T21:41:10Z</time>
			</trkpt>
			<trkpt lat="34.95889635040307" lon="137.153912396171">
				<ele>21.569359364919364</ele>
				<time>2026-08-02T21:41:11Z</time>
			</trkpt>
			<trkpt lat="34.95888251897158" lon="137.15402840798103">
				<ele>21.32612208276987</ele>
				<time>2026-08-02T21:41:12Z</time>
			</trkpt>
			<trkpt lat="34.958863620329495" lon="137.15415056861193">
				<ele>21.33594493381679</ele>
				<time>2026-08-02T21:41:13Z</time>
			</trkpt>
			<trkpt lat="34.95885878810584" lon="137.15425824393262">
				<ele>21.130035739392042</ele>
				<time>2026-08-02T21:41:14Z</time>
			</trkpt>
			<trkpt lat="34.958848636931805" lon="137.15437080831884">
				<ele>21.086564620025456</ele>
				<time>2026-08-02T21:41:15Z</time>
			</trkpt>
			<trkpt lat="34.958840679776436" lon="137.15446372724463">
				<ele>21.070523909293115</ele>
				<time>2026-08-02T21:41:16Z</time>
			</trkpt>
			<trkpt lat="34.95883439729481" lon="137.15454657994914">
				<ele>21.10917874146253</ele>
				<time>2026-08-02T21:41:17Z</time>
			</trkpt>
			<trkpt lat="34.95882674375024" lon="137.1546243485436">
				<ele>20.853947956115007</ele>
				<time>2026-08-02T21:41:18Z</time>
			</trkpt>
			<trkpt lat="34.95882064801835" lon="137.15470367647106">
				<ele>20.76108894869685</ele>
				<time>2026-08-02T21:41:19Z</time>
			</trkpt>
			<trkpt lat="34.95881435325632" lon="137.1547814854152">
				<ele>20.791249555535614</ele>
				<time>2026-08-02T21:41:20Z</time>
			</trkpt>
			<trkpt lat="34.958807873382035" lon="137.15484940972743">
				<ele>20.935103684663773</ele>
				<time>2026-08-02T21:41:21Z</time>
			</trkpt>
			<trkpt lat="34.95880076946907" lon="137.15490528523307">
				<ele>20.96122065745294</ele>
				<time>2026-08-02T21:41:22Z</time>
			</trkpt>
			<trkpt lat="34.95879624994484" lon="137.15494468996">
				<ele>21.077906752936542</ele>
				<time>2026-08-02T21:41:23Z</time>
			</trkpt>
			<trkpt lat="34.95879350103958" lon="137.15497063868943">
				<ele>21.024017730727792</ele>
				<time>2026-08-02T21:41:24Z</time>
			</trkpt>
			<trkpt lat="34.95878182177472" lon="137.15499952826457">
				<ele>22.386477536521852</ele>
				<time>2026-08-02T21:41:43Z</time>
			</trkpt>
			<trkpt lat="34.95877712492849" lon="137.15504053298815">
				<ele>22.16485631559044</ele>
				<time>2026-08-02T21:42:42Z</time>
			</trkpt>
			<trkpt lat="34.95877486675948" lon="137.15506751612702">
				<ele>22.065153814852238</ele>
				<time>2026-08-02T21:42:43Z</time>
			</trkpt>
			<trkpt lat="34.958769656887625" lon="137.15510029513243">
				<ele>22.045048287138343</ele>
				<time>2026-08-02T21:42:44Z</time>
			</trkpt>
			<trkpt lat="34.958766306156356" lon="137.15514047329282">
				<ele>21.902710614725947</ele>
				<time>2026-08-02T21:42:45Z</time>
			</trkpt>
			<trkpt lat="34.95875937200203" lon="137.15517994054375">
				<ele>21.695195650681853</ele>
				<time>2026-08-02T21:42:46Z</time>
			</trkpt>
			<trkpt lat="34.95875306908926" lon="137.15521707970242">
				<ele>21.491847030818462</ele>
				<time>2026-08-02T21:42:47Z</time>
			</trkpt>
			<trkpt lat="34.958750518467454" lon="137.15525033122034">
				<ele>21.435049302875996</ele>
				<time>2026-08-02T21:42:48Z</time>
			</trkpt>
			<trkpt lat="34.95876180534717" lon="137.15527891423733">
				<ele>21.21729116421193</ele>
				<time>2026-08-02T21:42:49Z</time>
			</trkpt>
			<trkpt lat="34.958783429134655" lon="137.1553123593551">
				<ele>21.185248170048</ele>
				<time>2026-08-02T21:42:50Z</time>
			</trkpt>
			<trkpt lat="34.95882281102113" lon="137.15533501997328">
				<ele>21.165004305541515</ele>
				<time>2026-08-02T21:42:51Z</time>
			</trkpt>
			<trkpt lat="34.95888908219897" lon="137.15534287975137">
				<ele>20.903469135053456</ele>
				<time>2026-08-02T21:42:52Z</time>
			</trkpt>
			<trkpt lat="34.95895152924761" lon="137.15534420794634">
				<ele>20.821256863884628</ele>
				<time>2026-08-02T21:42:53Z</time>
			</trkpt>
			<trkpt lat="34.95901280595602" lon="137.15534273862107">
				<ele>20.700827199034393</ele>
				<time>2026-08-02T21:42:54Z</time>
			</trkpt>
			<trkpt lat="34.95908599132077" lon="137.1553481104842">
				<ele>20.52613276988268</ele>
				<time>2026-08-02T21:42:55Z</time>
			</trkpt>
			<trkpt lat="34.95916052284645" lon="137.15536006044022">
				<ele>20.602030515670776</ele>
				<time>2026-08-02T21:42:56Z</time>
			</trkpt>
			<trkpt lat="34.959239832009025" lon="137.15536866957856">
				<ele>20.519259088672698</ele>
				<time>2026-08-02T21:42:57Z</time>
			</trkpt>
			<trkpt lat="34.95932240909096" lon="137.15538131533717">
				<ele>20.430213075131178</ele>
				<time>2026-08-02T21:42:58Z</time>
			</trkpt>
			<trkpt lat="34.95940861570199" lon="137.15539402744022">
				<ele>20.408002560958266</ele>
				<time>2026-08-02T21:42:59Z</time>
			</trkpt>
			<trkpt lat="34.95949386393486" lon="137.15540549853105">
				<ele>20.102658138610423</ele>
				<time>2026-08-02T21:43:00Z</time>
			</trkpt>
			<trkpt lat="34.95957683227131" lon="137.15542154733083">
				<ele>19.984897506423295</ele>
				<time>2026-08-02T21:43:01Z</time>
			</trkpt>
			<trkpt lat="34.95965837963269" lon="137.15543402728724">
				<ele>19.78691555839032</ele>
				<time>2026-08-02T21:43:02Z</time>
			</trkpt>
			<trkpt lat="34.95973978990261" lon="137.15544598181418">
				<ele>19.876577763818204</ele>
				<time>2026-08-02T21:43:03Z</time>
			</trkpt>
			<trkpt lat="34.95982347327971" lon="137.15545753462308">
				<ele>19.72098615858704</ele>
				<time>2026-08-02T21:43:04Z</time>
			</trkpt>
			<trkpt lat="34.95990569653214" lon="137.1554700488975">
				<ele>19.41425370797515</ele>
				<time>2026-08-02T21:43:05Z</time>
			</trkpt>
			<trkpt lat="34.95998271676659" lon="137.15548404768316">
				<ele>19.371159847825766</ele>
				<time>2026-08-02T21:43:06Z</time>
			</trkpt>
			<trkpt lat="34.96005274607545" lon="137.1554927354012">
				<ele>19.310266726650298</ele>
				<time>2026-08-02T21:43:07Z</time>
			</trkpt>
			<trkpt lat="34.96011058324504" lon="137.15550111979167">
				<ele>19.22233014460653</ele>
				<time>2026-08-02T21:43:08Z</time>
			</trkpt>
			<trkpt lat="34.96016202512345" lon="137.15550591889055">
				<ele>19.168577406555414</ele>
				<time>2026-08-02T21:43:09Z</time>
			</trkpt>
			<trkpt lat="34.96020196987028" lon="137.15550591530953">
				<ele>19.292773196473718</ele>
				<time>2026-08-02T21:43:10Z</time>
			</trkpt>
			<trkpt lat="34.960230199345986" lon="137.15550932768596">
				<ele>19.215549285523593</ele>
				<time>2026-08-02T21:43:11Z</time>
			</trkpt>
			<trkpt lat="34.960253618114905" lon="137.15550480812502">
				<ele>19.178674911148846</ele>
				<time>2026-08-02T21:43:12Z</time>
			</trkpt>
			<trkpt lat="34.96027393738645" lon="137.1555053756805">
				<ele>19.255581948906183</ele>
				<time>2026-08-02T21:43:13Z</time>
			</trkpt>
			<trkpt lat="34.96030326867818" lon="137.15552216414528">
				<ele>19.305698129348457</ele>
				<time>2026-08-02T21:43:49Z</time>
			</trkpt>
			<trkpt lat="34.96032624155207" lon="137.15552432434959">
				<ele>19.668794956058264</ele>
				<time>2026-08-02T21:44:21Z</time>
			</trkpt>
			<trkpt lat="34.96035742170764" lon="137.1555306816596">
				<ele>19.672954349778593</ele>
				<time>2026-08-02T21:44:22Z</time>
			</trkpt>
			<trkpt lat="34.96039897738591" lon="137.15553868525691">
				<ele>19.655185850337148</ele>
				<time>2026-08-02T21:44:23Z</time>
			</trkpt>
			<trkpt lat="34.96043770783092" lon="137.15554591839845">
				<ele>19.671018877997994</ele>
				<time>2026-08-02T21:44:24Z</time>
			</trkpt>
			<trkpt lat="34.96048864379523" lon="137.1555556112749">
				<ele>19.68256110418588</ele>
				<time>2026-08-02T21:44:25Z</time>
			</trkpt>
			<trkpt lat="34.96055217409051" lon="137.1555680685263">
				<ele>19.628765946254134</ele>
				<time>2026-08-02T21:44:26Z</time>
			</trkpt>
			<trkpt lat="34.960613472221176" lon="137.15558079684578">
				<ele>19.661308327689767</ele>
				<time>2026-08-02T21:44:27Z</time>
			</trkpt>
			<trkpt lat="34.96068961762468" lon="137.15559346675312">
				<ele>19.615359886549413</ele>
				<time>2026-08-02T21:44:28Z</time>
			</trkpt>
			<trkpt lat="34.96077615298795" lon="137.155605898335">
				<ele>19.687240606173873</ele>
				<time>2026-08-02T21:44:29Z</time>
			</trkpt>
			<trkpt lat="34.96087260903896" lon="137.15562055335735">
				<ele>19.667297235690057</ele>
				<time>2026-08-02T21:44:30Z</time>
			</trkpt>
			<trkpt lat="34.96097913722499" lon="137.15562764820757">
				<ele>19.612719572149217</ele>
				<time>2026-08-02T21:44:31Z</time>
			</trkpt>
			<trkpt lat="34.96107595113484" lon="137.15565722047356">
				<ele>20.15291031356901</ele>
				<time>2026-08-02T21:44:32Z</time>
			</trkpt>
			<trkpt lat="34.96118348142046" lon="137.15567344438452">
				<ele>19.484078727662563</ele>
				<time>2026-08-02T21:44:33Z</time>
			</trkpt>
			<trkpt lat="34.96130138250818" lon="137.15568740252766">
				<ele>19.47521882597357</ele>
				<time>2026-08-02T21:44:34Z</time>
			</trkpt>
			<trkpt lat="34.96142148282858" lon="137.15570182861956">
				<ele>19.50007933471352</ele>
				<time>2026-08-02T21:44:35Z</time>
			</trkpt>
			<trkpt lat="34.96153381069206" lon="137.1557273656162">
				<ele>19.39568498544395</ele>
				<time>2026-08-02T21:44:36Z</time>
			</trkpt>
			<trkpt lat="34.961643869134896" lon="137.15574815804885">
				<ele>19.234445983543992</ele>
				<time>2026-08-02T21:44:37Z</time>
			</trkpt>
			<trkpt lat="34.961759727199635" lon="137.1557636594526">
				<ele>19.263839105144143</ele>
				<time>2026-08-02T21:44:38Z</time>
			</trkpt>
			<trkpt lat="34.96187079612913" lon="137.1557853805805">
				<ele>19.466459019109607</ele>
				<time>2026-08-02T21:44:39Z</time>
			</trkpt>
			<trkpt lat="34.961985107629204" lon="137.15580596267438">
				<ele>19.37888853624463</ele>
				<time>2026-08-02T21:44:40Z</time>
			</trkpt>
			<trkpt lat="34.96210630316458" lon="137.15582405443845">
				<ele>19.45343733392656</ele>
				<time>2026-08-02T21:44:41Z</time>
			</trkpt>
			<trkpt lat="34.962225319587496" lon="137.1558424842462">
				<ele>19.741414403542876</ele>
				<time>2026-08-02T21:44:42Z</time>
			</trkpt>
			<trkpt lat="34.962346826599926" lon="137.15585682992634">
				<ele>19.575018065981567</ele>
				<time>2026-08-02T21:44:43Z</time>
			</trkpt>
			<trkpt lat="34.962467372621425" lon="137.15587541335864">
				<ele>19.265328439883888</ele>
				<time>2026-08-02T21:44:44Z</time>
			</trkpt>
			<trkpt lat="34.96258586969363" lon="137.15589460313277">
				<ele>19.22885712981224</ele>
				<time>2026-08-02T21:44:45Z</time>
			</trkpt>
			<trkpt lat="34.96270904897154" lon="137.1559147937">
				<ele>19.179041986353695</ele>
				<time>2026-08-02T21:44:46Z</time>
			</trkpt>
			<trkpt lat="34.96283666200035" lon="137.15593223810978">
				<ele>19.313816644251347</ele>
				<time>2026-08-02T21:44:47Z</time>
			</trkpt>
			<trkpt lat="34.96296880614765" lon="137.1559509907547">
				<ele>19.54843187984079</ele>
				<time>2026-08-02T21:44:48Z</time>
			</trkpt>
			<trkpt lat="34.9630977332242" lon="137.15597032243517">
				<ele>19.633341792039573</ele>
				<time>2026-08-02T21:44:49Z</time>
			</trkpt>
			<trkpt lat="34.96322298596855" lon="137.15599153776833">
				<ele>20.138538126833737</ele>
				<time>2026-08-02T21:44:50Z</time>
			</trkpt>
			<trkpt lat="34.96335237397804" lon="137.15601249671934">
				<ele>20.09877840615809</ele>
				<time>2026-08-02T21:44:51Z</time>
			</trkpt>
			<trkpt lat="34.96348447574644" lon="137.1560345168796">
				<ele>20.298622141592205</ele>
				<time>2026-08-02T21:44:52Z</time>
			</trkpt>
			<trkpt lat="34.963621551457976" lon="137.1560549592247">
				<ele>20.57962942123413</ele>
				<time>2026-08-02T21:44:53Z</time>
			</trkpt>
			<trkpt lat="34.96375889694084" lon="137.1560773799893">
				<ele>20.630768729373813</ele>
				<time>2026-08-02T21:44:54Z</time>
			</trkpt>
			<trkpt lat="34.963894280087274" lon="137.1561015753101">
				<ele>20.36763589270413</ele>
				<time>2026-08-02T21:44:55Z</time>
			</trkpt>
			<trkpt lat="34.96403193610122" lon="137.15612592856507">
				<ele>20.146824780851603</ele>
				<time>2026-08-02T21:44:56Z</time>
			</trkpt>
			<trkpt lat="34.96417114738467" lon="137.15615428549253">
				<ele>19.973505159839988</ele>
				<time>2026-08-02T21:44:57Z</time>
			</trkpt>
			<trkpt lat="34.96431101281143" lon="137.1561836037519">
				<ele>19.9226848827675</ele>
				<time>2026-08-02T21:44:58Z</time>
			</trkpt>
			<trkpt lat="34.96444939811406" lon="137.15621507637357">
				<ele>20.14415317773819</ele>
				<time>2026-08-02T21:44:59Z</time>
			</trkpt>
			<trkpt lat="34.964586981657085" lon="137.15625031261962">
				<ele>19.864847160875797</ele>
				<time>2026-08-02T21:45:00Z</time>
			</trkpt>
			<trkpt lat="34.96471938069342" lon="137.15629092218398">
				<ele>19.678845815360546</ele>
				<time>2026-08-02T21:45:01Z</time>
			</trkpt>
			<trkpt lat="34.96485301034159" lon="137.1563323873474">
				<ele>19.84960395656526</ele>
				<time>2026-08-02T21:45:02Z</time>
			</trkpt>
			<trkpt lat="34.96498579340084" lon="137.15637857023881">
				<ele>19.73209003172815</ele>
				<time>2026-08-02T21:45:03Z</time>
			</trkpt>
			<trkpt lat="34.96511773204879" lon="137.1564255359253">
				<ele>19.491019322536886</ele>
				<time>2026-08-02T21:45:04Z</time>
			</trkpt>
			<trkpt lat="34.96525030916468" lon="137.15647051607004">
				<ele>19.47992435004562</ele>
				<time>2026-08-02T21:45:05Z</time>
			</trkpt>
			<trkpt lat="34.965380892486394" lon="137.15651732038137">
				<ele>19.4459644369781</ele>
				<time>2026-08-02T21:45:06Z</time>
			</trkpt>
			<trkpt lat="34.965511171448206" lon="137.15656487902677">
				<ele>19.446030317805707</ele>
				<time>2026-08-02T21:45:07Z</time>
			</trkpt>
			<trkpt lat="34.96564151872094" lon="137.15661095427308">
				<ele>19.589974645525217</ele>
				<time>2026-08-02T21:45:08Z</time>
			</trkpt>
			<trkpt lat="34.96577132997921" lon="137.15665540927557">
				<ele>19.625646465457976</ele>
				<time>2026-08-02T21:45:09Z</time>
			</trkpt>
			<trkpt lat="34.96589727089009" lon="137.15669770639724">
				<ele>19.590439192019403</ele>
				<time>2026-08-02T21:45:10Z</time>
			</trkpt>
			<trkpt lat="34.966015720742256" lon="137.15673666595075">
				<ele>19.76065109297633</ele>
				<time>2026-08-02T21:45:11Z</time>
			</trkpt>
			<trkpt lat="34.96612270761449" lon="137.15677293466368">
				<ele>19.71997024770826</ele>
				<time>2026-08-02T21:45:12Z</time>
			</trkpt>
			<trkpt lat="34.966222487873274" lon="137.15680841441815">
				<ele>19.723895693197846</ele>
				<time>2026-08-02T21:45:13Z</time>
			</trkpt>
			<trkpt lat="34.96631472934632" lon="137.1568411752225">
				<ele>19.6658965209499</ele>
				<time>2026-08-02T21:45:14Z</time>
			</trkpt>
			<trkpt lat="34.96639660895863" lon="137.15686905953828">
				<ele>19.69362452160567</ele>
				<time>2026-08-02T21:45:15Z</time>
			</trkpt>
			<trkpt lat="34.966470119016776" lon="137.15689492584454">
				<ele>19.586162796244025</ele>
				<time>2026-08-02T21:45:16Z</time>
			</trkpt>
			<trkpt lat="34.96653511800508" lon="137.15691779663393">
				<ele>19.66924560442567</ele>
				<time>2026-08-02T21:45:17Z</time>
			</trkpt>
			<trkpt lat="34.966592806084364" lon="137.15693704679703">
				<ele>19.733715091831982</ele>
				<time>2026-08-02T21:45:18Z</time>
			</trkpt>
			<trkpt lat="34.96663542407755" lon="137.15695012084944">
				<ele>19.905487258918583</ele>
				<time>2026-08-02T21:45:19Z</time>
			</trkpt>
			<trkpt lat="34.966667825541144" lon="137.15696031044416">
				<ele>20.06536860112101</ele>
				<time>2026-08-02T21:45:20Z</time>
			</trkpt>
			<trkpt lat="34.96668725543262" lon="137.15696699121756">
				<ele>20.11274563986808</ele>
				<time>2026-08-02T21:45:21Z</time>
			</trkpt>
			<trkpt lat="34.96670711542721" lon="137.15696660523253">
				<ele>20.27456600777805</ele>
				<time>2026-08-02T21:45:27Z</time>
			</trkpt>
			<trkpt lat="34.96672860627915" lon="137.1569623412552">
				<ele>19.88955747243017</ele>
				<time>2026-08-02T21:45:44Z</time>
			</trkpt>
			<trkpt lat="34.96676573730304" lon="137.15696920837038">
				<ele>19.630540086887777</ele>
				<time>2026-08-02T21:46:14Z</time>
			</trkpt>
			<trkpt lat="34.96680187407581" lon="137.1569815788506">
				<ele>19.7107522059232</ele>
				<time>2026-08-02T21:46:15Z</time>
			</trkpt>
			<trkpt lat="34.966847499172815" lon="137.15699202954386">
				<ele>19.791249959729612</ele>
				<time>2026-08-02T21:46:16Z</time>
			</trkpt>
			<trkpt lat="34.96689052000048" lon="137.15700845589328">
				<ele>19.86673054099083</ele>
				<time>2026-08-02T21:46:17Z</time>
			</trkpt>
			<trkpt lat="34.966940791202084" lon="137.15703021929443">
				<ele>19.828467464074492</ele>
				<time>2026-08-02T21:46:18Z</time>
			</trkpt>
			<trkpt lat="34.967010608793316" lon="137.1570566919959">
				<ele>19.829786797985435</ele>
				<time>2026-08-02T21:46:19Z</time>
			</trkpt>
			<trkpt lat="34.96708232385817" lon="137.15708591768063">
				<ele>19.758971323259175</ele>
				<time>2026-08-02T21:46:20Z</time>
			</trkpt>
			<trkpt lat="34.96715848844429" lon="137.1571189947157">
				<ele>20.022009605541825</ele>
				<time>2026-08-02T21:46:21Z</time>
			</trkpt>
			<trkpt lat="34.96723905059368" lon="137.1571477120339">
				<ele>20.009020823054016</ele>
				<time>2026-08-02T21:46:22Z</time>
			</trkpt>
			<trkpt lat="34.96733661473347" lon="137.1571791700283">
				<ele>19.934142669662833</ele>
				<time>2026-08-02T21:46:23Z</time>
			</trkpt>
			<trkpt lat="34.967442119436974" lon="137.15721488669513">
				<ele>19.991551320068538</ele>
				<time>2026-08-02T21:46:24Z</time>
			</trkpt>
			<trkpt lat="34.96754567104357" lon="137.1572466136399">
				<ele>19.865562067367136</ele>
				<time>2026-08-02T21:46:25Z</time>
			</trkpt>
			<trkpt lat="34.96764473098375" lon="137.15728964267515">
				<ele>19.765725841745734</ele>
				<time>2026-08-02T21:46:26Z</time>
			</trkpt>
			<trkpt lat="34.967749634144376" lon="137.15733382604677">
				<ele>19.8541351063177</ele>
				<time>2026-08-02T21:46:27Z</time>
			</trkpt>
			<trkpt lat="34.96786284064204" lon="137.15737205853634">
				<ele>19.812037728726864</ele>
				<time>2026-08-02T21:46:28Z</time>
			</trkpt>
			<trkpt lat="34.96799158237373" lon="137.15740583599697">
				<ele>19.819524735212326</ele>
				<time>2026-08-02T21:46:29Z</time>
			</trkpt>
			<trkpt lat="34.968122268270704" lon="137.157442178499">
				<ele>19.725463215261698</ele>
				<time>2026-08-02T21:46:30Z</time>
			</trkpt>
			<trkpt lat="34.96825988888062" lon="137.15748197253214">
				<ele>19.677808988839388</ele>
				<time>2026-08-02T21:46:31Z</time>
			</trkpt>
			<trkpt lat="34.968386719609555" lon="137.15752516256225">
				<ele>19.85333005618304</ele>
				<time>2026-08-02T21:46:32Z</time>
			</trkpt>
			<trkpt lat="34.968506926753065" lon="137.15758276513435">
				<ele>19.814506138674915</ele>
				<time>2026-08-02T21:46:33Z</time>
			</trkpt>
			<trkpt lat="34.96863163594694" lon="137.15762167737265">
				<ele>19.76999750174582</ele>
				<time>2026-08-02T21:46:34Z</time>
			</trkpt>
			<trkpt lat="34.968765827774774" lon="137.15767478008797">
				<ele>20.337317661382258</ele>
				<time>2026-08-02T21:46:35Z</time>
			</trkpt>
			<trkpt lat="34.96887916829093" lon="137.15772601344537">
				<ele>19.75325784087181</ele>
				<time>2026-08-02T21:46:36Z</time>
			</trkpt>
			<trkpt lat="34.969013161066584" lon="137.15777470086005">
				<ele>19.85371007025242</ele>
				<time>2026-08-02T21:46:37Z</time>
			</trkpt>
			<trkpt lat="34.96914047894755" lon="137.15781994445243">
				<ele>19.69000615272671</ele>
				<time>2026-08-02T21:46:38Z</time>
			</trkpt>
			<trkpt lat="34.96927164667362" lon="137.15786293354313">
				<ele>19.490297995507717</ele>
				<time>2026-08-02T21:46:39Z</time>
			</trkpt>
			<trkpt lat="34.96940121988699" lon="137.15790600348922">
				<ele>19.329221506603062</ele>
				<time>2026-08-02T21:46:40Z</time>
			</trkpt>
			<trkpt lat="34.9695376874971" lon="137.15794571985876">
				<ele>19.43513081409037</ele>
				<time>2026-08-02T21:46:41Z</time>
			</trkpt>
			<trkpt lat="34.96967023472931" lon="137.1579898757933">
				<ele>19.372155650518835</ele>
				<time>2026-08-02T21:46:42Z</time>
			</trkpt>
			<trkpt lat="34.969804504675956" lon="137.15803490876942">
				<ele>19.43084699101746</ele>
				<time>2026-08-02T21:46:43Z</time>
			</trkpt>
			<trkpt lat="34.96993226805815" lon="137.15808222540116">
				<ele>19.54102525115013</ele>
				<time>2026-08-02T21:46:44Z</time>
			</trkpt>
			<trkpt lat="34.97005252659766" lon="137.15812662344973">
				<ele>19.616602276451886</ele>
				<time>2026-08-02T21:46:45Z</time>
			</trkpt>
			<trkpt lat="34.97017930917763" lon="137.15817188240754">
				<ele>19.721465634182096</ele>
				<time>2026-08-02T21:46:46Z</time>
			</trkpt>
			<trkpt lat="34.97029784778441" lon="137.15821942422016">
				<ele>19.770070856437087</ele>
				<time>2026-08-02T21:46:47Z</time>
			</trkpt>
			<trkpt lat="34.97041778138192" lon="137.15826319993022">
				<ele>19.77944602444768</ele>
				<time>2026-08-02T21:46:48Z</time>
			</trkpt>
			<trkpt lat="34.970542068515606" lon="137.15830289393173">
				<ele>19.87594166211784</ele>
				<time>2026-08-02T21:46:49Z</time>
			</trkpt>
			<trkpt lat="34.97067006646071" lon="137.15834786312507">
				<ele>20.105003172531724</ele>
				<time>2026-08-02T21:46:50Z</time>
			</trkpt>
			<trkpt lat="34.97080335284004" lon="137.15839126175774">
				<ele>20.259314456023276</ele>
				<time>2026-08-02T21:46:51Z</time>
			</trkpt>
			<trkpt lat="34.970926340580995" lon="137.1584376207585">
				<ele>20.181153178215027</ele>
				<time>2026-08-02T21:46:52Z</time>
			</trkpt>
			<trkpt lat="34.97106104005361" lon="137.1584865251872">
				<ele>20.1594992056489</ele>
				<time>2026-08-02T21:46:53Z</time>
			</trkpt>
			<trkpt lat="34.9711905195127" lon="137.15853398206553">
				<ele>20.113362772390246</ele>
				<time>2026-08-02T21:46:54Z</time>
			</trkpt>
			<trkpt lat="34.97131803019945" lon="137.15857834105194">
				<ele>20.081513673998415</ele>
				<time>2026-08-02T21:46:55Z</time>
			</trkpt>
			<trkpt lat="34.97144488454732" lon="137.15862481859364">
				<ele>20.174978367052972</ele>
				<time>2026-08-02T21:46:56Z</time>
			</trkpt>
			<trkpt lat="34.97157134788447" lon="137.15866834522905">
				<ele>20.282080019824207</ele>
				<time>2026-08-02T21:46:57Z</time>
			</trkpt>
			<trkpt lat="34.97169908956527" lon="137.1587112892861">
				<ele>20.276084491983056</ele>
				<time>2026-08-02T21:46:58Z</time>
			</trkpt>
			<trkpt lat="34.97182698436178" lon="137.15875602990127">
				<ele>20.27421794924885</ele>
				<time>2026-08-02T21:46:59Z</time>
			</trkpt>
			<trkpt lat="34.97195397600893" lon="137.15880048264322">
				<ele>20.065664981491864</ele>
				<time>2026-08-02T21:47:00Z</time>
			</trkpt>
			<trkpt lat="34.97208559261649" lon="137.1588443152298">
				<ele>20.002933256328106</ele>
				<time>2026-08-02T21:47:01Z</time>
			</trkpt>
			<trkpt lat="34.972217701229695" lon="137.15888726746908">
				<ele>19.89493466541171</ele>
				<time>2026-08-02T21:47:02Z</time>
			</trkpt>
			<trkpt lat="34.97234511861519" lon="137.15892905867094">
				<ele>19.853313822299242</ele>
				<time>2026-08-02T21:47:03Z</time>
			</trkpt>
			<trkpt lat="34.97247005388169" lon="137.15897279856384">
				<ele>19.678588919341564</ele>
				<time>2026-08-02T21:47:04Z</time>
			</trkpt>
			<trkpt lat="34.972593460484696" lon="137.15901802927115">
				<ele>19.84250106383115</ele>
				<time>2026-08-02T21:47:05Z</time>
			</trkpt>
			<trkpt lat="34.97271699016784" lon="137.1590627729425">
				<ele>20.05789689719677</ele>
				<time>2026-08-02T21:47:06Z</time>
			</trkpt>
			<trkpt lat="34.97284039733887" lon="137.15910213968107">
				<ele>20.12335880007595</ele>
				<time>2026-08-02T21:47:07Z</time>
			</trkpt>
			<trkpt lat="34.97296819479787" lon="137.15914642104397">
				<ele>19.906724910251796</ele>
				<time>2026-08-02T21:47:08Z</time>
			</trkpt>
			<trkpt lat="34.973093051693155" lon="137.15918808579912">
				<ele>19.803928773850203</ele>
				<time>2026-08-02T21:47:09Z</time>
			</trkpt>
			<trkpt lat="34.973216179520854" lon="137.1592286958707">
				<ele>19.522523674182594</ele>
				<time>2026-08-02T21:47:10Z</time>
			</trkpt>
			<trkpt lat="34.973336202037515" lon="137.15927115224784">
				<ele>19.49678695667535</ele>
				<time>2026-08-02T21:47:11Z</time>
			</trkpt>
			<trkpt lat="34.97346018542238" lon="137.1593094065051">
				<ele>19.505586242303252</ele>
				<time>2026-08-02T21:47:12Z</time>
			</trkpt>
			<trkpt lat="34.973583886381874" lon="137.1593464310211">
				<ele>19.423167265951633</ele>
				<time>2026-08-02T21:47:13Z</time>
			</trkpt>
			<trkpt lat="34.97370740296049" lon="137.15938738496436">
				<ele>19.35789084713906</ele>
				<time>2026-08-02T21:47:14Z</time>
			</trkpt>
			<trkpt lat="34.973834499918276" lon="137.1594252428307">
				<ele>19.416247012093663</ele>
				<time>2026-08-02T21:47:15Z</time>
			</trkpt>
			<trkpt lat="34.9739579896771" lon="137.15946613072083">
				<ele>19.491508500650525</ele>
				<time>2026-08-02T21:47:16Z</time>
			</trkpt>
			<trkpt lat="34.974080167488275" lon="137.15950241895465">
				<ele>19.50046131387353</ele>
				<time>2026-08-02T21:47:17Z</time>
			</trkpt>
			<trkpt lat="34.97419592533594" lon="137.1595406927633">
				<ele>19.539517757482827</ele>
				<time>2026-08-02T21:47:18Z</time>
			</trkpt>
			<trkpt lat="34.97431187624538" lon="137.15957926925256">
				<ele>19.396835759282112</ele>
				<time>2026-08-02T21:47:19Z</time>
			</trkpt>
			<trkpt lat="34.97442829357393" lon="137.15962143935883">
				<ele>19.24261871073395</ele>
				<time>2026-08-02T21:47:20Z</time>
			</trkpt>
			<trkpt lat="34.97455121364862" lon="137.15966282089946">
				<ele>19.194074421189725</ele>
				<time>2026-08-02T21:47:21Z</time>
			</trkpt>
			<trkpt lat="34.974677146656525" lon="137.15970331865265">
				<ele>19.328330093994737</ele>
				<time>2026-08-02T21:47:22Z</time>
			</trkpt>
			<trkpt lat="34.97480736492484" lon="137.15974364607922">
				<ele>19.79370209109038</ele>
				<time>2026-08-02T21:47:23Z</time>
			</trkpt>
			<trkpt lat="34.97493696480712" lon="137.15978723121444">
				<ele>19.671864427626133</ele>
				<time>2026-08-02T21:47:24Z</time>
			</trkpt>
			<trkpt lat="34.97506559897122" lon="137.15983115407903">
				<ele>19.739640063606203</ele>
				<time>2026-08-02T21:47:25Z</time>
			</trkpt>
			<trkpt lat="34.97519171802055" lon="137.15987575554587">
				<ele>19.741249470971525</ele>
				<time>2026-08-02T21:47:26Z</time>
			</trkpt>
			<trkpt lat="34.97532374722523" lon="137.15991911857603">
				<ele>19.84509874600917</ele>
				<time>2026-08-02T21:47:27Z</time>
			</trkpt>
			<trkpt lat="34.97545029200296" lon="137.15996090266262">
				<ele>20.176003004424274</ele>
				<time>2026-08-02T21:47:28Z</time>
			</trkpt>
			<trkpt lat="34.97557540607287" lon="137.16000298468487">
				<ele>19.895615509711206</ele>
				<time>2026-08-02T21:47:29Z</time>
			</trkpt>
			<trkpt lat="34.97570576169442" lon="137.16004241446404">
				<ele>20.257679359056056</ele>
				<time>2026-08-02T21:47:30Z</time>
			</trkpt>
			<trkpt lat="34.97583404725241" lon="137.1600799410488">
				<ele>20.309484128840268</ele>
				<time>2026-08-02T21:47:31Z</time>
			</trkpt>
			<trkpt lat="34.97596348588064" lon="137.1601145296226">
				<ele>20.28627424221486</ele>
				<time>2026-08-02T21:47:32Z</time>
			</trkpt>
			<trkpt lat="34.97608511885776" lon="137.16015337803387">
				<ele>20.501678842119873</ele>
				<time>2026-08-02T21:47:33Z</time>
			</trkpt>
			<trkpt lat="34.9762032033459" lon="137.16019145388313">
				<ele>20.551738310605288</ele>
				<time>2026-08-02T21:47:34Z</time>
			</trkpt>
			<trkpt lat="34.97632436725736" lon="137.16022567125287">
				<ele>20.803333739750087</ele>
				<time>2026-08-02T21:47:35Z</time>
			</trkpt>
			<trkpt lat="34.976439960788106" lon="137.1602616857013">
				<ele>20.883165104314685</ele>
				<time>2026-08-02T21:47:36Z</time>
			</trkpt>
			<trkpt lat="34.976550478998455" lon="137.16030084189111">
				<ele>20.777149571105838</ele>
				<time>2026-08-02T21:47:37Z</time>
			</trkpt>
			<trkpt lat="34.97666084979927" lon="137.16033748279557">
				<ele>20.86925309896469</ele>
				<time>2026-08-02T21:47:38Z</time>
			</trkpt>
			<trkpt lat="34.97677548601843" lon="137.16036815805933">
				<ele>20.989141310565174</ele>
				<time>2026-08-02T21:47:39Z</time>
			</trkpt>
			<trkpt lat="34.97689102083103" lon="137.16039386858986">
				<ele>20.728906018659472</ele>
				<time>2026-08-02T21:47:40Z</time>
			</trkpt>
			<trkpt lat="34.97699892007164" lon="137.16042582174944">
				<ele>20.64569664001465</ele>
				<time>2026-08-02T21:47:41Z</time>
			</trkpt>
			<trkpt lat="34.977096043970064" lon="137.1604671851176">
				<ele>20.75403126515448</ele>
				<time>2026-08-02T21:47:42Z</time>
			</trkpt>
			<trkpt lat="34.97719628473209" lon="137.16049502710086">
				<ele>20.324248586781323</ele>
				<time>2026-08-02T21:47:43Z</time>
			</trkpt>
			<trkpt lat="34.977284033131795" lon="137.16052582594463">
				<ele>19.94202483817935</ele>
				<time>2026-08-02T21:47:44Z</time>
			</trkpt>
			<trkpt lat="34.977371008625994" lon="137.16055452913903">
				<ele>19.952792881056666</ele>
				<time>2026-08-02T21:47:45Z</time>
			</trkpt>
			<trkpt lat="34.97746228756234" lon="137.16058055470347">
				<ele>19.706015603616834</ele>
				<time>2026-08-02T21:47:46Z</time>
			</trkpt>
			<trkpt lat="34.97754549672832" lon="137.16060900109525">
				<ele>19.669370128773153</ele>
				<time>2026-08-02T21:47:47Z</time>
			</trkpt>
			<trkpt lat="34.977622450472445" lon="137.16063521654738">
				<ele>19.659059898927808</ele>
				<time>2026-08-02T21:47:48Z</time>
			</trkpt>
			<trkpt lat="34.977700870408704" lon="137.16066094709376">
				<ele>19.61366274394095</ele>
				<time>2026-08-02T21:47:49Z</time>
			</trkpt>
			<trkpt lat="34.9777722986559" lon="137.16068467443458">
				<ele>19.585983987897635</ele>
				<time>2026-08-02T21:47:50Z</time>
			</trkpt>
			<trkpt lat="34.97783989632506" lon="137.16070782250185">
				<ele>19.553081179969013</ele>
				<time>2026-08-02T21:47:51Z</time>
			</trkpt>
			<trkpt lat="34.977909501136146" lon="137.1607291678946">
				<ele>19.427347611635923</ele>
				<time>2026-08-02T21:47:52Z</time>
			</trkpt>
			<trkpt lat="34.97796665261493" lon="137.16074985720172">
				<ele>19.495198761112988</ele>
				<time>2026-08-02T21:47:53Z</time>
			</trkpt>
			<trkpt lat="34.97801924457226" lon="137.16076941190397">
				<ele>19.40321306604892</ele>
				<time>2026-08-02T21:47:54Z</time>
			</trkpt>
			<trkpt lat="34.97806572976837" lon="137.16078654373734">
				<ele>19.315023495815694</ele>
				<time>2026-08-02T21:47:55Z</time>
			</trkpt>
			<trkpt lat="34.97811834498968" lon="137.16080013995577">
				<ele>19.095897532999516</ele>
				<time>2026-08-02T21:47:56Z</time>
			</trkpt>
			<trkpt lat="34.97817211736939" lon="137.16081021346687">
				<ele>19.355250388383865</ele>
				<time>2026-08-02T21:47:57Z</time>
			</trkpt>
			<trkpt lat="34.97822743624616" lon="137.1608251564096">
				<ele>19.140055521391332</ele>
				<time>2026-08-02T21:47:58Z</time>
			</trkpt>
			<trkpt lat="34.978283437280126" lon="137.1608436767391">
				<ele>19.086856732144952</ele>
				<time>2026-08-02T21:47:59Z</time>
			</trkpt>
			<trkpt lat="34.97834242232437" lon="137.1608582668414">
				<ele>19.15488307364285</ele>
				<time>2026-08-02T21:48:00Z</time>
			</trkpt>
			<trkpt lat="34.97839977876516" lon="137.16087724104403">
				<ele>19.09543941076845</ele>
				<time>2026-08-02T21:48:01Z</time>
			</trkpt>
			<trkpt lat="34.97845985789786" lon="137.16089715622786">
				<ele>19.26670062355697</ele>
				<time>2026-08-02T21:48:02Z</time>
			</trkpt>
			<trkpt lat="34.97852496821443" lon="137.16092050191315">
				<ele>19.06473590619862</ele>
				<time>2026-08-02T21:48:03Z</time>
			</trkpt>
			<trkpt lat="34.97858354168562" lon="137.1609448275634">
				<ele>19.03593942616135</ele>
				<time>2026-08-02T21:48:04Z</time>
			</trkpt>
			<trkpt lat="34.978637013761876" lon="137.1609669825533">
				<ele>18.991164651699364</ele>
				<time>2026-08-02T21:48:05Z</time>
			</trkpt>
			<trkpt lat="34.97869113007747" lon="137.16098668699127">
				<ele>19.06634647026658</ele>
				<time>2026-08-02T21:48:06Z</time>
			</trkpt>
			<trkpt lat="34.97874950561053" lon="137.16100609909762">
				<ele>19.100369665771723</ele>
				<time>2026-08-02T21:48:07Z</time>
			</trkpt>
			<trkpt lat="34.97880698360304" lon="137.16102763390884">
				<ele>19.070131793618202</ele>
				<time>2026-08-02T21:48:08Z</time>
			</trkpt>
			<trkpt lat="34.97887031838608" lon="137.1610517335795">
				<ele>19.245941617526114</ele>
				<time>2026-08-02T21:48:09Z</time>
			</trkpt>
			<trkpt lat="34.97893751697551" lon="137.16107289122826">
				<ele>19.203675298951566</ele>
				<time>2026-08-02T21:48:10Z</time>
			</trkpt>
			<trkpt lat="34.978995854289536" lon="137.1610937350851">
				<ele>19.241445650346577</ele>
				<time>2026-08-02T21:48:11Z</time>
			</trkpt>
			<trkpt lat="34.97905424844116" lon="137.1611161079376">
				<ele>19.319991372525692</ele>
				<time>2026-08-02T21:48:12Z</time>
			</trkpt>
			<trkpt lat="34.97911609997388" lon="137.16113763837626">
				<ele>19.305879417806864</ele>
				<time>2026-08-02T21:48:13Z</time>
			</trkpt>
			<trkpt lat="34.97917298700451" lon="137.16115804980538">
				<ele>19.30703797377646</ele>
				<time>2026-08-02T21:48:14Z</time>
			</trkpt>
			<trkpt lat="34.97923075306015" lon="137.1611791742665">
				<ele>19.325894261710346</ele>
				<time>2026-08-02T21:48:15Z</time>
			</trkpt>
			<trkpt lat="34.97928907281022" lon="137.1611980965353">
				<ele>19.419787424616516</ele>
				<time>2026-08-02T21:48:16Z</time>
			</trkpt>
			<trkpt lat="34.97934230672603" lon="137.16121456077371">
				<ele>19.543313507921994</ele>
				<time>2026-08-02T21:48:17Z</time>
			</trkpt>
			<trkpt lat="34.97938885448512" lon="137.161230185915">
				<ele>19.6575815230608</ele>
				<time>2026-08-02T21:48:18Z</time>
			</trkpt>
			<trkpt lat="34.97942831236812" lon="137.16124134241574">
				<ele>19.701634667813778</ele>
				<time>2026-08-02T21:48:19Z</time>
			</trkpt>
			<trkpt lat="34.979459300951135" lon="137.16124670041492">
				<ele>19.824542615562677</ele>
				<time>2026-08-02T21:48:20Z</time>
			</trkpt>
			<trkpt lat="34.97948335908036" lon="137.16124974880205">
				<ele>20.016802434809506</ele>
				<time>2026-08-02T21:48:21Z</time>
			</trkpt>
			<trkpt lat="34.979507037317696" lon="137.1612600599508">
				<ele>20.399887833744287</ele>
				<time>2026-08-02T21:48:47Z</time>
			</trkpt>
			<trkpt lat="34.97952885716518" lon="137.1612682156935">
				<ele>20.33294816594571</ele>
				<time>2026-08-02T21:48:48Z</time>
			</trkpt>
			<trkpt lat="34.979556207571186" lon="137.16127750984103">
				<ele>20.34990333672613</ele>
				<time>2026-08-02T21:48:49Z</time>
			</trkpt>
			<trkpt lat="34.97959218292943" lon="137.16128818883132">
				<ele>20.342893353663385</ele>
				<time>2026-08-02T21:48:50Z</time>
			</trkpt>
			<trkpt lat="34.97962289477099" lon="137.16129845746383">
				<ele>20.369032005779445</ele>
				<time>2026-08-02T21:48:51Z</time>
			</trkpt>
			<trkpt lat="34.97966274627417" lon="137.16131171197398">
				<ele>20.401903627440333</ele>
				<time>2026-08-02T21:48:52Z</time>
			</trkpt>
			<trkpt lat="34.97971034679456" lon="137.16132716842233">
				<ele>20.43621468450874</ele>
				<time>2026-08-02T21:48:53Z</time>
			</trkpt>
			<trkpt lat="34.979762473749076" lon="137.1613455244082">
				<ele>20.477753375656903</ele>
				<time>2026-08-02T21:48:54Z</time>
			</trkpt>
			<trkpt lat="34.979817109436894" lon="137.16136389975554">
				<ele>20.578676354140043</ele>
				<time>2026-08-02T21:48:55Z</time>
			</trkpt>
			<trkpt lat="34.97987633542322" lon="137.1613848151203">
				<ele>20.67285544332117</ele>
				<time>2026-08-02T21:48:56Z</time>
			</trkpt>
			<trkpt lat="34.9799391278925" lon="137.16140491902217">
				<ele>20.650910678319633</ele>
				<time>2026-08-02T21:48:57Z</time>
			</trkpt>
			<trkpt lat="34.979997346059235" lon="137.16142520025446">
				<ele>20.707061777822673</ele>
				<time>2026-08-02T21:48:58Z</time>
			</trkpt>
			<trkpt lat="34.9800594397756" lon="137.16144831464393">
				<ele>20.713278518989682</ele>
				<time>2026-08-02T21:48:59Z</time>
			</trkpt>
			<trkpt lat="34.98013339735173" lon="137.16147196538438">
				<ele>20.748981433920562</ele>
				<time>2026-08-02T21:49:00Z</time>
			</trkpt>
			<trkpt lat="34.98021165280499" lon="137.16149439484633">
				<ele>20.991568632423878</ele>
				<time>2026-08-02T21:49:01Z</time>
			</trkpt>
			<trkpt lat="34.98028498151329" lon="137.16152209221707">
				<ele>21.204517292790115</ele>
				<time>2026-08-02T21:49:02Z</time>
			</trkpt>
			<trkpt lat="34.98035759607869" lon="137.16155129576035">
				<ele>21.208340108394623</ele>
				<time>2026-08-02T21:49:03Z</time>
			</trkpt>
			<trkpt lat="34.98044784025269" lon="137.16157062901456">
				<ele>21.258262181654572</ele>
				<time>2026-08-02T21:49:04Z</time>
			</trkpt>
			<trkpt lat="34.98054252931991" lon="137.1615897663704">
				<ele>21.356858328916132</ele>
				<time>2026-08-02T21:49:05Z</time>
			</trkpt>
			<trkpt lat="34.98063493025477" lon="137.16162253480124">
				<ele>21.390275478363037</ele>
				<time>2026-08-02T21:49:06Z</time>
			</trkpt>
			<trkpt lat="34.98071965510273" lon="137.1616497922224">
				<ele>21.554682670161128</ele>
				<time>2026-08-02T21:49:07Z</time>
			</trkpt>
			<trkpt lat="34.98080152136693" lon="137.16167902776462">
				<ele>21.297491959296167</ele>
				<time>2026-08-02T21:49:08Z</time>
			</trkpt>
			<trkpt lat="34.98088506826641" lon="137.16170896817516">
				<ele>21.044252618215978</ele>
				<time>2026-08-02T21:49:09Z</time>
			</trkpt>
			<trkpt lat="34.98096649964531" lon="137.16174038023374">
				<ele>20.978905824944377</ele>
				<time>2026-08-02T21:49:10Z</time>
			</trkpt>
			<trkpt lat="34.981061173372936" lon="137.1617679447475">
				<ele>21.101244669407606</ele>
				<time>2026-08-02T21:49:11Z</time>
			</trkpt>
			<trkpt lat="34.981152061815216" lon="137.16179899713237">
				<ele>21.117519924417138</ele>
				<time>2026-08-02T21:49:12Z</time>
			</trkpt>
			<trkpt lat="34.981241399962485" lon="137.16182346933647">
				<ele>21.114134744741023</ele>
				<time>2026-08-02T21:49:13Z</time>
			</trkpt>
			<trkpt lat="34.98132665286939" lon="137.16185260521334">
				<ele>21.148882407695055</ele>
				<time>2026-08-02T21:49:14Z</time>
			</trkpt>
			<trkpt lat="34.981413791176706" lon="137.16188046241348">
				<ele>21.008332401514053</ele>
				<time>2026-08-02T21:49:15Z</time>
			</trkpt>
			<trkpt lat="34.98150104462909" lon="137.16190986725178">
				<ele>20.959685985930264</ele>
				<time>2026-08-02T21:49:16Z</time>
			</trkpt>
			<trkpt lat="34.98158759632172" lon="137.16193975623906">
				<ele>20.966062325052917</ele>
				<time>2026-08-02T21:49:17Z</time>
			</trkpt>
			<trkpt lat="34.981672883879725" lon="137.16196835786525">
				<ele>20.866359958425164</ele>
				<time>2026-08-02T21:49:18Z</time>
			</trkpt>
			<trkpt lat="34.9817570717759" lon="137.1619982778014">
				<ele>20.823255624622107</ele>
				<time>2026-08-02T21:49:19Z</time>
			</trkpt>
			<trkpt lat="34.98183801234842" lon="137.16202924762396">
				<ele>20.8060764959082</ele>
				<time>2026-08-02T21:49:20Z</time>
			</trkpt>
			<trkpt lat="34.98191856781293" lon="137.16205663648495">
				<ele>20.809247735887766</ele>
				<time>2026-08-02T21:49:21Z</time>
			</trkpt>
			<trkpt lat="34.98199766388424" lon="137.16208542003173">
				<ele>20.671732076443732</ele>
				<time>2026-08-02T21:49:22Z</time>
			</trkpt>
			<trkpt lat="34.98207997699483" lon="137.16211395684925">
				<ele>20.500603835098445</ele>
				<time>2026-08-02T21:49:23Z</time>
			</trkpt>
			<trkpt lat="34.98216369148315" lon="137.1621392498913">
				<ele>20.266859429888427</ele>
				<time>2026-08-02T21:49:24Z</time>
			</trkpt>
			<trkpt lat="34.98224595106422" lon="137.1621673655983">
				<ele>20.19361186493188</ele>
				<time>2026-08-02T21:49:25Z</time>
			</trkpt>
			<trkpt lat="34.98233033584139" lon="137.16219717186115">
				<ele>20.21707983314991</ele>
				<time>2026-08-02T21:49:26Z</time>
			</trkpt>
			<trkpt lat="34.98241601051149" lon="137.1622287104907">
				<ele>20.151728683151305</ele>
				<time>2026-08-02T21:49:27Z</time>
			</trkpt>
			<trkpt lat="34.98250498742281" lon="137.16225824522743">
				<ele>20.080381848849356</ele>
				<time>2026-08-02T21:49:28Z</time>
			</trkpt>
			<trkpt lat="34.98259047327033" lon="137.1622891275809">
				<ele>20.02549235150218</ele>
				<time>2026-08-02T21:49:29Z</time>
			</trkpt>
			<trkpt lat="34.982681020223325" lon="137.16231517233788">
				<ele>20.181718949228525</ele>
				<time>2026-08-02T21:49:30Z</time>
			</trkpt>
			<trkpt lat="34.982771475165556" lon="137.1623465382467">
				<ele>20.24795018695295</ele>
				<time>2026-08-02T21:49:31Z</time>
			</trkpt>
			<trkpt lat="34.982862765066265" lon="137.16237481463344">
				<ele>20.162197755649686</ele>
				<time>2026-08-02T21:49:32Z</time>
			</trkpt>
			<trkpt lat="34.98294883094089" lon="137.16240307605472">
				<ele>20.352134915068746</ele>
				<time>2026-08-02T21:49:33Z</time>
			</trkpt>
			<trkpt lat="34.98303567646162" lon="137.16243232169128">
				<ele>20.48381819576025</ele>
				<time>2026-08-02T21:49:34Z</time>
			</trkpt>
			<trkpt lat="34.98312889404546" lon="137.16245952062567">
				<ele>20.34168215468526</ele>
				<time>2026-08-02T21:49:35Z</time>
			</trkpt>
			<trkpt lat="34.983220120370234" lon="137.16248636120335">
				<ele>20.621147531084716</ele>
				<time>2026-08-02T21:49:36Z</time>
			</trkpt>
			<trkpt lat="34.983308143752794" lon="137.16251367057464">
				<ele>20.72298956103623</ele>
				<time>2026-08-02T21:49:37Z</time>
			</trkpt>
			<trkpt lat="34.983399849163725" lon="137.16253876196254">
				<ele>20.752463101409376</ele>
				<time>2026-08-02T21:49:38Z</time>
			</trkpt>
			<trkpt lat="34.98348458275381" lon="137.16256277446914">
				<ele>20.712954674847424</ele>
				<time>2026-08-02T21:49:39Z</time>
			</trkpt>
			<trkpt lat="34.98356369793643" lon="137.1625867280222">
				<ele>20.715614373795688</ele>
				<time>2026-08-02T21:49:40Z</time>
			</trkpt>
			<trkpt lat="34.98363132362797" lon="137.16261202202895">
				<ele>20.965980938635767</ele>
				<time>2026-08-02T21:49:41Z</time>
			</trkpt>
			<trkpt lat="34.983693803627844" lon="137.16263403742929">
				<ele>20.969126485288143</ele>
				<time>2026-08-02T21:49:42Z</time>
			</trkpt>
			<trkpt lat="34.983743657689246" lon="137.16265175046223">
				<ele>21.040899106301367</ele>
				<time>2026-08-02T21:49:43Z</time>
			</trkpt>
			<trkpt lat="34.9837833873375" lon="137.16266124247989">
				<ele>21.115021577104926</ele>
				<time>2026-08-02T21:49:44Z</time>
			</trkpt>
			<trkpt lat="34.983804258598965" lon="137.16266930670105">
				<ele>21.30552316363901</ele>
				<time>2026-08-02T21:49:46Z</time>
			</trkpt>
			<trkpt lat="34.983828203844446" lon="137.1626668010523">
				<ele>21.667396885342896</ele>
				<time>2026-08-02T21:49:50Z</time>
			</trkpt>
			<trkpt lat="34.98381071417956" lon="137.16267240234305">
				<ele>22.006776502355933</ele>
				<time>2026-08-02T21:50:13Z</time>
			</trkpt>
			<trkpt lat="34.983835602510645" lon="137.16267243839278">
				<ele>21.88984834495932</ele>
				<time>2026-08-02T21:50:49Z</time>
			</trkpt>
			<trkpt lat="34.983879865770895" lon="137.1626897522899">
				<ele>21.933144413866103</ele>
				<time>2026-08-02T21:50:51Z</time>
			</trkpt>
			<trkpt lat="34.98391577346287" lon="137.16270289898785">
				<ele>22.09892493672669</ele>
				<time>2026-08-02T21:50:52Z</time>
			</trkpt>
			<trkpt lat="34.98395562170537" lon="137.1627157624888">
				<ele>22.142970400862396</ele>
				<time>2026-08-02T21:50:53Z</time>
			</trkpt>
			<trkpt lat="34.983992744711436" lon="137.16272772562337">
				<ele>22.18301144707948</ele>
				<time>2026-08-02T21:50:54Z</time>
			</trkpt>
			<trkpt lat="34.98403983965263" lon="137.16274356840722">
				<ele>22.23639316111803</ele>
				<time>2026-08-02T21:50:55Z</time>
			</trkpt>
			<trkpt lat="34.98409700824165" lon="137.16276326471646">
				<ele>22.2237497176975</ele>
				<time>2026-08-02T21:50:56Z</time>
			</trkpt>
			<trkpt lat="34.98415971734202" lon="137.16277725348516">
				<ele>22.295638929121196</ele>
				<time>2026-08-02T21:50:57Z</time>
			</trkpt>
			<trkpt lat="34.984222273794096" lon="137.16279694672733">
				<ele>22.337646333500743</ele>
				<time>2026-08-02T21:50:58Z</time>
			</trkpt>
			<trkpt lat="34.98429483876031" lon="137.16282130275573">
				<ele>22.43898645788431</ele>
				<time>2026-08-02T21:50:59Z</time>
			</trkpt>
			<trkpt lat="34.98437416186133" lon="137.16284678278618">
				<ele>22.430947365239263</ele>
				<time>2026-08-02T21:51:00Z</time>
			</trkpt>
			<trkpt lat="34.984457375012504" lon="137.16287486630358">
				<ele>22.57057766802609</ele>
				<time>2026-08-02T21:51:01Z</time>
			</trkpt>
			<trkpt lat="34.984542488480145" lon="137.16290405372987">
				<ele>22.59524019714445</ele>
				<time>2026-08-02T21:51:02Z</time>
			</trkpt>
			<trkpt lat="34.98462899623636" lon="137.16293042009664">
				<ele>22.582174559123814</ele>
				<time>2026-08-02T21:51:03Z</time>
			</trkpt>
			<trkpt lat="34.98472430657834" lon="137.16296531981362">
				<ele>22.483357043005526</ele>
				<time>2026-08-02T21:51:04Z</time>
			</trkpt>
			<trkpt lat="34.98482572481424" lon="137.16300086465853">
				<ele>22.3238659594208</ele>
				<time>2026-08-02T21:51:05Z</time>
			</trkpt>
			<trkpt lat="34.9849323353643" lon="137.16304179802822">
				<ele>22.16962806135416</ele>
				<time>2026-08-02T21:51:06Z</time>
			</trkpt>
			<trkpt lat="34.98504527698646" lon="137.16307941217516">
				<ele>21.981835333630443</ele>
				<time>2026-08-02T21:51:07Z</time>
			</trkpt>
			<trkpt lat="34.98516140994674" lon="137.1631164362732">
				<ele>22.03127162437886</ele>
				<time>2026-08-02T21:51:08Z</time>
			</trkpt>
			<trkpt lat="34.98527961348544" lon="137.16314855808557">
				<ele>22.008676018565893</ele>
				<time>2026-08-02T21:51:09Z</time>
			</trkpt>
			<trkpt lat="34.985395178156686" lon="137.16318425244106">
				<ele>22.11619977466762</ele>
				<time>2026-08-02T21:51:10Z</time>
			</trkpt>
			<trkpt lat="34.985508699112444" lon="137.16322154133545">
				<ele>22.243830058723688</ele>
				<time>2026-08-02T21:51:11Z</time>
			</trkpt>
			<trkpt lat="34.98562536025856" lon="137.16325746338595">
				<ele>22.53165239840746</ele>
				<time>2026-08-02T21:51:12Z</time>
			</trkpt>
			<trkpt lat="34.98574353326742" lon="137.16329106398135">
				<ele>22.678144246339798</ele>
				<time>2026-08-02T21:51:13Z</time>
			</trkpt>
			<trkpt lat="34.985861604664045" lon="137.16332796382878">
				<ele>22.752573231235147</ele>
				<time>2026-08-02T21:51:14Z</time>
			</trkpt>
			<trkpt lat="34.98597032424669" lon="137.16336533224705">
				<ele>22.948241624981165</ele>
				<time>2026-08-02T21:51:15Z</time>
			</trkpt>
			<trkpt lat="34.98607511564051" lon="137.1634000846845">
				<ele>23.127145637758076</ele>
				<time>2026-08-02T21:51:16Z</time>
			</trkpt>
			<trkpt lat="34.98617770084269" lon="137.1634334577859">
				<ele>23.426519811153412</ele>
				<time>2026-08-02T21:51:17Z</time>
			</trkpt>
			<trkpt lat="34.98628828870999" lon="137.16346011213952">
				<ele>23.45231290347874</ele>
				<time>2026-08-02T21:51:18Z</time>
			</trkpt>
			<trkpt lat="34.98639197141063" lon="137.16350754415205">
				<ele>23.766409426927567</ele>
				<time>2026-08-02T21:51:19Z</time>
			</trkpt>
			<trkpt lat="34.98649027354397" lon="137.16353365719436">
				<ele>24.40017443522811</ele>
				<time>2026-08-02T21:51:20Z</time>
			</trkpt>
			<trkpt lat="34.98656840216621" lon="137.1635525108914">
				<ele>24.65073104854673</ele>
				<time>2026-08-02T21:51:21Z</time>
			</trkpt>
			<trkpt lat="34.986623675601734" lon="137.16358048445832">
				<ele>24.846749898977578</ele>
				<time>2026-08-02T21:51:22Z</time>
			</trkpt>
			<trkpt lat="34.98665212099351" lon="137.16359439284702">
				<ele>24.995299735106528</ele>
				<time>2026-08-02T21:51:23Z</time>
			</trkpt>
			<trkpt lat="34.98662986784449" lon="137.163602163319">
				<ele>26.861930675804615</ele>
				<time>2026-08-02T21:52:10Z</time>
			</trkpt>
			<trkpt lat="34.9866665247713" lon="137.16361294285596">
				<ele>26.059731842018664</ele>
				<time>2026-08-02T21:52:12Z</time>
			</trkpt>
			<trkpt lat="34.98669744832854" lon="137.16362043510708">
				<ele>25.852208741940558</ele>
				<time>2026-08-02T21:52:13Z</time>
			</trkpt>
			<trkpt lat="34.986730494780296" lon="137.16363173890704">
				<ele>25.61672807112336</ele>
				<time>2026-08-02T21:52:14Z</time>
			</trkpt>
			<trkpt lat="34.98676771795508" lon="137.1636437460052">
				<ele>25.3542812904343</ele>
				<time>2026-08-02T21:52:15Z</time>
			</trkpt>
			<trkpt lat="34.98681618099095" lon="137.16365659176859">
				<ele>25.049563695676625</ele>
				<time>2026-08-02T21:52:16Z</time>
			</trkpt>
			<trkpt lat="34.98687934007887" lon="137.16367325524106">
				<ele>24.771329075098038</ele>
				<time>2026-08-02T21:52:17Z</time>
			</trkpt>
			<trkpt lat="34.98694684716401" lon="137.16369414737716">
				<ele>24.484185066074133</ele>
				<time>2026-08-02T21:52:18Z</time>
			</trkpt>
			<trkpt lat="34.98701445326783" lon="137.16371580094813">
				<ele>23.984006284736097</ele>
				<time>2026-08-02T21:52:19Z</time>
			</trkpt>
			<trkpt lat="34.987087494477635" lon="137.16374023164295">
				<ele>23.734481981024146</ele>
				<time>2026-08-02T21:52:20Z</time>
			</trkpt>
			<trkpt lat="34.987174889509646" lon="137.1637676332076">
				<ele>23.607900539413095</ele>
				<time>2026-08-02T21:52:21Z</time>
			</trkpt>
			<trkpt lat="34.98726197731116" lon="137.16379649430962">
				<ele>23.468212198466063</ele>
				<time>2026-08-02T21:52:22Z</time>
			</trkpt>
			<trkpt lat="34.98734579973306" lon="137.16382680817503">
				<ele>23.212214472703636</ele>
				<time>2026-08-02T21:52:23Z</time>
			</trkpt>
			<trkpt lat="34.987428799076426" lon="137.16385607715145">
				<ele>23.17919496446848</ele>
				<time>2026-08-02T21:52:24Z</time>
			</trkpt>
			<trkpt lat="34.987513630862054" lon="137.1638855712634">
				<ele>23.03113496862352</ele>
				<time>2026-08-02T21:52:25Z</time>
			</trkpt>
			<trkpt lat="34.98759687006719" lon="137.16391570041284">
				<ele>22.77351437136531</ele>
				<time>2026-08-02T21:52:26Z</time>
			</trkpt>
			<trkpt lat="34.98768139257353" lon="137.16394508518053">
				<ele>22.4916739333421</ele>
				<time>2026-08-02T21:52:27Z</time>
			</trkpt>
			<trkpt lat="34.98776601429021" lon="137.16397502618878">
				<ele>22.155334040522575</ele>
				<time>2026-08-02T21:52:28Z</time>
			</trkpt>
			<trkpt lat="34.98784516436386" lon="137.16400503556073">
				<ele>21.95841815136373</ele>
				<time>2026-08-02T21:52:29Z</time>
			</trkpt>
			<trkpt lat="34.98792359173939" lon="137.164034075685">
				<ele>21.973845687694848</ele>
				<time>2026-08-02T21:52:30Z</time>
			</trkpt>
			<trkpt lat="34.9880042296058" lon="137.16406255075216">
				<ele>21.991884145885706</ele>
				<time>2026-08-02T21:52:31Z</time>
			</trkpt>
			<trkpt lat="34.98809136991923" lon="137.16409192580622">
				<ele>22.124916169792414</ele>
				<time>2026-08-02T21:52:32Z</time>
			</trkpt>
			<trkpt lat="34.988171876872144" lon="137.16411817474997">
				<ele>22.176334956660867</ele>
				<time>2026-08-02T21:52:33Z</time>
			</trkpt>
			<trkpt lat="34.988251944492426" lon="137.164143456812">
				<ele>22.267540936358273</ele>
				<time>2026-08-02T21:52:34Z</time>
			</trkpt>
			<trkpt lat="34.988331562869725" lon="137.16416845862346">
				<ele>22.317889395169914</ele>
				<time>2026-08-02T21:52:35Z</time>
			</trkpt>
			<trkpt lat="34.9884175618852" lon="137.16419054526074">
				<ele>22.391970840282738</ele>
				<time>2026-08-02T21:52:36Z</time>
			</trkpt>
			<trkpt lat="34.98849614282516" lon="137.16421445440673">
				<ele>22.60660394653678</ele>
				<time>2026-08-02T21:52:37Z</time>
			</trkpt>
			<trkpt lat="34.988573540287355" lon="137.16423511805553">
				<ele>22.65598817449063</ele>
				<time>2026-08-02T21:52:38Z</time>
			</trkpt>
			<trkpt lat="34.9886427006714" lon="137.16425919901172">
				<ele>22.54534345678985</ele>
				<time>2026-08-02T21:52:39Z</time>
			</trkpt>
			<trkpt lat="34.98871555775822" lon="137.16428239714128">
				<ele>22.695123442448676</ele>
				<time>2026-08-02T21:52:40Z</time>
			</trkpt>
			<trkpt lat="34.988794529936776" lon="137.16430288075034">
				<ele>22.73317839950323</ele>
				<time>2026-08-02T21:52:41Z</time>
			</trkpt>
			<trkpt lat="34.98886561184819" lon="137.16432554386208">
				<ele>22.720283360220492</ele>
				<time>2026-08-02T21:52:42Z</time>
			</trkpt>
			<trkpt lat="34.9889307748826" lon="137.16434919235436">
				<ele>22.621507867239416</ele>
				<time>2026-08-02T21:52:43Z</time>
			</trkpt>
			<trkpt lat="34.988994377454986" lon="137.16437094836496">
				<ele>22.620033960789442</ele>
				<time>2026-08-02T21:52:44Z</time>
			</trkpt>
			<trkpt lat="34.98905910319354" lon="137.164393847432">
				<ele>22.54728872794658</ele>
				<time>2026-08-02T21:52:45Z</time>
			</trkpt>
			<trkpt lat="34.989125395772085" lon="137.1644126985914">
				<ele>22.565613699145615</ele>
				<time>2026-08-02T21:52:46Z</time>
			</trkpt>
			<trkpt lat="34.98920030993631" lon="137.16442599180868">
				<ele>22.48229238204658</ele>
				<time>2026-08-02T21:52:47Z</time>
			</trkpt>
			<trkpt lat="34.98925846274598" lon="137.16444649434158">
				<ele>22.39518229290843</ele>
				<time>2026-08-02T21:52:48Z</time>
			</trkpt>
			<trkpt lat="34.989319940060994" lon="137.1644658106676">
				<ele>22.30421123933047</ele>
				<time>2026-08-02T21:52:49Z</time>
			</trkpt>
			<trkpt lat="34.98937770974278" lon="137.16448455813705">
				<ele>22.29138143453747</ele>
				<time>2026-08-02T21:52:50Z</time>
			</trkpt>
			<trkpt lat="34.98943141675841" lon="137.16450260483563">
				<ele>22.330085219815373</ele>
				<time>2026-08-02T21:52:51Z</time>
			</trkpt>
			<trkpt lat="34.98948170748749" lon="137.16452082483713">
				<ele>22.24411082919687</ele>
				<time>2026-08-02T21:52:52Z</time>
			</trkpt>
			<trkpt lat="34.98952702089826" lon="137.16453465211683">
				<ele>22.326198949478567</ele>
				<time>2026-08-02T21:52:53Z</time>
			</trkpt>
			<trkpt lat="34.9895741840981" lon="137.16454735500218">
				<ele>22.423148181289434</ele>
				<time>2026-08-02T21:52:54Z</time>
			</trkpt>
			<trkpt lat="34.98962191138865" lon="137.16456220630417">
				<ele>22.516995743848383</ele>
				<time>2026-08-02T21:52:55Z</time>
			</trkpt>
			<trkpt lat="34.989655298688334" lon="137.16457497415092">
				<ele>22.44467725697905</ele>
				<time>2026-08-02T21:52:56Z</time>
			</trkpt>
			<trkpt lat="34.98969154449532" lon="137.16458728106545">
				<ele>22.476049434393644</ele>
				<time>2026-08-02T21:52:57Z</time>
			</trkpt>
			<trkpt lat="34.98972371160726" lon="137.16459919010526">
				<ele>22.641229221597314</ele>
				<time>2026-08-02T21:52:58Z</time>
			</trkpt>
			<trkpt lat="34.98975168755699" lon="137.1646099071393">
				<ele>22.667293842881918</ele>
				<time>2026-08-02T21:52:59Z</time>
			</trkpt>
			<trkpt lat="34.98978503429091" lon="137.16462046730095">
				<ele>22.653026725165546</ele>
				<time>2026-08-02T21:53:00Z</time>
			</trkpt>
			<trkpt lat="34.989811580875454" lon="137.16463105132212">
				<ele>22.73793859127909</ele>
				<time>2026-08-02T21:53:01Z</time>
			</trkpt>
			<trkpt lat="34.989839187749105" lon="137.16464235193476">
				<ele>22.798028212040663</ele>
				<time>2026-08-02T21:53:02Z</time>
			</trkpt>
			<trkpt lat="34.98986932950048" lon="137.1646542500839">
				<ele>22.76392714586109</ele>
				<time>2026-08-02T21:53:03Z</time>
			</trkpt>
			<trkpt lat="34.98990294301759" lon="137.16466514146245">
				<ele>22.711275566369295</ele>
				<time>2026-08-02T21:53:04Z</time>
			</trkpt>
			<trkpt lat="34.98993706766209" lon="137.16467865550536">
				<ele>22.727956782095134</ele>
				<time>2026-08-02T21:53:05Z</time>
			</trkpt>
			<trkpt lat="34.98996920327126" lon="137.16468921841064">
				<ele>22.714115700684488</ele>
				<time>2026-08-02T21:53:06Z</time>
			</trkpt>
			<trkpt lat="34.98999786444531" lon="137.16469930722008">
				<ele>22.657908115535975</ele>
				<time>2026-08-02T21:53:07Z</time>
			</trkpt>
			<trkpt lat="34.99001600514129" lon="137.1647080852989">
				<ele>22.57763030100614</ele>
				<time>2026-08-02T21:53:08Z</time>
			</trkpt>
			<trkpt lat="34.99003523830608" lon="137.16471375401537">
				<ele>22.480247422121465</ele>
				<time>2026-08-02T21:53:09Z</time>
			</trkpt>
			<trkpt lat="34.9900562138858" lon="137.16471959517088">
				<ele>22.384661159478128</ele>
				<time>2026-08-02T21:53:10Z</time>
			</trkpt>
			<trkpt lat="34.990077573085706" lon="137.16472646262744">
				<ele>22.339266675524414</ele>
				<time>2026-08-02T21:53:11Z</time>
			</trkpt>
			<trkpt lat="34.990100143624616" lon="137.1647337758625">
				<ele>22.415092514827847</ele>
				<time>2026-08-02T21:53:12Z</time>
			</trkpt>
			<trkpt lat="34.99012312345608" lon="137.1647413656826">
				<ele>22.41445073671639</ele>
				<time>2026-08-02T21:53:13Z</time>
			</trkpt>
			<trkpt lat="34.99014669196871" lon="137.1647528670524">
				<ele>22.41753747034818</ele>
				<time>2026-08-02T21:53:14Z</time>
			</trkpt>
			<trkpt lat="34.990178117163936" lon="137.16476465084395">
				<ele>22.43247782252729</ele>
				<time>2026-08-02T21:53:15Z</time>
			</trkpt>
			<trkpt lat="34.990213391846964" lon="137.16477753939398">
				<ele>22.42646848410368</ele>
				<time>2026-08-02T21:53:16Z</time>
			</trkpt>
			<trkpt lat="34.990247612819516" lon="137.16479144203436">
				<ele>22.412415146827698</ele>
				<time>2026-08-02T21:53:17Z</time>
			</trkpt>
			<trkpt lat="34.99028050073605" lon="137.1648030978213">
				<ele>22.391217375174165</ele>
				<time>2026-08-02T21:53:18Z</time>
			</trkpt>
			<trkpt lat="34.990316733443095" lon="137.16481312309685">
				<ele>22.35243928991258</ele>
				<time>2026-08-02T21:53:19Z</time>
			</trkpt>
			<trkpt lat="34.990351745061396" lon="137.16482302819662">
				<ele>22.345754963345826</ele>
				<time>2026-08-02T21:53:20Z</time>
			</trkpt>
			<trkpt lat="34.99038311165781" lon="137.1648351860281">
				<ele>22.35793676879257</ele>
				<time>2026-08-02T21:53:21Z</time>
			</trkpt>
			<trkpt lat="34.99041461947252" lon="137.16484590388905">
				<ele>22.3914849543944</ele>
				<time>2026-08-02T21:53:22Z</time>
			</trkpt>
			<trkpt lat="34.990455149889236" lon="137.16485354289478">
				<ele>22.422627853229642</ele>
				<time>2026-08-02T21:53:23Z</time>
			</trkpt>
			<trkpt lat="34.990479229021574" lon="137.16486410373406">
				<ele>22.45422536879778</ele>
				<time>2026-08-02T21:53:24Z</time>
			</trkpt>
			<trkpt lat="34.99050020509223" lon="137.16487137047952">
				<ele>22.585143066942692</ele>
				<time>2026-08-02T21:53:25Z</time>
			</trkpt>
			<trkpt lat="34.9905218357199" lon="137.1648787274769">
				<ele>22.825321093201637</ele>
				<time>2026-08-02T21:53:27Z</time>
			</trkpt>
			<trkpt lat="34.9905748324661" lon="137.16487036785392">
				<ele>24.906563346274197</ele>
				<time>2026-08-02T21:54:19Z</time>
			</trkpt>
			<trkpt lat="34.99060845612982" lon="137.1648837373359">
				<ele>24.063212282955647</ele>
				<time>2026-08-02T21:54:21Z</time>
			</trkpt>
			<trkpt lat="34.990643389234585" lon="137.16489356103816">
				<ele>23.77963398490101</ele>
				<time>2026-08-02T21:54:22Z</time>
			</trkpt>
			<trkpt lat="34.99067883655291" lon="137.16490551356083">
				<ele>23.70029979199171</ele>
				<time>2026-08-02T21:54:23Z</time>
			</trkpt>
			<trkpt lat="34.99071514552709" lon="137.16491522478577">
				<ele>23.61218656692654</ele>
				<time>2026-08-02T21:54:24Z</time>
			</trkpt>
			<trkpt lat="34.990762744941236" lon="137.1649303256262">
				<ele>23.502242208458483</ele>
				<time>2026-08-02T21:54:25Z</time>
			</trkpt>
			<trkpt lat="34.99082115059165" lon="137.16494913223323">
				<ele>23.55026819370687</ele>
				<time>2026-08-02T21:54:26Z</time>
			</trkpt>
			<trkpt lat="34.990882633093634" lon="137.16496756106142">
				<ele>23.614178095944226</ele>
				<time>2026-08-02T21:54:27Z</time>
			</trkpt>
			<trkpt lat="34.99094091191624" lon="137.1649871682096">
				<ele>23.512645642273128</ele>
				<time>2026-08-02T21:54:28Z</time>
			</trkpt>
			<trkpt lat="34.99100642491838" lon="137.16500684741973">
				<ele>23.464653099887073</ele>
				<time>2026-08-02T21:54:29Z</time>
			</trkpt>
			<trkpt lat="34.99107808609516" lon="137.16502827101436">
				<ele>23.432621544227004</ele>
				<time>2026-08-02T21:54:30Z</time>
			</trkpt>
			<trkpt lat="34.991142523253856" lon="137.1650460944756">
				<ele>23.49337206594646</ele>
				<time>2026-08-02T21:54:31Z</time>
			</trkpt>
			<trkpt lat="34.991205177401035" lon="137.16506177305416">
				<ele>23.434182937256992</ele>
				<time>2026-08-02T21:54:32Z</time>
			</trkpt>
			<trkpt lat="34.99125473043151" lon="137.16507676451616">
				<ele>23.222821534611285</ele>
				<time>2026-08-02T21:54:33Z</time>
			</trkpt>
			<trkpt lat="34.99129906245598" lon="137.1650887464375">
				<ele>23.143361228518188</ele>
				<time>2026-08-02T21:54:34Z</time>
			</trkpt>
			<trkpt lat="34.991341014206526" lon="137.16509972189795">
				<ele>22.93635216448456</ele>
				<time>2026-08-02T21:54:35Z</time>
			</trkpt>
			<trkpt lat="34.99136574710355" lon="137.1651094124998">
				<ele>23.00853916723281</ele>
				<time>2026-08-02T21:54:36Z</time>
			</trkpt>
			<trkpt lat="34.991391118436034" lon="137.16511370820587">
				<ele>23.15788843575865</ele>
				<time>2026-08-02T21:54:37Z</time>
			</trkpt>
			<trkpt lat="34.99139740829379" lon="137.16513673147506">
				<ele>23.90951893851161</ele>
				<time>2026-08-02T21:54:44Z</time>
			</trkpt>
			<trkpt lat="34.991423171292354" lon="137.1651507887578">
				<ele>23.780904354527593</ele>
				<time>2026-08-02T21:54:46Z</time>
			</trkpt>
			<trkpt lat="34.991440799276035" lon="137.1651570847108">
				<ele>23.689810816198587</ele>
				<time>2026-08-02T21:54:47Z</time>
			</trkpt>
			<trkpt lat="34.99147174928778" lon="137.16516419930716">
				<ele>23.60465553868562</ele>
				<time>2026-08-02T21:54:48Z</time>
			</trkpt>
			<trkpt lat="34.99150385233402" lon="137.16516981776323">
				<ele>23.492209281772375</ele>
				<time>2026-08-02T21:54:49Z</time>
			</trkpt>
			<trkpt lat="34.991533695987684" lon="137.16517839217485">
				<ele>23.509605846367776</ele>
				<time>2026-08-02T21:54:50Z</time>
			</trkpt>
			<trkpt lat="34.991572827496206" lon="137.16519154665397">
				<ele>23.636911935172975</ele>
				<time>2026-08-02T21:54:51Z</time>
			</trkpt>
			<trkpt lat="34.991613115192116" lon="137.1652058791533">
				<ele>23.728493409231305</ele>
				<time>2026-08-02T21:54:52Z</time>
			</trkpt>
			<trkpt lat="34.99165863639071" lon="137.1652163662106">
				<ele>23.770540029741824</ele>
				<time>2026-08-02T21:54:53Z</time>
			</trkpt>
			<trkpt lat="34.991705378749" lon="137.16522891868416">
				<ele>23.75995243433863</ele>
				<time>2026-08-02T21:54:54Z</time>
			</trkpt>
			<trkpt lat="34.991746806148655" lon="137.16524334416235">
				<ele>23.76479009538889</ele>
				<time>2026-08-02T21:54:55Z</time>
			</trkpt>
			<trkpt lat="34.99179536655243" lon="137.1652555663462">
				<ele>23.81237232219428</ele>
				<time>2026-08-02T21:54:56Z</time>
			</trkpt>
			<trkpt lat="34.99184647199661" lon="137.16526391655617">
				<ele>23.923459075391293</ele>
				<time>2026-08-02T21:54:57Z</time>
			</trkpt>
			<trkpt lat="34.99190381200308" lon="137.1652712531839">
				<ele>24.02927809022367</ele>
				<time>2026-08-02T21:54:58Z</time>
			</trkpt>
			<trkpt lat="34.991958510552074" lon="137.16527840614577">
				<ele>24.073048502206802</ele>
				<time>2026-08-02T21:54:59Z</time>
			</trkpt>
			<trkpt lat="34.992001647301876" lon="137.16528860213617">
				<ele>24.048034817911685</ele>
				<time>2026-08-02T21:55:00Z</time>
			</trkpt>
			<trkpt lat="34.992064203905436" lon="137.16529663302967">
				<ele>24.012926641851664</ele>
				<time>2026-08-02T21:55:01Z</time>
			</trkpt>
			<trkpt lat="34.99212264487469" lon="137.1653117957397">
				<ele>24.04472450632602</ele>
				<time>2026-08-02T21:55:02Z</time>
			</trkpt>
			<trkpt lat="34.99218624848951" lon="137.16532128077478">
				<ele>24.0919976728037</ele>
				<time>2026-08-02T21:55:03Z</time>
			</trkpt>
			<trkpt lat="34.992236763729416" lon="137.16533542490353">
				<ele>24.028175617568195</ele>
				<time>2026-08-02T21:55:04Z</time>
			</trkpt>
			<trkpt lat="34.99229572528138" lon="137.16534997305524">
				<ele>23.970433834008873</ele>
				<time>2026-08-02T21:55:05Z</time>
			</trkpt>
			<trkpt lat="34.99234970147874" lon="137.1653651603915">
				<ele>23.882216160185635</ele>
				<time>2026-08-02T21:55:06Z</time>
			</trkpt>
			<trkpt lat="34.99240479474813" lon="137.16538121022086">
				<ele>23.62870831694454</ele>
				<time>2026-08-02T21:55:07Z</time>
			</trkpt>
			<trkpt lat="34.99246363511082" lon="137.16539811146518">
				<ele>23.43293429724872</ele>
				<time>2026-08-02T21:55:08Z</time>
			</trkpt>
			<trkpt lat="34.99252596791205" lon="137.1654165437338">
				<ele>23.43085447885096</ele>
				<time>2026-08-02T21:55:09Z</time>
			</trkpt>
			<trkpt lat="34.99258732431726" lon="137.16543347598824">
				<ele>23.399989628233016</ele>
				<time>2026-08-02T21:55:10Z</time>
			</trkpt>
			<trkpt lat="34.9926456107723" lon="137.16544814669635">
				<ele>23.327935609035194</ele>
				<time>2026-08-02T21:55:11Z</time>
			</trkpt>
			<trkpt lat="34.992706813385695" lon="137.16546052969233">
				<ele>23.32672442868352</ele>
				<time>2026-08-02T21:55:12Z</time>
			</trkpt>
			<trkpt lat="34.99275889943897" lon="137.1654699398737">
				<ele>23.38440443854779</ele>
				<time>2026-08-02T21:55:13Z</time>
			</trkpt>
			<trkpt lat="34.992810628826874" lon="137.1654801858909">
				<ele>23.2908832738176</ele>
				<time>2026-08-02T21:55:14Z</time>
			</trkpt>
			<trkpt lat="34.99285891968462" lon="137.1654880737856">
				<ele>23.25785588566214</ele>
				<time>2026-08-02T21:55:15Z</time>
			</trkpt>
			<trkpt lat="34.992902092841724" lon="137.1654960283874">
				<ele>23.228124929592013</ele>
				<time>2026-08-02T21:55:16Z</time>
			</trkpt>
			<trkpt lat="34.992938022885376" lon="137.16549967068747">
				<ele>23.275204932317138</ele>
				<time>2026-08-02T21:55:17Z</time>
			</trkpt>
			<trkpt lat="34.992955789533134" lon="137.1655062596411">
				<ele>23.29210473690182</ele>
				<time>2026-08-02T21:55:19Z</time>
			</trkpt>
			<trkpt lat="34.99297665073759" lon="137.16549753285133">
				<ele>23.535984461195767</ele>
				<time>2026-08-02T21:55:23Z</time>
			</trkpt>
			<trkpt lat="34.99299384270028" lon="137.16551279064987">
				<ele>25.01168726850301</ele>
				<time>2026-08-02T21:55:40Z</time>
			</trkpt>
			<trkpt lat="34.9929721644333" lon="137.1655225642227">
				<ele>23.01527737826109</ele>
				<time>2026-08-02T21:56:07Z</time>
			</trkpt>
			<trkpt lat="34.99301076864485" lon="137.16552144529854">
				<ele>23.32512540742755</ele>
				<time>2026-08-02T21:56:09Z</time>
			</trkpt>
			<trkpt lat="34.993051465947886" lon="137.16552690397182">
				<ele>23.345265513285995</ele>
				<time>2026-08-02T21:56:10Z</time>
			</trkpt>
			<trkpt lat="34.99309921567036" lon="137.16553615470093">
				<ele>23.42130678705871</ele>
				<time>2026-08-02T21:56:11Z</time>
			</trkpt>
			<trkpt lat="34.99313595101951" lon="137.16554975696772">
				<ele>23.31688406690955</ele>
				<time>2026-08-02T21:56:12Z</time>
			</trkpt>
			<trkpt lat="34.993172165522594" lon="137.1655634572389">
				<ele>23.43166226428002</ele>
				<time>2026-08-02T21:56:13Z</time>
			</trkpt>
			<trkpt lat="34.99321434696123" lon="137.16557969849404">
				<ele>23.529846942052245</ele>
				<time>2026-08-02T21:56:14Z</time>
			</trkpt>
			<trkpt lat="34.993263564681" lon="137.16559485967002">
				<ele>23.64024580270052</ele>
				<time>2026-08-02T21:56:15Z</time>
			</trkpt>
			<trkpt lat="34.99332320167836" lon="137.16561351567776">
				<ele>23.779400817118585</ele>
				<time>2026-08-02T21:56:16Z</time>
			</trkpt>
			<trkpt lat="34.993385410368234" lon="137.165633698572">
				<ele>23.735376640222967</ele>
				<time>2026-08-02T21:56:17Z</time>
			</trkpt>
			<trkpt lat="34.99345391757627" lon="137.16565527388036">
				<ele>23.94634976889938</ele>
				<time>2026-08-02T21:56:18Z</time>
			</trkpt>
			<trkpt lat="34.993511843053334" lon="137.16567496452504">
				<ele>23.83203751873225</ele>
				<time>2026-08-02T21:56:19Z</time>
			</trkpt>
			<trkpt lat="34.993587199411294" lon="137.16569739817925">
				<ele>23.93653234373778</ele>
				<time>2026-08-02T21:56:20Z</time>
			</trkpt>
			<trkpt lat="34.99366740637135" lon="137.16571473340167">
				<ele>23.775857055559754</ele>
				<time>2026-08-02T21:56:21Z</time>
			</trkpt>
			<trkpt lat="34.99374917442395" lon="137.16573383191218">
				<ele>23.806343944743276</ele>
				<time>2026-08-02T21:56:22Z</time>
			</trkpt>
			<trkpt lat="34.9938201566511" lon="137.16575224419634">
				<ele>23.8542077280581</ele>
				<time>2026-08-02T21:56:23Z</time>
			</trkpt>
			<trkpt lat="34.993890275553795" lon="137.16577169266293">
				<ele>23.77824977878481</ele>
				<time>2026-08-02T21:56:24Z</time>
			</trkpt>
			<trkpt lat="34.9939507483745" lon="137.16579109196755">
				<ele>23.774187329225242</ele>
				<time>2026-08-02T21:56:25Z</time>
			</trkpt>
			<trkpt lat="34.99401582644729" lon="137.1658154695264">
				<ele>23.776412520557642</ele>
				<time>2026-08-02T21:56:26Z</time>
			</trkpt>
			<trkpt lat="34.99409925297499" lon="137.1658428130082">
				<ele>23.958857807330787</ele>
				<time>2026-08-02T21:56:27Z</time>
			</trkpt>
			<trkpt lat="34.99418264261284" lon="137.16588256349442">
				<ele>23.936172642745078</ele>
				<time>2026-08-02T21:56:28Z</time>
			</trkpt>
			<trkpt lat="34.99427193667358" lon="137.16590762003526">
				<ele>23.614278573542833</ele>
				<time>2026-08-02T21:56:29Z</time>
			</trkpt>
			<trkpt lat="34.994358375389226" lon="137.16593129969152">
				<ele>23.795277236029506</ele>
				<time>2026-08-02T21:56:30Z</time>
			</trkpt>
			<trkpt lat="34.994443318880066" lon="137.1659519274922">
				<ele>23.651762573979795</ele>
				<time>2026-08-02T21:56:31Z</time>
			</trkpt>
			<trkpt lat="34.994519647722804" lon="137.1659707889555">
				<ele>23.873938632197678</ele>
				<time>2026-08-02T21:56:32Z</time>
			</trkpt>
			<trkpt lat="34.994595346795386" lon="137.16598979532426">
				<ele>24.07678365893662</ele>
				<time>2026-08-02T21:56:33Z</time>
			</trkpt>
			<trkpt lat="34.99466967636423" lon="137.1660082552668">
				<ele>24.1519114067778</ele>
				<time>2026-08-02T21:56:34Z</time>
			</trkpt>
			<trkpt lat="34.994738928661825" lon="137.1660273246923">
				<ele>24.38610282819718</ele>
				<time>2026-08-02T21:56:35Z</time>
			</trkpt>
			<trkpt lat="34.99480808061773" lon="137.16604450723167">
				<ele>24.59967132844031</ele>
				<time>2026-08-02T21:56:36Z</time>
			</trkpt>
			<trkpt lat="34.99487509398413" lon="137.16606266701152">
				<ele>25.01742105279118</ele>
				<time>2026-08-02T21:56:37Z</time>
			</trkpt>
			<trkpt lat="34.99494268819978" lon="137.166076960637">
				<ele>25.21896260138601</ele>
				<time>2026-08-02T21:56:38Z</time>
			</trkpt>
			<trkpt lat="34.99500393940219" lon="137.16609311147974">
				<ele>25.338469248265028</ele>
				<time>2026-08-02T21:56:39Z</time>
			</trkpt>
			<trkpt lat="34.995061958570744" lon="137.16610806613724">
				<ele>25.757407343946397</ele>
				<time>2026-08-02T21:56:40Z</time>
			</trkpt>
			<trkpt lat="34.99511903994536" lon="137.16612025287384">
				<ele>25.71945632994175</ele>
				<time>2026-08-02T21:56:41Z</time>
			</trkpt>
			<trkpt lat="34.9951666894309" lon="137.1661329151689">
				<ele>26.292345675639808</ele>
				<time>2026-08-02T21:56:42Z</time>
			</trkpt>
			<trkpt lat="34.99520966280859" lon="137.1661434436911">
				<ele>26.431876616552472</ele>
				<time>2026-08-02T21:56:43Z</time>
			</trkpt>
			<trkpt lat="34.99524917087739" lon="137.166153279903">
				<ele>26.55620976909995</ele>
				<time>2026-08-02T21:56:44Z</time>
			</trkpt>
			<trkpt lat="34.995289507614196" lon="137.16616158722584">
				<ele>26.70078662596643</ele>
				<time>2026-08-02T21:56:45Z</time>
			</trkpt>
			<trkpt lat="34.99533002101394" lon="137.16617118264324">
				<ele>26.764109898358583</ele>
				<time>2026-08-02T21:56:46Z</time>
			</trkpt>
			<trkpt lat="34.99537306903125" lon="137.16618250606535">
				<ele>27.043428875505924</ele>
				<time>2026-08-02T21:56:47Z</time>
			</trkpt>
			<trkpt lat="34.99542015129402" lon="137.1661943998041">
				<ele>27.140193085186183</ele>
				<time>2026-08-02T21:56:48Z</time>
			</trkpt>
			<trkpt lat="34.99546525666954" lon="137.1662062923212">
				<ele>27.129911795258522</ele>
				<time>2026-08-02T21:56:49Z</time>
			</trkpt>
			<trkpt lat="34.99551132742725" lon="137.1662175760547">
				<ele>26.92146219778806</ele>
				<time>2026-08-02T21:56:50Z</time>
			</trkpt>
			<trkpt lat="34.995553741341595" lon="137.16622969773064">
				<ele>26.928669705986977</ele>
				<time>2026-08-02T21:56:51Z</time>
			</trkpt>
			<trkpt lat="34.99559280611434" lon="137.16624131624647">
				<ele>26.928594272583723</ele>
				<time>2026-08-02T21:56:52Z</time>
			</trkpt>
			<trkpt lat="34.99563240529313" lon="137.16625227342684">
				<ele>26.85440245270729</ele>
				<time>2026-08-02T21:56:53Z</time>
			</trkpt>
			<trkpt lat="34.9956709270337" lon="137.16626661378348">
				<ele>27.739949874579906</ele>
				<time>2026-08-02T21:56:54Z</time>
			</trkpt>
			<trkpt lat="34.99571555885877" lon="137.16627609943663">
				<ele>26.92455700598657</ele>
				<time>2026-08-02T21:56:55Z</time>
			</trkpt>
			<trkpt lat="34.995763923930255" lon="137.16628675496102">
				<ele>27.50068592466414</ele>
				<time>2026-08-02T21:56:56Z</time>
			</trkpt>
			<trkpt lat="34.995811334913604" lon="137.16629519975874">
				<ele>27.235106816515326</ele>
				<time>2026-08-02T21:56:57Z</time>
			</trkpt>
			<trkpt lat="34.99585991205499" lon="137.1663075689959">
				<ele>27.409058447927237</ele>
				<time>2026-08-02T21:56:58Z</time>
			</trkpt>
			<trkpt lat="34.995910315126686" lon="137.16632009544477">
				<ele>27.624642761424184</ele>
				<time>2026-08-02T21:56:59Z</time>
			</trkpt>
			<trkpt lat="34.99596101245175" lon="137.16633109397634">
				<ele>27.66172803658992</ele>
				<time>2026-08-02T21:57:00Z</time>
			</trkpt>
			<trkpt lat="34.99599687296716" lon="137.1663396976367">
				<ele>27.83382840733975</ele>
				<time>2026-08-02T21:57:01Z</time>
			</trkpt>
			<trkpt lat="34.996039378973784" lon="137.16634797103333">
				<ele>27.67167799267918</ele>
				<time>2026-08-02T21:57:02Z</time>
			</trkpt>
			<trkpt lat="34.99606962908333" lon="137.1663549993535">
				<ele>27.89261575229466</ele>
				<time>2026-08-02T21:57:03Z</time>
			</trkpt>
			<trkpt lat="34.99609566608755" lon="137.16636038120944">
				<ele>28.16945948265493</ele>
				<time>2026-08-02T21:57:05Z</time>
			</trkpt>
			<trkpt lat="34.996122751104785" lon="137.16636700041786">
				<ele>28.79110118187964</ele>
				<time>2026-08-02T21:57:07Z</time>
			</trkpt>
			<trkpt lat="34.99614612928563" lon="137.16637187326106">
				<ele>30.254999466240406</ele>
				<time>2026-08-02T21:57:16Z</time>
			</trkpt>
			<trkpt lat="34.99616485275821" lon="137.1663748778157">
				<ele>30.558356148190796</ele>
				<time>2026-08-02T21:57:17Z</time>
			</trkpt>
			<trkpt lat="34.99619311833986" lon="137.16638190607839">
				<ele>30.77167760953307</ele>
				<time>2026-08-02T21:57:18Z</time>
			</trkpt>
			<trkpt lat="34.99623331676932" lon="137.16638999541007">
				<ele>30.890455168671906</ele>
				<time>2026-08-02T21:57:19Z</time>
			</trkpt>
			<trkpt lat="34.99627367287707" lon="137.16639885342434">
				<ele>31.018149689771235</ele>
				<time>2026-08-02T21:57:20Z</time>
			</trkpt>
			<trkpt lat="34.996315273020535" lon="137.16640718470353">
				<ele>31.058200804516673</ele>
				<time>2026-08-02T21:57:21Z</time>
			</trkpt>
			<trkpt lat="34.996360216962856" lon="137.16641846089675">
				<ele>31.185881189070642</ele>
				<time>2026-08-02T21:57:22Z</time>
			</trkpt>
			<trkpt lat="34.9964081774815" lon="137.16643009532535">
				<ele>31.416122034192085</ele>
				<time>2026-08-02T21:57:23Z</time>
			</trkpt>
			<trkpt lat="34.99645552112467" lon="137.16644130720417">
				<ele>31.682492213323712</ele>
				<time>2026-08-02T21:57:24Z</time>
			</trkpt>
			<trkpt lat="34.99650586052366" lon="137.16645352765698">
				<ele>31.75880923587829</ele>
				<time>2026-08-02T21:57:25Z</time>
			</trkpt>
			<trkpt lat="34.99656019060579" lon="137.1664676465399">
				<ele>32.22278707381338</ele>
				<time>2026-08-02T21:57:26Z</time>
			</trkpt>
			<trkpt lat="34.996613416819436" lon="137.16648297385868">
				<ele>31.776813065633178</ele>
				<time>2026-08-02T21:57:27Z</time>
			</trkpt>
			<trkpt lat="34.99666282074028" lon="137.16649854046744">
				<ele>31.918165745213628</ele>
				<time>2026-08-02T21:57:28Z</time>
			</trkpt>
			<trkpt lat="34.996717918450614" lon="137.16651164950233">
				<ele>31.799646583385766</ele>
				<time>2026-08-02T21:57:29Z</time>
			</trkpt>
			<trkpt lat="34.996779846880166" lon="137.16652576217024">
				<ele>32.2081505805254</ele>
				<time>2026-08-02T21:57:30Z</time>
			</trkpt>
			<trkpt lat="34.996822631523926" lon="137.16654019509534">
				<ele>32.5940362829715</ele>
				<time>2026-08-02T21:57:31Z</time>
			</trkpt>
			<trkpt lat="34.99687218198486" lon="137.16655208694266">
				<ele>32.662603083997965</ele>
				<time>2026-08-02T21:57:32Z</time>
			</trkpt>
			<trkpt lat="34.99692721378218" lon="137.16656488109865">
				<ele>32.582965581677854</ele>
				<time>2026-08-02T21:57:33Z</time>
			</trkpt>
			<trkpt lat="34.996978827851144" lon="137.1665772011089">
				<ele>32.54101759009063</ele>
				<time>2026-08-02T21:57:34Z</time>
			</trkpt>
			<trkpt lat="34.99703086270156" lon="137.16659110310042">
				<ele>32.92375598475337</ele>
				<time>2026-08-02T21:57:35Z</time>
			</trkpt>
			<trkpt lat="34.99708445897138" lon="137.16660559712074">
				<ele>33.13449303526431</ele>
				<time>2026-08-02T21:57:36Z</time>
			</trkpt>
			<trkpt lat="34.99713599289947" lon="137.16661708107327">
				<ele>33.26052101422101</ele>
				<time>2026-08-02T21:57:37Z</time>
			</trkpt>
			<trkpt lat="34.99718599096618" lon="137.16662900254104">
				<ele>33.14735575020313</ele>
				<time>2026-08-02T21:57:38Z</time>
			</trkpt>
			<trkpt lat="34.997244951792" lon="137.16664330578683">
				<ele>33.073707171715796</ele>
				<time>2026-08-02T21:57:39Z</time>
			</trkpt>
			<trkpt lat="34.997296069456205" lon="137.16666035235966">
				<ele>33.30442233197391</ele>
				<time>2026-08-02T21:57:40Z</time>
			</trkpt>
			<trkpt lat="34.997352238106814" lon="137.16667825962662">
				<ele>33.3745099529624</ele>
				<time>2026-08-02T21:57:41Z</time>
			</trkpt>
			<trkpt lat="34.997412599856816" lon="137.16669377831434">
				<ele>32.854114819318056</ele>
				<time>2026-08-02T21:57:42Z</time>
			</trkpt>
			<trkpt lat="34.99747381105341" lon="137.16671217568708">
				<ele>32.833001513034105</ele>
				<time>2026-08-02T21:57:43Z</time>
			</trkpt>
			<trkpt lat="34.99754138692331" lon="137.16673197632966">
				<ele>32.775682899169624</ele>
				<time>2026-08-02T21:57:44Z</time>
			</trkpt>
			<trkpt lat="34.99760905994341" lon="137.16675291048998">
				<ele>32.54650176502764</ele>
				<time>2026-08-02T21:57:45Z</time>
			</trkpt>
			<trkpt lat="34.99767434809602" lon="137.16677191656922">
				<ele>32.32480165082961</ele>
				<time>2026-08-02T21:57:46Z</time>
			</trkpt>
			<trkpt lat="34.99774284902964" lon="137.1667910213063">
				<ele>32.41466851439327</ele>
				<time>2026-08-02T21:57:47Z</time>
			</trkpt>
			<trkpt lat="34.99779893868044" lon="137.16680667793656">
				<ele>32.23766931705177</ele>
				<time>2026-08-02T21:57:48Z</time>
			</trkpt>
			<trkpt lat="34.99785853207236" lon="137.1668232649502">
				<ele>31.643278720788658</ele>
				<time>2026-08-02T21:57:49Z</time>
			</trkpt>
			<trkpt lat="34.99791955370313" lon="137.16683876322261">
				<ele>31.683529207482934</ele>
				<time>2026-08-02T21:57:50Z</time>
			</trkpt>
			<trkpt lat="34.99797435147845" lon="137.16685457953844">
				<ele>31.138996997848153</ele>
				<time>2026-08-02T21:57:51Z</time>
			</trkpt>
			<trkpt lat="34.998036690586176" lon="137.16686903793814">
				<ele>31.078033603727818</ele>
				<time>2026-08-02T21:57:52Z</time>
			</trkpt>
			<trkpt lat="34.99809422423107" lon="137.16688048256754">
				<ele>30.186894397251308</ele>
				<time>2026-08-02T21:57:53Z</time>
			</trkpt>
			<trkpt lat="34.998144366615904" lon="137.1668905648508">
				<ele>30.007053270936012</ele>
				<time>2026-08-02T21:57:54Z</time>
			</trkpt>
			<trkpt lat="34.99818265413833" lon="137.16690084211942">
				<ele>29.814358616247773</ele>
				<time>2026-08-02T21:57:55Z</time>
			</trkpt>
			<trkpt lat="34.99822031258548" lon="137.16691091343958">
				<ele>29.555813493207097</ele>
				<time>2026-08-02T21:57:56Z</time>
			</trkpt>
			<trkpt lat="34.99825127274711" lon="137.16691717694917">
				<ele>29.21397785656154</ele>
				<time>2026-08-02T21:57:57Z</time>
			</trkpt>
			<trkpt lat="34.99827849488045" lon="137.16692577505722">
				<ele>29.64271387271583</ele>
				<time>2026-08-02T21:57:58Z</time>
			</trkpt>
			<trkpt lat="34.99830317234586" lon="137.16693212555964">
				<ele>29.782154227606952</ele>
				<time>2026-08-02T21:57:59Z</time>
			</trkpt>
			<trkpt lat="34.99832165369372" lon="137.16693709227377">
				<ele>30.013894505798817</ele>
				<time>2026-08-02T21:58:00Z</time>
			</trkpt>
			<trkpt lat="34.99834063771355" lon="137.16694015284213">
				<ele>29.469217418693006</ele>
				<time>2026-08-02T21:58:01Z</time>
			</trkpt>
			<trkpt lat="34.998362962702856" lon="137.16694451122885">
				<ele>29.30410668812692</ele>
				<time>2026-08-02T21:58:02Z</time>
			</trkpt>
			<trkpt lat="34.99839874962291" lon="137.16695465330804">
				<ele>28.774334216490388</ele>
				<time>2026-08-02T21:58:04Z</time>
			</trkpt>
			<trkpt lat="34.99842836926908" lon="137.1669635407276">
				<ele>28.575488364323974</ele>
				<time>2026-08-02T21:58:06Z</time>
			</trkpt>
			<trkpt lat="34.99845371837154" lon="137.16696791974772">
				<ele>28.72219705954194</ele>
				<time>2026-08-02T21:58:08Z</time>
			</trkpt>
			<trkpt lat="34.998477357542185" lon="137.16696767477276">
				<ele>26.270609121769667</ele>
				<time>2026-08-02T21:58:25Z</time>
			</trkpt>
			<trkpt lat="34.99849657502872" lon="137.16697160067324">
				<ele>26.350925986655056</ele>
				<time>2026-08-02T21:58:26Z</time>
			</trkpt>
			<trkpt lat="34.99852272988182" lon="137.16697819467024">
				<ele>26.452879385091364</ele>
				<time>2026-08-02T21:58:27Z</time>
			</trkpt>
			<trkpt lat="34.9985534724806" lon="137.1669869451997">
				<ele>26.56644058227539</ele>
				<time>2026-08-02T21:58:28Z</time>
			</trkpt>
			<trkpt lat="34.99858985894126" lon="137.16699704356418">
				<ele>27.08483250439167</ele>
				<time>2026-08-02T21:58:29Z</time>
			</trkpt>
			<trkpt lat="34.99863631453217" lon="137.16700843397658">
				<ele>26.835754125379026</ele>
				<time>2026-08-02T21:58:30Z</time>
			</trkpt>
			<trkpt lat="34.998691397887825" lon="137.16702210235508">
				<ele>26.93471857532859</ele>
				<time>2026-08-02T21:58:31Z</time>
			</trkpt>
			<trkpt lat="34.998753707861574" lon="137.16704214742055">
				<ele>27.131864015944302</ele>
				<time>2026-08-02T21:58:32Z</time>
			</trkpt>
			<trkpt lat="34.99881848429537" lon="137.16705760945862">
				<ele>26.777981732971966</ele>
				<time>2026-08-02T21:58:33Z</time>
			</trkpt>
			<trkpt lat="34.99888836345117" lon="137.1670756306101">
				<ele>26.762342477217317</ele>
				<time>2026-08-02T21:58:34Z</time>
			</trkpt>
			<trkpt lat="34.99896577079066" lon="137.16709508240942">
				<ele>26.877875922247767</ele>
				<time>2026-08-02T21:58:35Z</time>
			</trkpt>
			<trkpt lat="34.99905369330098" lon="137.1671153165438">
				<ele>27.20905459858477</ele>
				<time>2026-08-02T21:58:36Z</time>
			</trkpt>
			<trkpt lat="34.99914167617849" lon="137.16713611343363">
				<ele>26.634329873137176</ele>
				<time>2026-08-02T21:58:37Z</time>
			</trkpt>
			<trkpt lat="34.99922546949219" lon="137.167158177428">
				<ele>26.25776384025812</ele>
				<time>2026-08-02T21:58:38Z</time>
			</trkpt>
			<trkpt lat="34.99931027309809" lon="137.16717969281913">
				<ele>26.06882542837411</ele>
				<time>2026-08-02T21:58:39Z</time>
			</trkpt>
			<trkpt lat="34.999396922106015" lon="137.16720198920322">
				<ele>26.01462684944272</ele>
				<time>2026-08-02T21:58:40Z</time>
			</trkpt>
			<trkpt lat="34.999480705758614" lon="137.16722223917304">
				<ele>25.750717032700777</ele>
				<time>2026-08-02T21:58:41Z</time>
			</trkpt>
			<trkpt lat="34.999586195933944" lon="137.16724751974198">
				<ele>25.689745438285172</ele>
				<time>2026-08-02T21:58:42Z</time>
			</trkpt>
			<trkpt lat="34.999673254793535" lon="137.16726808850524">
				<ele>25.4059869190678</ele>
				<time>2026-08-02T21:58:43Z</time>
			</trkpt>
			<trkpt lat="34.99976646376551" lon="137.16729287518197">
				<ele>25.615145915187895</ele>
				<time>2026-08-02T21:58:44Z</time>
			</trkpt>
			<trkpt lat="34.99984666932566" lon="137.16731965926797">
				<ele>25.46228195913136</ele>
				<time>2026-08-02T21:58:45Z</time>
			</trkpt>
			<trkpt lat="34.99993334053083" lon="137.16734608579372">
				<ele>25.695246151648462</ele>
				<time>2026-08-02T21:58:46Z</time>
			</trkpt>
			<trkpt lat="35.00002119126141" lon="137.16736726842547">
				<ele>25.884298578836024</ele>
				<time>2026-08-02T21:58:47Z</time>
			</trkpt>
			<trkpt lat="35.000114145332105" lon="137.16739126657168">
				<ele>25.70726577192545</ele>
				<time>2026-08-02T21:58:48Z</time>
			</trkpt>
			<trkpt lat="35.00019843277601" lon="137.16741259159923">
				<ele>25.651847922243178</ele>
				<time>2026-08-02T21:58:49Z</time>
			</trkpt>
			<trkpt lat="35.00028157824853" lon="137.1674341628964">
				<ele>25.666891182772815</ele>
				<time>2026-08-02T21:58:50Z</time>
			</trkpt>
			<trkpt lat="35.0003660131511" lon="137.16745556102865">
				<ele>25.489817292429507</ele>
				<time>2026-08-02T21:58:51Z</time>
			</trkpt>
			<trkpt lat="35.00045108173614" lon="137.16747950801792">
				<ele>25.384465953335166</ele>
				<time>2026-08-02T21:58:52Z</time>
			</trkpt>
			<trkpt lat="35.00053727380038" lon="137.1675056661298">
				<ele>25.505248699337244</ele>
				<time>2026-08-02T21:58:53Z</time>
			</trkpt>
			<trkpt lat="35.00062036197985" lon="137.1675277844152">
				<ele>25.27671662066132</ele>
				<time>2026-08-02T21:58:54Z</time>
			</trkpt>
			<trkpt lat="35.000710055968014" lon="137.1675470411623">
				<ele>25.535414666868746</ele>
				<time>2026-08-02T21:58:55Z</time>
			</trkpt>
			<trkpt lat="35.00079784516692" lon="137.16756602616667">
				<ele>25.39568415749818</ele>
				<time>2026-08-02T21:58:56Z</time>
			</trkpt>
			<trkpt lat="35.00088633313981" lon="137.16758839180656">
				<ele>25.3587090941146</ele>
				<time>2026-08-02T21:58:57Z</time>
			</trkpt>
			<trkpt lat="35.000973289339385" lon="137.1676067056547">
				<ele>25.263323677703738</ele>
				<time>2026-08-02T21:58:58Z</time>
			</trkpt>
			<trkpt lat="35.00105783233385" lon="137.16762720643715">
				<ele>25.117251767776906</ele>
				<time>2026-08-02T21:58:59Z</time>
			</trkpt>
			<trkpt lat="35.00113786811196" lon="137.16764716822775">
				<ele>25.0771404216066</ele>
				<time>2026-08-02T21:59:00Z</time>
			</trkpt>
			<trkpt lat="35.001220621161636" lon="137.16766758889412">
				<ele>25.064978917129338</ele>
				<time>2026-08-02T21:59:01Z</time>
			</trkpt>
			<trkpt lat="35.001298944025265" lon="137.16769135000743">
				<ele>25.284424592740834</ele>
				<time>2026-08-02T21:59:02Z</time>
			</trkpt>
			<trkpt lat="35.00138066276056" lon="137.1677157521577">
				<ele>25.329738492146134</ele>
				<time>2026-08-02T21:59:03Z</time>
			</trkpt>
			<trkpt lat="35.001464592598964" lon="137.16773863801828">
				<ele>25.381829597987235</ele>
				<time>2026-08-02T21:59:04Z</time>
			</trkpt>
			<trkpt lat="35.00154840300034" lon="137.16775883671386">
				<ele>25.40487898606807</ele>
				<time>2026-08-02T21:59:05Z</time>
			</trkpt>
			<trkpt lat="35.00163347488723" lon="137.16777879188535">
				<ele>25.257435116916895</ele>
				<time>2026-08-02T21:59:06Z</time>
			</trkpt>
			<trkpt lat="35.00170865081547" lon="137.16779879644892">
				<ele>25.408092603087425</ele>
				<time>2026-08-02T21:59:07Z</time>
			</trkpt>
			<trkpt lat="35.00178880258935" lon="137.1678193785073">
				<ele>25.58683430403471</ele>
				<time>2026-08-02T21:59:08Z</time>
			</trkpt>
			<trkpt lat="35.0018722116449" lon="137.16783868050476">
				<ele>25.818530218675733</ele>
				<time>2026-08-02T21:59:09Z</time>
			</trkpt>
			<trkpt lat="35.0019538517296" lon="137.1678589062458">
				<ele>26.07861462701112</ele>
				<time>2026-08-02T21:59:10Z</time>
			</trkpt>
			<trkpt lat="35.002033650850095" lon="137.16787739303984">
				<ele>26.357740454375744</ele>
				<time>2026-08-02T21:59:11Z</time>
			</trkpt>
			<trkpt lat="35.00210996661585" lon="137.16789567822738">
				<ele>26.646165036596358</ele>
				<time>2026-08-02T21:59:12Z</time>
			</trkpt>
			<trkpt lat="35.00218045198003" lon="137.1679138537287">
				<ele>26.829312156885862</ele>
				<time>2026-08-02T21:59:13Z</time>
			</trkpt>
			<trkpt lat="35.00224551068809" lon="137.16792896574898">
				<ele>26.91393148712814</ele>
				<time>2026-08-02T21:59:14Z</time>
			</trkpt>
			<trkpt lat="35.00229922856628" lon="137.16794129805447">
				<ele>27.018945614807308</ele>
				<time>2026-08-02T21:59:15Z</time>
			</trkpt>
			<trkpt lat="35.00233721962733" lon="137.16795241144862">
				<ele>27.096401249989867</ele>
				<time>2026-08-02T21:59:16Z</time>
			</trkpt>
			<trkpt lat="35.00236648129278" lon="137.1679618073771">
				<ele>27.14355283230543</ele>
				<time>2026-08-02T21:59:17Z</time>
			</trkpt>
			<trkpt lat="35.00238746746185" lon="137.16796485335223">
				<ele>27.152975066564977</ele>
				<time>2026-08-02T21:59:18Z</time>
			</trkpt>
			<trkpt lat="35.00241173522253" lon="137.16796290022037">
				<ele>27.109874799847603</ele>
				<time>2026-08-02T21:59:20Z</time>
			</trkpt>
			<trkpt lat="35.002430334421135" lon="137.16794852278105">
				<ele>26.713194639422</ele>
				<time>2026-08-02T21:59:28Z</time>
			</trkpt>
			<trkpt lat="35.0024490426361" lon="137.16794065815918">
				<ele>26.61175964679569</ele>
				<time>2026-08-02T21:59:33Z</time>
			</trkpt>
			<trkpt lat="35.00247061074825" lon="137.16794827939793">
				<ele>26.687898657284677</ele>
				<time>2026-08-02T21:59:47Z</time>
			</trkpt>
			<trkpt lat="35.00250359412972" lon="137.16797479634232">
				<ele>27.199293196201324</ele>
				<time>2026-08-02T21:59:57Z</time>
			</trkpt>
			<trkpt lat="35.00253158479612" lon="137.1679842946098">
				<ele>27.36881728284061</ele>
				<time>2026-08-02T21:59:58Z</time>
			</trkpt>
			<trkpt lat="35.002568465733695" lon="137.1679925244443">
				<ele>27.481698247604072</ele>
				<time>2026-08-02T21:59:59Z</time>
			</trkpt>
			<trkpt lat="35.00260405803216" lon="137.168002354878">
				<ele>27.550523071549833</ele>
				<time>2026-08-02T22:00:00Z</time>
			</trkpt>
			<trkpt lat="35.00264041227695" lon="137.16801123549743">
				<ele>27.65098723769188</ele>
				<time>2026-08-02T22:00:01Z</time>
			</trkpt>
			<trkpt lat="35.00268079992395" lon="137.16802064887204">
				<ele>27.661045401357114</ele>
				<time>2026-08-02T22:00:02Z</time>
			</trkpt>
			<trkpt lat="35.002736049136495" lon="137.168032202598">
				<ele>28.051584939472377</ele>
				<time>2026-08-02T22:00:03Z</time>
			</trkpt>
			<trkpt lat="35.002798207277266" lon="137.1680498395033">
				<ele>28.22624351270497</ele>
				<time>2026-08-02T22:00:04Z</time>
			</trkpt>
			<trkpt lat="35.002859328274965" lon="137.1680731590078">
				<ele>28.47093926370144</ele>
				<time>2026-08-02T22:00:05Z</time>
			</trkpt>
			<trkpt lat="35.00292023494843" lon="137.1680907236001">
				<ele>28.427334860898554</ele>
				<time>2026-08-02T22:00:06Z</time>
			</trkpt>
			<trkpt lat="35.002985600925264" lon="137.16811185332787">
				<ele>28.57414647564292</ele>
				<time>2026-08-02T22:00:07Z</time>
			</trkpt>
			<trkpt lat="35.003061400631516" lon="137.16813321340547">
				<ele>28.536272889003158</ele>
				<time>2026-08-02T22:00:08Z</time>
			</trkpt>
			<trkpt lat="35.00314701213145" lon="137.1681563210331">
				<ele>28.721579561010003</ele>
				<time>2026-08-02T22:00:09Z</time>
			</trkpt>
			<trkpt lat="35.00322881939214" lon="137.1681770467059">
				<ele>28.738730115815997</ele>
				<time>2026-08-02T22:00:10Z</time>
			</trkpt>
			<trkpt lat="35.00331670715115" lon="137.1682000166451">
				<ele>28.594197073951364</ele>
				<time>2026-08-02T22:00:11Z</time>
			</trkpt>
			<trkpt lat="35.003412310758016" lon="137.16822188731672">
				<ele>28.542516670189798</ele>
				<time>2026-08-02T22:00:12Z</time>
			</trkpt>
			<trkpt lat="35.00351232063329" lon="137.16824122753985">
				<ele>28.480679444037378</ele>
				<time>2026-08-02T22:00:13Z</time>
			</trkpt>
			<trkpt lat="35.00362026258543" lon="137.16825724833328">
				<ele>28.411670240573585</ele>
				<time>2026-08-02T22:00:14Z</time>
			</trkpt>
			<trkpt lat="35.003729193879735" lon="137.16827702735148">
				<ele>28.312976754270494</ele>
				<time>2026-08-02T22:00:15Z</time>
			</trkpt>
			<trkpt lat="35.00384392337534" lon="137.1682986083424">
				<ele>28.317166381515563</ele>
				<time>2026-08-02T22:00:16Z</time>
			</trkpt>
			<trkpt lat="35.00395571550593" lon="137.16832612308494">
				<ele>28.587691891938448</ele>
				<time>2026-08-02T22:00:17Z</time>
			</trkpt>
			<trkpt lat="35.00407297556786" lon="137.16834603214633">
				<ele>28.748695476911962</ele>
				<time>2026-08-02T22:00:18Z</time>
			</trkpt>
			<trkpt lat="35.00418510539626" lon="137.1683632337738">
				<ele>28.946822337806225</ele>
				<time>2026-08-02T22:00:19Z</time>
			</trkpt>
			<trkpt lat="35.004294495611596" lon="137.1683794690895">
				<ele>29.193518710322678</ele>
				<time>2026-08-02T22:00:20Z</time>
			</trkpt>
			<trkpt lat="35.00439514292125" lon="137.16839815254457">
				<ele>29.329458865337074</ele>
				<time>2026-08-02T22:00:21Z</time>
			</trkpt>
			<trkpt lat="35.004491614182825" lon="137.168413480516">
				<ele>29.441962817683816</ele>
				<time>2026-08-02T22:00:22Z</time>
			</trkpt>
			<trkpt lat="35.00458409463497" lon="137.16843282949043">
				<ele>29.316887099295855</ele>
				<time>2026-08-02T22:00:23Z</time>
			</trkpt>
			<trkpt lat="35.00467745220026" lon="137.16844736821236">
				<ele>29.42892556451261</ele>
				<time>2026-08-02T22:00:24Z</time>
			</trkpt>
			<trkpt lat="35.0047628074539" lon="137.16846847090977">
				<ele>29.60293402709067</ele>
				<time>2026-08-02T22:00:25Z</time>
			</trkpt>
			<trkpt lat="35.004860158632596" lon="137.16848376199542">
				<ele>29.72395083028823</ele>
				<time>2026-08-02T22:00:26Z</time>
			</trkpt>
			<trkpt lat="35.00496176490562" lon="137.1685005081562">
				<ele>30.0623119501397</ele>
				<time>2026-08-02T22:00:27Z</time>
			</trkpt>
			<trkpt lat="35.005054481830385" lon="137.16851613320608">
				<ele>30.234470917843282</ele>
				<time>2026-08-02T22:00:28Z</time>
			</trkpt>
			<trkpt lat="35.005146261054264" lon="137.1685280301655">
				<ele>30.577123350463808</ele>
				<time>2026-08-02T22:00:29Z</time>
			</trkpt>
			<trkpt lat="35.00525943082463" lon="137.16853725800402">
				<ele>30.919506206177175</ele>
				<time>2026-08-02T22:00:30Z</time>
			</trkpt>
			<trkpt lat="35.00536239558271" lon="137.16854290328843">
				<ele>30.972714126110077</ele>
				<time>2026-08-02T22:00:31Z</time>
			</trkpt>
			<trkpt lat="35.0054740983296" lon="137.16854942804193">
				<ele>31.092385163530707</ele>
				<time>2026-08-02T22:00:32Z</time>
			</trkpt>
			<trkpt lat="35.00557435438294" lon="137.1685637798981">
				<ele>31.03228590451181</ele>
				<time>2026-08-02T22:00:33Z</time>
			</trkpt>
			<trkpt lat="35.005687521995306" lon="137.16857252413348">
				<ele>31.081444369629025</ele>
				<time>2026-08-02T22:00:34Z</time>
			</trkpt>
			<trkpt lat="35.005796825140564" lon="137.16858200659212">
				<ele>30.93346533086151</ele>
				<time>2026-08-02T22:00:35Z</time>
			</trkpt>
			<trkpt lat="35.0059065905351" lon="137.16859623029862">
				<ele>30.75193301960826</ele>
				<time>2026-08-02T22:00:36Z</time>
			</trkpt>
			<trkpt lat="35.006012204407384" lon="137.1686087417645">
				<ele>30.370704255998135</ele>
				<time>2026-08-02T22:00:37Z</time>
			</trkpt>
			<trkpt lat="35.00611828946434" lon="137.1686231060699">
				<ele>30.29969302099198</ele>
				<time>2026-08-02T22:00:38Z</time>
			</trkpt>
			<trkpt lat="35.006227572544326" lon="137.16863483297757">
				<ele>30.057322222739458</ele>
				<time>2026-08-02T22:00:39Z</time>
			</trkpt>
			<trkpt lat="35.00632337612526" lon="137.16865068706917">
				<ele>29.780027362518013</ele>
				<time>2026-08-02T22:00:40Z</time>
			</trkpt>
			<trkpt lat="35.00642254017726" lon="137.16867091102097">
				<ele>29.510437782853842</ele>
				<time>2026-08-02T22:00:41Z</time>
			</trkpt>
			<trkpt lat="35.006519547583146" lon="137.16869297054458">
				<ele>29.18841688334942</ele>
				<time>2026-08-02T22:00:42Z</time>
			</trkpt>
			<trkpt lat="35.00660115661034" lon="137.16871729292365">
				<ele>28.856255785562098</ele>
				<time>2026-08-02T22:00:43Z</time>
			</trkpt>
			<trkpt lat="35.00670405744737" lon="137.16873410410875">
				<ele>28.6588541502133</ele>
				<time>2026-08-02T22:00:44Z</time>
			</trkpt>
			<trkpt lat="35.00681580134628" lon="137.16875244018343">
				<ele>28.417883479967713</ele>
				<time>2026-08-02T22:00:45Z</time>
			</trkpt>
			<trkpt lat="35.00692688000551" lon="137.16876841871957">
				<ele>28.261780022643507</ele>
				<time>2026-08-02T22:00:46Z</time>
			</trkpt>
			<trkpt lat="35.00703808370759" lon="137.16878164134064">
				<ele>28.105841104872525</ele>
				<time>2026-08-02T22:00:47Z</time>
			</trkpt>
			<trkpt lat="35.00714367739387" lon="137.16879627321964">
				<ele>27.778650079853833</ele>
				<time>2026-08-02T22:00:48Z</time>
			</trkpt>
			<trkpt lat="35.00725734354525" lon="137.168809422194">
				<ele>27.58407835010439</ele>
				<time>2026-08-02T22:00:49Z</time>
			</trkpt>
			<trkpt lat="35.00737352727476" lon="137.1688252599464">
				<ele>27.32792475167662</ele>
				<time>2026-08-02T22:00:50Z</time>
			</trkpt>
			<trkpt lat="35.007491587010236" lon="137.16884092795527">
				<ele>26.95603013969958</ele>
				<time>2026-08-02T22:00:51Z</time>
			</trkpt>
			<trkpt lat="35.0076064228271" lon="137.16885078684354">
				<ele>26.832768777385354</ele>
				<time>2026-08-02T22:00:52Z</time>
			</trkpt>
			<trkpt lat="35.0077223842299" lon="137.16885238872328">
				<ele>26.678955040872097</ele>
				<time>2026-08-02T22:00:53Z</time>
			</trkpt>
			<trkpt lat="35.007840917571805" lon="137.1688574942585">
				<ele>26.689003739506006</ele>
				<time>2026-08-02T22:00:54Z</time>
			</trkpt>
			<trkpt lat="35.007951765105915" lon="137.16886887597337">
				<ele>26.726813891902566</ele>
				<time>2026-08-02T22:00:55Z</time>
			</trkpt>
			<trkpt lat="35.008062007974374" lon="137.16888351142612">
				<ele>26.696590961888433</ele>
				<time>2026-08-02T22:00:56Z</time>
			</trkpt>
			<trkpt lat="35.008175634066504" lon="137.16889637998804">
				<ele>26.825915857218206</ele>
				<time>2026-08-02T22:00:57Z</time>
			</trkpt>
			<trkpt lat="35.00828506336802" lon="137.1689177882189">
				<ele>27.143623259849846</ele>
				<time>2026-08-02T22:00:58Z</time>
			</trkpt>
			<trkpt lat="35.008399399010706" lon="137.1689347746308">
				<ele>27.368806855753064</ele>
				<time>2026-08-02T22:00:59Z</time>
			</trkpt>
			<trkpt lat="35.00851433518035" lon="137.16895142608752">
				<ele>27.71939312759787</ele>
				<time>2026-08-02T22:01:00Z</time>
			</trkpt>
			<trkpt lat="35.00862439297392" lon="137.16897174653482">
				<ele>27.64456545561552</ele>
				<time>2026-08-02T22:01:01Z</time>
			</trkpt>
			<trkpt lat="35.00872955856007" lon="137.16899556336082">
				<ele>27.553492010571063</ele>
				<time>2026-08-02T22:01:02Z</time>
			</trkpt>
			<trkpt lat="35.00884113720406" lon="137.1690177002022">
				<ele>27.344709363766015</ele>
				<time>2026-08-02T22:01:03Z</time>
			</trkpt>
			<trkpt lat="35.0089537453291" lon="137.16903863121757">
				<ele>27.21710259374231</ele>
				<time>2026-08-02T22:01:04Z</time>
			</trkpt>
			<trkpt lat="35.00906564673656" lon="137.16905754613586">
				<ele>26.965195219032466</ele>
				<time>2026-08-02T22:01:05Z</time>
			</trkpt>
			<trkpt lat="35.009181168454084" lon="137.1690756884745">
				<ele>26.808843676932156</ele>
				<time>2026-08-02T22:01:06Z</time>
			</trkpt>
			<trkpt lat="35.0092891682801" lon="137.16909535055228">
				<ele>26.847859570756555</ele>
				<time>2026-08-02T22:01:07Z</time>
			</trkpt>
			<trkpt lat="35.00939944793776" lon="137.16911492112015">
				<ele>26.810530485585332</ele>
				<time>2026-08-02T22:01:08Z</time>
			</trkpt>
			<trkpt lat="35.009516516117344" lon="137.1691407630006">
				<ele>27.01381974108517</ele>
				<time>2026-08-02T22:01:09Z</time>
			</trkpt>
			<trkpt lat="35.00963283666183" lon="137.16917261972588">
				<ele>27.16420701239258</ele>
				<time>2026-08-02T22:01:10Z</time>
			</trkpt>
			<trkpt lat="35.0097560286972" lon="137.16920235149593">
				<ele>27.432781202718616</ele>
				<time>2026-08-02T22:01:11Z</time>
			</trkpt>
			<trkpt lat="35.00987951137297" lon="137.16922650379655">
				<ele>27.59811084996909</ele>
				<time>2026-08-02T22:01:12Z</time>
			</trkpt>
			<trkpt lat="35.01001116312568" lon="137.16924663648243">
				<ele>27.855304276570678</ele>
				<time>2026-08-02T22:01:13Z</time>
			</trkpt>
			<trkpt lat="35.01014025225005" lon="137.16926647591134">
				<ele>27.82399947103113</ele>
				<time>2026-08-02T22:01:14Z</time>
			</trkpt>
			<trkpt lat="35.01026231317948" lon="137.16928225265139">
				<ele>28.143459630198777</ele>
				<time>2026-08-02T22:01:15Z</time>
			</trkpt>
			<trkpt lat="35.01038683557414" lon="137.16929699782278">
				<ele>28.356757402420044</ele>
				<time>2026-08-02T22:01:16Z</time>
			</trkpt>
			<trkpt lat="35.0105163210256" lon="137.16930814238552">
				<ele>28.642385522834957</ele>
				<time>2026-08-02T22:01:17Z</time>
			</trkpt>
			<trkpt lat="35.01064275223396" lon="137.1693182422804">
				<ele>28.766780867241323</ele>
				<time>2026-08-02T22:01:18Z</time>
			</trkpt>
			<trkpt lat="35.01075980729426" lon="137.16934466425238">
				<ele>29.03475760295987</ele>
				<time>2026-08-02T22:01:19Z</time>
			</trkpt>
			<trkpt lat="35.010873937832" lon="137.16936168427438">
				<ele>29.47315971646458</ele>
				<time>2026-08-02T22:01:20Z</time>
			</trkpt>
			<trkpt lat="35.01098890293947" lon="137.16937641553255">
				<ele>29.43714549858123</ele>
				<time>2026-08-02T22:01:21Z</time>
			</trkpt>
			<trkpt lat="35.011100244419" lon="137.1693989123117">
				<ele>29.597163509577513</ele>
				<time>2026-08-02T22:01:22Z</time>
			</trkpt>
			<trkpt lat="35.01121258212161" lon="137.16942165881045">
				<ele>29.53701604809612</ele>
				<time>2026-08-02T22:01:23Z</time>
			</trkpt>
			<trkpt lat="35.011329614191546" lon="137.1694425515676">
				<ele>29.54511870071292</ele>
				<time>2026-08-02T22:01:24Z</time>
			</trkpt>
			<trkpt lat="35.01144355124057" lon="137.1694627722171">
				<ele>29.498564997687936</ele>
				<time>2026-08-02T22:01:25Z</time>
			</trkpt>
			<trkpt lat="35.01155618239614" lon="137.16948193140195">
				<ele>29.198345352895558</ele>
				<time>2026-08-02T22:01:26Z</time>
			</trkpt>
			<trkpt lat="35.011671465117516" lon="137.16950482046673">
				<ele>29.62413196824491</ele>
				<time>2026-08-02T22:01:27Z</time>
			</trkpt>
			<trkpt lat="35.011787947489395" lon="137.16952265780785">
				<ele>29.390517838299274</ele>
				<time>2026-08-02T22:01:28Z</time>
			</trkpt>
			<trkpt lat="35.01191179825306" lon="137.1695387077669">
				<ele>29.47336004860699</ele>
				<time>2026-08-02T22:01:29Z</time>
			</trkpt>
			<trkpt lat="35.012036839569454" lon="137.16955483359362">
				<ele>29.491424934007227</ele>
				<time>2026-08-02T22:01:30Z</time>
			</trkpt>
			<trkpt lat="35.01216186864353" lon="137.16957187249827">
				<ele>29.628228758461773</ele>
				<time>2026-08-02T22:01:31Z</time>
			</trkpt>
			<trkpt lat="35.012279251476556" lon="137.16959044634086">
				<ele>29.477058515883982</ele>
				<time>2026-08-02T22:01:32Z</time>
			</trkpt>
			<trkpt lat="35.01239397695491" lon="137.16960982515857">
				<ele>29.6578191164881</ele>
				<time>2026-08-02T22:01:33Z</time>
			</trkpt>
			<trkpt lat="35.0125074098098" lon="137.1696304768678">
				<ele>29.69601876102388</ele>
				<time>2026-08-02T22:01:34Z</time>
			</trkpt>
			<trkpt lat="35.01262237410675" lon="137.16964795256305">
				<ele>30.01327393297106</ele>
				<time>2026-08-02T22:01:35Z</time>
			</trkpt>
			<trkpt lat="35.01273070311591" lon="137.1696655816399">
				<ele>30.024606230668724</ele>
				<time>2026-08-02T22:01:36Z</time>
			</trkpt>
			<trkpt lat="35.01283787179121" lon="137.1696854438605">
				<ele>30.157795515842736</ele>
				<time>2026-08-02T22:01:37Z</time>
			</trkpt>
			<trkpt lat="35.01295355832381" lon="137.16970316758554">
				<ele>30.31537729408592</ele>
				<time>2026-08-02T22:01:38Z</time>
			</trkpt>
			<trkpt lat="35.01307152399081" lon="137.16971977683102">
				<ele>30.722963127307594</ele>
				<time>2026-08-02T22:01:39Z</time>
			</trkpt>
			<trkpt lat="35.013184284858205" lon="137.16973350909697">
				<ele>30.571179167367518</ele>
				<time>2026-08-02T22:01:40Z</time>
			</trkpt>
			<trkpt lat="35.013306588713576" lon="137.16974486795257">
				<ele>30.72935707308352</ele>
				<time>2026-08-02T22:01:41Z</time>
			</trkpt>
			<trkpt lat="35.01342113413499" lon="137.16976664543114">
				<ele>30.760741094127297</ele>
				<time>2026-08-02T22:01:42Z</time>
			</trkpt>
			<trkpt lat="35.013542020009154" lon="137.1697842872801">
				<ele>30.729174020700157</ele>
				<time>2026-08-02T22:01:43Z</time>
			</trkpt>
			<trkpt lat="35.013660667749825" lon="137.1698054238936">
				<ele>30.960980787873268</ele>
				<time>2026-08-02T22:01:44Z</time>
			</trkpt>
			<trkpt lat="35.01378289922732" lon="137.1698236726572">
				<ele>30.928151837550104</ele>
				<time>2026-08-02T22:01:45Z</time>
			</trkpt>
			<trkpt lat="35.01390641784828" lon="137.1698484169616">
				<ele>31.400769805535674</ele>
				<time>2026-08-02T22:01:46Z</time>
			</trkpt>
			<trkpt lat="35.01403365766935" lon="137.16986719996652">
				<ele>31.34330384992063</ele>
				<time>2026-08-02T22:01:47Z</time>
			</trkpt>
			<trkpt lat="35.014163111549365" lon="137.16988800812">
				<ele>31.930491847917438</ele>
				<time>2026-08-02T22:01:48Z</time>
			</trkpt>
			<trkpt lat="35.01429340261338" lon="137.16990537502178">
				<ele>31.56446948926896</ele>
				<time>2026-08-02T22:01:49Z</time>
			</trkpt>
			<trkpt lat="35.0144211013573" lon="137.1699234596493">
				<ele>31.871325235813856</ele>
				<time>2026-08-02T22:01:50Z</time>
			</trkpt>
			<trkpt lat="35.01454899323558" lon="137.16993528898414">
				<ele>32.67154362704605</ele>
				<time>2026-08-02T22:01:51Z</time>
			</trkpt>
			<trkpt lat="35.01467376159416" lon="137.16994506101477">
				<ele>33.37603241112083</ele>
				<time>2026-08-02T22:01:52Z</time>
			</trkpt>
			<trkpt lat="35.01479688734792" lon="137.1699646133293">
				<ele>33.71146242134273</ele>
				<time>2026-08-02T22:01:53Z</time>
			</trkpt>
			<trkpt lat="35.014920511522696" lon="137.1699819735908">
				<ele>34.01973141450435</ele>
				<time>2026-08-02T22:01:54Z</time>
			</trkpt>
			<trkpt lat="35.0150481144949" lon="137.17000185645492">
				<ele>34.32112677115947</ele>
				<time>2026-08-02T22:01:55Z</time>
			</trkpt>
			<trkpt lat="35.015174461256315" lon="137.17001867755664">
				<ele>34.69190446101129</ele>
				<time>2026-08-02T22:01:56Z</time>
			</trkpt>
			<trkpt lat="35.01529532511817" lon="137.1700364334311">
				<ele>34.950174192897975</ele>
				<time>2026-08-02T22:01:57Z</time>
			</trkpt>
			<trkpt lat="35.015410325840435" lon="137.17005648137481">
				<ele>35.28443515393883</ele>
				<time>2026-08-02T22:01:58Z</time>
			</trkpt>
			<trkpt lat="35.01551992044606" lon="137.17007909024437">
				<ele>35.235191682353616</ele>
				<time>2026-08-02T22:01:59Z</time>
			</trkpt>
			<trkpt lat="35.01563394619071" lon="137.17009943186977">
				<ele>35.286086639389396</ele>
				<time>2026-08-02T22:02:00Z</time>
			</trkpt>
			<trkpt lat="35.015750435304994" lon="137.17011495829692">
				<ele>35.62997913453728</ele>
				<time>2026-08-02T22:02:01Z</time>
			</trkpt>
			<trkpt lat="35.01587011305637" lon="137.17012883669898">
				<ele>35.871269730851054</ele>
				<time>2026-08-02T22:02:02Z</time>
			</trkpt>
			<trkpt lat="35.01599018980485" lon="137.17014268551253">
				<ele>36.15677224006504</ele>
				<time>2026-08-02T22:02:03Z</time>
			</trkpt>
			<trkpt lat="35.01610963597626" lon="137.17015632435098">
				<ele>36.41114609595388</ele>
				<time>2026-08-02T22:02:04Z</time>
			</trkpt>
			<trkpt lat="35.01622836064419" lon="137.17016970397168">
				<ele>36.616972075775266</ele>
				<time>2026-08-02T22:02:05Z</time>
			</trkpt>
			<trkpt lat="35.01634434812359" lon="137.17017358259014">
				<ele>36.8687001504004</ele>
				<time>2026-08-02T22:02:06Z</time>
			</trkpt>
			<trkpt lat="35.016436201739346" lon="137.17018408078852">
				<ele>36.97523899562657</ele>
				<time>2026-08-02T22:02:07Z</time>
			</trkpt>
			<trkpt lat="35.01653109574368" lon="137.1701861925681">
				<ele>37.238733475096524</ele>
				<time>2026-08-02T22:02:08Z</time>
			</trkpt>
			<trkpt lat="35.016622493662275" lon="137.17019384907113">
				<ele>37.57203644607216</ele>
				<time>2026-08-02T22:02:09Z</time>
			</trkpt>
			<trkpt lat="35.016705044694916" lon="137.17019351580416">
				<ele>37.81553028617054</ele>
				<time>2026-08-02T22:02:10Z</time>
			</trkpt>
			<trkpt lat="35.016786134095504" lon="137.17018991073473">
				<ele>37.99207704234868</ele>
				<time>2026-08-02T22:02:11Z</time>
			</trkpt>
			<trkpt lat="35.0168594263855" lon="137.17019013611932">
				<ele>38.30840183608234</ele>
				<time>2026-08-02T22:02:12Z</time>
			</trkpt>
			<trkpt lat="35.016926302328905" lon="137.17018151693742">
				<ele>38.577004147693515</ele>
				<time>2026-08-02T22:02:13Z</time>
			</trkpt>
			<trkpt lat="35.016987104394005" lon="137.1701731531387">
				<ele>38.88975867629051</ele>
				<time>2026-08-02T22:02:14Z</time>
			</trkpt>
			<trkpt lat="35.017036789076194" lon="137.1701657749941">
				<ele>39.11399010010064</ele>
				<time>2026-08-02T22:02:15Z</time>
			</trkpt>
			<trkpt lat="35.01708090200594" lon="137.17015876124196">
				<ele>39.46016237512231</ele>
				<time>2026-08-02T22:02:16Z</time>
			</trkpt>
			<trkpt lat="35.01711699114161" lon="137.170153773953">
				<ele>39.686353092081845</ele>
				<time>2026-08-02T22:02:17Z</time>
			</trkpt>
			<trkpt lat="35.01714962529698" lon="137.17014939696807">
				<ele>39.933453367091715</ele>
				<time>2026-08-02T22:02:18Z</time>
			</trkpt>
			<trkpt lat="35.01717794282539" lon="137.1701414589033">
				<ele>40.167203133925796</ele>
				<time>2026-08-02T22:02:19Z</time>
			</trkpt>
			<trkpt lat="35.01721878973045" lon="137.17013206649156">
				<ele>40.41325388662517</ele>
				<time>2026-08-02T22:02:20Z</time>
			</trkpt>
			<trkpt lat="35.01724434458327" lon="137.1701244453596">
				<ele>40.74765051808208</ele>
				<time>2026-08-02T22:02:21Z</time>
			</trkpt>
			<trkpt lat="35.01727994822787" lon="137.17010761254923">
				<ele>41.14696265012026</ele>
				<time>2026-08-02T22:02:23Z</time>
			</trkpt>
			<trkpt lat="35.01730028318141" lon="137.1701069570113">
				<ele>41.51459260098636</ele>
				<time>2026-08-02T22:02:25Z</time>
			</trkpt>
			<trkpt lat="35.017305152568944" lon="137.17007687899385">
				<ele>42.20915730018169</ele>
				<time>2026-08-02T22:02:44Z</time>
			</trkpt>
			<trkpt lat="35.017333625279335" lon="137.1700731114645">
				<ele>42.32275959756225</ele>
				<time>2026-08-02T22:03:05Z</time>
			</trkpt>
			<trkpt lat="35.017367654555066" lon="137.17006275828822">
				<ele>42.541828060522676</ele>
				<time>2026-08-02T22:03:06Z</time>
			</trkpt>
			<trkpt lat="35.01740229057585" lon="137.17005292814287">
				<ele>42.81395369209349</ele>
				<time>2026-08-02T22:03:07Z</time>
			</trkpt>
			<trkpt lat="35.017440355651395" lon="137.17004780945095">
				<ele>42.7655974207446</ele>
				<time>2026-08-02T22:03:08Z</time>
			</trkpt>
			<trkpt lat="35.01747733194011" lon="137.17004019162604">
				<ele>42.921974601224065</ele>
				<time>2026-08-02T22:03:09Z</time>
			</trkpt>
			<trkpt lat="35.017525245143105" lon="137.17002736203358">
				<ele>43.26811161171645</ele>
				<time>2026-08-02T22:03:10Z</time>
			</trkpt>
			<trkpt lat="35.01758051598397" lon="137.1700055471385">
				<ele>43.48291556723416</ele>
				<time>2026-08-02T22:03:11Z</time>
			</trkpt>
			<trkpt lat="35.01764120199395" lon="137.16998777487544">
				<ele>43.86762272194028</ele>
				<time>2026-08-02T22:03:12Z</time>
			</trkpt>
			<trkpt lat="35.0177040630937" lon="137.16996810875352">
				<ele>43.98469286505133</ele>
				<time>2026-08-02T22:03:13Z</time>
			</trkpt>
			<trkpt lat="35.01775984528828" lon="137.16994272580936">
				<ele>44.39287405181676</ele>
				<time>2026-08-02T22:03:14Z</time>
			</trkpt>
			<trkpt lat="35.01782675125922" lon="137.16991518851225">
				<ele>44.43071699049324</ele>
				<time>2026-08-02T22:03:15Z</time>
			</trkpt>
			<trkpt lat="35.01789717177243" lon="137.16988758756335">
				<ele>44.598706104792655</ele>
				<time>2026-08-02T22:03:16Z</time>
			</trkpt>
			<trkpt lat="35.017972179270444" lon="137.16985300132157">
				<ele>44.8006261754781</ele>
				<time>2026-08-02T22:03:17Z</time>
			</trkpt>
			<trkpt lat="35.018053445704936" lon="137.1698092227097">
				<ele>44.9163481509313</ele>
				<time>2026-08-02T22:03:18Z</time>
			</trkpt>
			<trkpt lat="35.01813939547376" lon="137.16977062996588">
				<ele>45.056771302595735</ele>
				<time>2026-08-02T22:03:19Z</time>
			</trkpt>
			<trkpt lat="35.01823009800339" lon="137.16972914411483">
				<ele>44.728093357756734</ele>
				<time>2026-08-02T22:03:20Z</time>
			</trkpt>
			<trkpt lat="35.01831978695446" lon="137.16968057151462">
				<ele>44.860688988119364</ele>
				<time>2026-08-02T22:03:21Z</time>
			</trkpt>
			<trkpt lat="35.0184098184295" lon="137.1696306701489">
				<ele>44.560554404743016</ele>
				<time>2026-08-02T22:03:22Z</time>
			</trkpt>
			<trkpt lat="35.018486528319606" lon="137.16957733656474">
				<ele>44.3099261065945</ele>
				<time>2026-08-02T22:03:23Z</time>
			</trkpt>
			<trkpt lat="35.018560561294095" lon="137.16952628002034">
				<ele>43.93175552878529</ele>
				<time>2026-08-02T22:03:24Z</time>
			</trkpt>
			<trkpt lat="35.01863225392507" lon="137.16947103304457">
				<ele>43.566925131715834</ele>
				<time>2026-08-02T22:03:25Z</time>
			</trkpt>
			<trkpt lat="35.01870322683696" lon="137.16942666064176">
				<ele>43.35167024191469</ele>
				<time>2026-08-02T22:03:26Z</time>
			</trkpt>
			<trkpt lat="35.018759026918566" lon="137.16938273422883">
				<ele>43.009144698269665</ele>
				<time>2026-08-02T22:03:27Z</time>
			</trkpt>
			<trkpt lat="35.018824342845946" lon="137.16933622913191">
				<ele>42.64868831355125</ele>
				<time>2026-08-02T22:03:28Z</time>
			</trkpt>
			<trkpt lat="35.01887798907112" lon="137.16929383819988">
				<ele>42.33340144623071</ele>
				<time>2026-08-02T22:03:29Z</time>
			</trkpt>
			<trkpt lat="35.01892105525414" lon="137.16924975147424">
				<ele>42.00373730342835</ele>
				<time>2026-08-02T22:03:30Z</time>
			</trkpt>
			<trkpt lat="35.01896607683913" lon="137.16921273307096">
				<ele>41.87110592983663</ele>
				<time>2026-08-02T22:03:31Z</time>
			</trkpt>
			<trkpt lat="35.01900515358371" lon="137.16917738044958">
				<ele>41.61381696909666</ele>
				<time>2026-08-02T22:03:32Z</time>
			</trkpt>
			<trkpt lat="35.019035931343815" lon="137.16914829689225">
				<ele>41.47608499508351</ele>
				<time>2026-08-02T22:03:33Z</time>
			</trkpt>
			<trkpt lat="35.01906202803096" lon="137.1691161638356">
				<ele>41.3925611237064</ele>
				<time>2026-08-02T22:03:34Z</time>
			</trkpt>
			<trkpt lat="35.019080012318085" lon="137.16909752965202">
				<ele>41.363672335632145</ele>
				<time>2026-08-02T22:03:35Z</time>
			</trkpt>
			<trkpt lat="35.01910252115261" lon="137.16908031740024">
				<ele>41.38207060750574</ele>
				<time>2026-08-02T22:03:37Z</time>
			</trkpt>
			<trkpt lat="35.01911428079814" lon="137.1690592851166">
				<ele>41.60483324434608</ele>
				<time>2026-08-02T22:03:39Z</time>
			</trkpt>
			<trkpt lat="35.019148807774584" lon="137.169023124385">
				<ele>42.68855653796345</ele>
				<time>2026-08-02T22:04:27Z</time>
			</trkpt>
			<trkpt lat="35.01916444312908" lon="137.16900993730184">
				<ele>42.591697382740676</ele>
				<time>2026-08-02T22:04:28Z</time>
			</trkpt>
			<trkpt lat="35.019189977440575" lon="137.16899056260496">
				<ele>42.70046798046678</ele>
				<time>2026-08-02T22:04:29Z</time>
			</trkpt>
			<trkpt lat="35.01922152104298" lon="137.16896710720715">
				<ele>42.57596077118069</ele>
				<time>2026-08-02T22:04:30Z</time>
			</trkpt>
			<trkpt lat="35.01925213023668" lon="137.1689437321328">
				<ele>42.50697206519544</ele>
				<time>2026-08-02T22:04:31Z</time>
			</trkpt>
			<trkpt lat="35.01928917014553" lon="137.16891517993406">
				<ele>42.403948763385415</ele>
				<time>2026-08-02T22:04:32Z</time>
			</trkpt>
			<trkpt lat="35.0193348795755" lon="137.16887961533703">
				<ele>42.30408648587763</ele>
				<time>2026-08-02T22:04:33Z</time>
			</trkpt>
			<trkpt lat="35.019382951331316" lon="137.1688395404631">
				<ele>42.16311178263277</ele>
				<time>2026-08-02T22:04:34Z</time>
			</trkpt>
			<trkpt lat="35.019433591191294" lon="137.16880192824996">
				<ele>42.05986451450735</ele>
				<time>2026-08-02T22:04:35Z</time>
			</trkpt>
			<trkpt lat="35.019492597084025" lon="137.16875711053493">
				<ele>41.83567751850933</ele>
				<time>2026-08-02T22:04:36Z</time>
			</trkpt>
			<trkpt lat="35.01955768679314" lon="137.16870586965564">
				<ele>41.67467019986361</ele>
				<time>2026-08-02T22:04:37Z</time>
			</trkpt>
			<trkpt lat="35.01962854929749" lon="137.1686537835079">
				<ele>41.43833837006241</ele>
				<time>2026-08-02T22:04:38Z</time>
			</trkpt>
			<trkpt lat="35.01969742285463" lon="137.16860223350395">
				<ele>41.30176183208823</ele>
				<time>2026-08-02T22:04:39Z</time>
			</trkpt>
			<trkpt lat="35.01977574186646" lon="137.16854247205984">
				<ele>41.088912062346935</ele>
				<time>2026-08-02T22:04:40Z</time>
			</trkpt>
			<trkpt lat="35.01985317293473" lon="137.16848428278033">
				<ele>40.935094475746155</ele>
				<time>2026-08-02T22:04:41Z</time>
			</trkpt>
			<trkpt lat="35.01993083393359" lon="137.16842497247166">
				<ele>40.764657887630165</ele>
				<time>2026-08-02T22:04:42Z</time>
			</trkpt>
			<trkpt lat="35.0200098627428" lon="137.16836912911">
				<ele>40.6704981373623</ele>
				<time>2026-08-02T22:04:43Z</time>
			</trkpt>
			<trkpt lat="35.020087863122825" lon="137.16831544596707">
				<ele>40.66179283335805</ele>
				<time>2026-08-02T22:04:44Z</time>
			</trkpt>
			<trkpt lat="35.02016519665464" lon="137.16825939112863">
				<ele>40.53257040772587</ele>
				<time>2026-08-02T22:04:45Z</time>
			</trkpt>
			<trkpt lat="35.02024315214423" lon="137.16820091834114">
				<ele>40.44105032924563</ele>
				<time>2026-08-02T22:04:46Z</time>
			</trkpt>
			<trkpt lat="35.020319750973854" lon="137.16814112193876">
				<ele>40.30255053564906</ele>
				<time>2026-08-02T22:04:47Z</time>
			</trkpt>
			<trkpt lat="35.02039372992537" lon="137.16806653052063">
				<ele>40.19869682006538</ele>
				<time>2026-08-02T22:04:48Z</time>
			</trkpt>
			<trkpt lat="35.02047043463935" lon="137.16800017746684">
				<ele>40.02998770494014</ele>
				<time>2026-08-02T22:04:49Z</time>
			</trkpt>
			<trkpt lat="35.02054826944409" lon="137.16793546280442">
				<ele>39.940574248321354</ele>
				<time>2026-08-02T22:04:50Z</time>
			</trkpt>
			<trkpt lat="35.02062607001497" lon="137.16786919595773">
				<ele>39.823863266035914</ele>
				<time>2026-08-02T22:04:51Z</time>
			</trkpt>
			<trkpt lat="35.020704846763415" lon="137.1678060868038">
				<ele>39.68807542603463</ele>
				<time>2026-08-02T22:04:52Z</time>
			</trkpt>
			<trkpt lat="35.02077883196788" lon="137.16774568645593">
				<ele>39.672876212745905</ele>
				<time>2026-08-02T22:04:53Z</time>
			</trkpt>
			<trkpt lat="35.02084309124193" lon="137.1676872352748">
				<ele>39.70804658625275</ele>
				<time>2026-08-02T22:04:54Z</time>
			</trkpt>
			<trkpt lat="35.02090410524983" lon="137.1676373908472">
				<ele>39.823103486560285</ele>
				<time>2026-08-02T22:04:55Z</time>
			</trkpt>
			<trkpt lat="35.02096481714202" lon="137.16759080794043">
				<ele>39.740454306825995</ele>
				<time>2026-08-02T22:04:56Z</time>
			</trkpt>
			<trkpt lat="35.02100999308543" lon="137.16755065008522">
				<ele>39.60842182952911</ele>
				<time>2026-08-02T22:04:57Z</time>
			</trkpt>
			<trkpt lat="35.021053078256145" lon="137.1675087130554">
				<ele>39.55848802998662</ele>
				<time>2026-08-02T22:04:58Z</time>
			</trkpt>
			<trkpt lat="35.02109262676501" lon="137.16747431573924">
				<ele>39.56549466494471</ele>
				<time>2026-08-02T22:04:59Z</time>
			</trkpt>
			<trkpt lat="35.021132359440145" lon="137.1674293261261">
				<ele>39.52400018647313</ele>
				<time>2026-08-02T22:05:00Z</time>
			</trkpt>
			<trkpt lat="35.02117490606461" lon="137.1673871982452">
				<ele>39.599412916228175</ele>
				<time>2026-08-02T22:05:01Z</time>
			</trkpt>
			<trkpt lat="35.021216878980006" lon="137.1673404915655">
				<ele>39.51508667413145</ele>
				<time>2026-08-02T22:05:02Z</time>
			</trkpt>
			<trkpt lat="35.021259043265786" lon="137.16730452552244">
				<ele>39.33065172471106</ele>
				<time>2026-08-02T22:05:03Z</time>
			</trkpt>
			<trkpt lat="35.02130847258431" lon="137.16726003979488">
				<ele>39.68550454545766</ele>
				<time>2026-08-02T22:05:04Z</time>
			</trkpt>
			<trkpt lat="35.02135056107802" lon="137.16722227146929">
				<ele>39.434246918186545</ele>
				<time>2026-08-02T22:05:05Z</time>
			</trkpt>
			<trkpt lat="35.02139947292259" lon="137.16718402579303">
				<ele>39.43186800274998</ele>
				<time>2026-08-02T22:05:06Z</time>
			</trkpt>
			<trkpt lat="35.02145055022176" lon="137.1671496083418">
				<ele>39.51424873340875</ele>
				<time>2026-08-02T22:05:07Z</time>
			</trkpt>
			<trkpt lat="35.021498951612124" lon="137.16711460067776">
				<ele>39.648146126419306</ele>
				<time>2026-08-02T22:05:08Z</time>
			</trkpt>
			<trkpt lat="35.02155227181495" lon="137.16708211158073">
				<ele>39.74645387288183</ele>
				<time>2026-08-02T22:05:09Z</time>
			</trkpt>
			<trkpt lat="35.02160837644334" lon="137.16704504499302">
				<ele>39.85075559094548</ele>
				<time>2026-08-02T22:05:10Z</time>
			</trkpt>
			<trkpt lat="35.02166530584081" lon="137.1670057635406">
				<ele>39.71069002803415</ele>
				<time>2026-08-02T22:05:11Z</time>
			</trkpt>
			<trkpt lat="35.02173120145034" lon="137.16696288000924">
				<ele>39.68619323708117</ele>
				<time>2026-08-02T22:05:12Z</time>
			</trkpt>
			<trkpt lat="35.02180137220569" lon="137.16691302771636">
				<ele>39.80424861237407</ele>
				<time>2026-08-02T22:05:13Z</time>
			</trkpt>
			<trkpt lat="35.021872254584906" lon="137.1668498208251">
				<ele>38.866005431860685</ele>
				<time>2026-08-02T22:05:14Z</time>
			</trkpt>
			<trkpt lat="35.02194624120645" lon="137.166779382456">
				<ele>37.628749845549464</ele>
				<time>2026-08-02T22:05:15Z</time>
			</trkpt>
			<trkpt lat="35.0220236366521" lon="137.1666967746945">
				<ele>37.8198243137449</ele>
				<time>2026-08-02T22:05:16Z</time>
			</trkpt>
			<trkpt lat="35.0220990351611" lon="137.16661090793886">
				<ele>37.392658330500126</ele>
				<time>2026-08-02T22:05:17Z</time>
			</trkpt>
			<trkpt lat="35.02217667990677" lon="137.16652009309036">
				<ele>36.970644182525575</ele>
				<time>2026-08-02T22:05:18Z</time>
			</trkpt>
			<trkpt lat="35.022256689901745" lon="137.16641738024128">
				<ele>36.601367972791195</ele>
				<time>2026-08-02T22:05:19Z</time>
			</trkpt>
			<trkpt lat="35.02233574077049" lon="137.1663093377484">
				<ele>36.46091894060373</ele>
				<time>2026-08-02T22:05:20Z</time>
			</trkpt>
			<trkpt lat="35.02240817028698" lon="137.1661996250591">
				<ele>35.84388787485659</ele>
				<time>2026-08-02T22:05:21Z</time>
			</trkpt>
			<trkpt lat="35.022470191612875" lon="137.16608383517402">
				<ele>35.49904664512724</ele>
				<time>2026-08-02T22:05:22Z</time>
			</trkpt>
			<trkpt lat="35.022530106334834" lon="137.16596700038826">
				<ele>35.15821881219745</ele>
				<time>2026-08-02T22:05:23Z</time>
			</trkpt>
			<trkpt lat="35.02258497493992" lon="137.1658346402816">
				<ele>35.4633359182626</ele>
				<time>2026-08-02T22:05:24Z</time>
			</trkpt>
			<trkpt lat="35.02263780565269" lon="137.16571298250815">
				<ele>35.36958598997444</ele>
				<time>2026-08-02T22:05:25Z</time>
			</trkpt>
			<trkpt lat="35.02268633827938" lon="137.1655864664769">
				<ele>36.0259486399591</ele>
				<time>2026-08-02T22:05:26Z</time>
			</trkpt>
			<trkpt lat="35.02273093903395" lon="137.16543786656086">
				<ele>36.5412234198302</ele>
				<time>2026-08-02T22:05:27Z</time>
			</trkpt>
			<trkpt lat="35.02277206157626" lon="137.1653116863577">
				<ele>33.42390035837889</ele>
				<time>2026-08-02T22:05:28Z</time>
			</trkpt>
			<trkpt lat="35.02280923482972" lon="137.1651800005766">
				<ele>32.15150888450444</ele>
				<time>2026-08-02T22:05:29Z</time>
			</trkpt>
			<trkpt lat="35.02285113525586" lon="137.16505377657947">
				<ele>30.814369996078312</ele>
				<time>2026-08-02T22:05:30Z</time>
			</trkpt>
			<trkpt lat="35.02288983477488" lon="137.16491232566423">
				<ele>30.339843846857548</ele>
				<time>2026-08-02T22:05:31Z</time>
			</trkpt>
			<trkpt lat="35.02293513673387" lon="137.16478389591822">
				<ele>29.630844161845744</ele>
				<time>2026-08-02T22:05:32Z</time>
			</trkpt>
			<trkpt lat="35.02297466134925" lon="137.16465120158333">
				<ele>28.965782107785344</ele>
				<time>2026-08-02T22:05:33Z</time>
			</trkpt>
			<trkpt lat="35.02301200882413" lon="137.16450886721876">
				<ele>28.66975564137101</ele>
				<time>2026-08-02T22:05:34Z</time>
			</trkpt>
			<trkpt lat="35.02304970682421" lon="137.1643705033814">
				<ele>28.043213430792093</ele>
				<time>2026-08-02T22:05:35Z</time>
			</trkpt>
			<trkpt lat="35.02309146338404" lon="137.16423458973924">
				<ele>27.295537512749434</ele>
				<time>2026-08-02T22:05:36Z</time>
			</trkpt>
			<trkpt lat="35.02313315870249" lon="137.16409244431233">
				<ele>27.444454052485526</ele>
				<time>2026-08-02T22:05:37Z</time>
			</trkpt>
			<trkpt lat="35.02317276924681" lon="137.16395281908513">
				<ele>26.982253729365766</ele>
				<time>2026-08-02T22:05:38Z</time>
			</trkpt>
			<trkpt lat="35.02321442397704" lon="137.16381078311986">
				<ele>27.167069802060723</ele>
				<time>2026-08-02T22:05:39Z</time>
			</trkpt>
			<trkpt lat="35.02325811260326" lon="137.16366604253815">
				<ele>27.165613119490445</ele>
				<time>2026-08-02T22:05:40Z</time>
			</trkpt>
			<trkpt lat="35.0232979291804" lon="137.16351468595818">
				<ele>27.578184665180743</ele>
				<time>2026-08-02T22:05:41Z</time>
			</trkpt>
			<trkpt lat="35.023344090049825" lon="137.1633729657791">
				<ele>27.474864575080574</ele>
				<time>2026-08-02T22:05:42Z</time>
			</trkpt>
			<trkpt lat="35.02338595428539" lon="137.1632238227271">
				<ele>27.886408588849008</ele>
				<time>2026-08-02T22:05:43Z</time>
			</trkpt>
			<trkpt lat="35.023431488616055" lon="137.16308202020537">
				<ele>28.026936896145344</ele>
				<time>2026-08-02T22:05:44Z</time>
			</trkpt>
			<trkpt lat="35.023474827053526" lon="137.1629366911361">
				<ele>28.432318810373545</ele>
				<time>2026-08-02T22:05:45Z</time>
			</trkpt>
			<trkpt lat="35.02351874555482" lon="137.16278873393784">
				<ele>28.700719906017184</ele>
				<time>2026-08-02T22:05:46Z</time>
			</trkpt>
			<trkpt lat="35.02355966285488" lon="137.162640602753">
				<ele>29.34518826380372</ele>
				<time>2026-08-02T22:05:47Z</time>
			</trkpt>
			<trkpt lat="35.02359988081294" lon="137.1625005748356">
				<ele>29.29988411348313</ele>
				<time>2026-08-02T22:05:48Z</time>
			</trkpt>
			<trkpt lat="35.02364089991061" lon="137.16235860256432">
				<ele>29.68028219882399</ele>
				<time>2026-08-02T22:05:49Z</time>
			</trkpt>
			<trkpt lat="35.023684843387734" lon="137.16220963532595">
				<ele>29.8677223790437</ele>
				<time>2026-08-02T22:05:50Z</time>
			</trkpt>
			<trkpt lat="35.02372535364277" lon="137.16206479947147">
				<ele>30.0786076458171</ele>
				<time>2026-08-02T22:05:51Z</time>
			</trkpt>
			<trkpt lat="35.02376461054309" lon="137.16191131148415">
				<ele>30.662966277450323</ele>
				<time>2026-08-02T22:05:52Z</time>
			</trkpt>
			<trkpt lat="35.02380545203732" lon="137.16176904029766">
				<ele>30.837795729748905</ele>
				<time>2026-08-02T22:05:53Z</time>
			</trkpt>
			<trkpt lat="35.023843688562295" lon="137.16161861753673">
				<ele>30.9754641642794</ele>
				<time>2026-08-02T22:05:54Z</time>
			</trkpt>
			<trkpt lat="35.02388202945388" lon="137.16146798864548">
				<ele>31.18934759311378</ele>
				<time>2026-08-02T22:05:55Z</time>
			</trkpt>
			<trkpt lat="35.023920989138006" lon="137.1613177412743">
				<ele>31.59976905118674</ele>
				<time>2026-08-02T22:05:56Z</time>
			</trkpt>
			<trkpt lat="35.02396081138672" lon="137.1611665462845">
				<ele>31.752159169875085</ele>
				<time>2026-08-02T22:05:57Z</time>
			</trkpt>
			<trkpt lat="35.02399714849466" lon="137.16100291137323">
				<ele>32.37964892666787</ele>
				<time>2026-08-02T22:05:58Z</time>
			</trkpt>
			<trkpt lat="35.0240396007851" lon="137.16085403101252">
				<ele>32.39259927533567</ele>
				<time>2026-08-02T22:05:59Z</time>
			</trkpt>
			<trkpt lat="35.0240781312449" lon="137.1607005954749">
				<ele>32.72934116702527</ele>
				<time>2026-08-02T22:06:00Z</time>
			</trkpt>
			<trkpt lat="35.02412018647208" lon="137.1605519178362">
				<ele>32.781041806563735</ele>
				<time>2026-08-02T22:06:01Z</time>
			</trkpt>
			<trkpt lat="35.024162262407" lon="137.16040645236257">
				<ele>33.25302609242499</ele>
				<time>2026-08-02T22:06:02Z</time>
			</trkpt>
			<trkpt lat="35.02420372339069" lon="137.16026242886016">
				<ele>33.24487831443548</ele>
				<time>2026-08-02T22:06:03Z</time>
			</trkpt>
			<trkpt lat="35.02424346209989" lon="137.16011883044533">
				<ele>33.550646089948714</ele>
				<time>2026-08-02T22:06:04Z</time>
			</trkpt>
			<trkpt lat="35.02428218470486" lon="137.15997397509452">
				<ele>33.761691719293594</ele>
				<time>2026-08-02T22:06:05Z</time>
			</trkpt>
			<trkpt lat="35.02432055834037" lon="137.15982882814603">
				<ele>34.37470379564911</ele>
				<time>2026-08-02T22:06:06Z</time>
			</trkpt>
			<trkpt lat="35.0243604795637" lon="137.15968474803606">
				<ele>34.69499874673784</ele>
				<time>2026-08-02T22:06:07Z</time>
			</trkpt>
			<trkpt lat="35.02439658996869" lon="137.15954196239798">
				<ele>34.71779986284673</ele>
				<time>2026-08-02T22:06:08Z</time>
			</trkpt>
			<trkpt lat="35.02443565160462" lon="137.15939724636476">
				<ele>35.09793154709041</ele>
				<time>2026-08-02T22:06:09Z</time>
			</trkpt>
			<trkpt lat="35.024475195603884" lon="137.1592550116292">
				<ele>35.27602878957987</ele>
				<time>2026-08-02T22:06:10Z</time>
			</trkpt>
			<trkpt lat="35.024515113065156" lon="137.15911333841333">
				<ele>35.64208588190377</ele>
				<time>2026-08-02T22:06:11Z</time>
			</trkpt>
			<trkpt lat="35.02455682217168" lon="137.1589676454633">
				<ele>35.94465800281614</ele>
				<time>2026-08-02T22:06:12Z</time>
			</trkpt>
			<trkpt lat="35.02459699707722" lon="137.15881799273706">
				<ele>35.93445224221796</ele>
				<time>2026-08-02T22:06:13Z</time>
			</trkpt>
			<trkpt lat="35.02463625813931" lon="137.15866323733877">
				<ele>36.00664968602359</ele>
				<time>2026-08-02T22:06:14Z</time>
			</trkpt>
			<trkpt lat="35.02467748016379" lon="137.1585110990668">
				<ele>36.140350783243775</ele>
				<time>2026-08-02T22:06:15Z</time>
			</trkpt>
			<trkpt lat="35.024718270739314" lon="137.15836280776722">
				<ele>36.098678005859256</ele>
				<time>2026-08-02T22:06:16Z</time>
			</trkpt>
			<trkpt lat="35.02476151278793" lon="137.15821513516732">
				<ele>36.05864002648741</ele>
				<time>2026-08-02T22:06:17Z</time>
			</trkpt>
			<trkpt lat="35.02480374628459" lon="137.15806572608244">
				<ele>36.31467913929373</ele>
				<time>2026-08-02T22:06:18Z</time>
			</trkpt>
			<trkpt lat="35.02484498600255" lon="137.15791697072498">
				<ele>36.59657533746213</ele>
				<time>2026-08-02T22:06:19Z</time>
			</trkpt>
			<trkpt lat="35.024881919444255" lon="137.15776745398313">
				<ele>36.73382751271129</ele>
				<time>2026-08-02T22:06:20Z</time>
			</trkpt>
			<trkpt lat="35.02492319422722" lon="137.1576247697601">
				<ele>36.32502217590809</ele>
				<time>2026-08-02T22:06:21Z</time>
			</trkpt>
			<trkpt lat="35.02496149296587" lon="137.1574740823298">
				<ele>36.574902502819896</ele>
				<time>2026-08-02T22:06:22Z</time>
			</trkpt>
			<trkpt lat="35.02499935876845" lon="137.15732874839085">
				<ele>36.38104139920324</ele>
				<time>2026-08-02T22:06:23Z</time>
			</trkpt>
			<trkpt lat="35.025035318002885" lon="137.15717210250273">
				<ele>36.5831656428054</ele>
				<time>2026-08-02T22:06:24Z</time>
			</trkpt>
			<trkpt lat="35.025077569094" lon="137.1570251469675">
				<ele>36.351990869268775</ele>
				<time>2026-08-02T22:06:25Z</time>
			</trkpt>
			<trkpt lat="35.025116183522094" lon="137.15687971289327">
				<ele>36.51956499926746</ele>
				<time>2026-08-02T22:06:26Z</time>
			</trkpt>
			<trkpt lat="35.02515627735672" lon="137.1567349668688">
				<ele>36.064911541529</ele>
				<time>2026-08-02T22:06:27Z</time>
			</trkpt>
			<trkpt lat="35.02519535574595" lon="137.1565819451781">
				<ele>35.405853669159114</ele>
				<time>2026-08-02T22:06:28Z</time>
			</trkpt>
			<trkpt lat="35.02523389962274" lon="137.15643724012978">
				<ele>35.04945892933756</ele>
				<time>2026-08-02T22:06:29Z</time>
			</trkpt>
			<trkpt lat="35.02527335440567" lon="137.15628596325922">
				<ele>34.89783336408436</ele>
				<time>2026-08-02T22:06:30Z</time>
			</trkpt>
			<trkpt lat="35.02531565812502" lon="137.15613939955983">
				<ele>34.448950367979705</ele>
				<time>2026-08-02T22:06:31Z</time>
			</trkpt>
			<trkpt lat="35.02536153900288" lon="137.15599163112387">
				<ele>33.80929990205914</ele>
				<time>2026-08-02T22:06:32Z</time>
			</trkpt>
			<trkpt lat="35.02541364403519" lon="137.15584822381217">
				<ele>33.74846517853439</ele>
				<time>2026-08-02T22:06:33Z</time>
			</trkpt>
			<trkpt lat="35.02547247524995" lon="137.15570281098292">
				<ele>33.848509593866765</ele>
				<time>2026-08-02T22:06:34Z</time>
			</trkpt>
			<trkpt lat="35.02554507106616" lon="137.15557645177861">
				<ele>30.884431397542357</ele>
				<time>2026-08-02T22:06:35Z</time>
			</trkpt>
			<trkpt lat="35.02562173700327" lon="137.15545371010282">
				<ele>30.51530591864139</ele>
				<time>2026-08-02T22:06:36Z</time>
			</trkpt>
			<trkpt lat="35.025698953222985" lon="137.15533599463055">
				<ele>30.701896919868886</ele>
				<time>2026-08-02T22:06:37Z</time>
			</trkpt>
			<trkpt lat="35.02577768504175" lon="137.15521214383693">
				<ele>30.62655001692474</ele>
				<time>2026-08-02T22:06:38Z</time>
			</trkpt>
			<trkpt lat="35.02586187435132" lon="137.15510690674105">
				<ele>30.594473254866898</ele>
				<time>2026-08-02T22:06:39Z</time>
			</trkpt>
			<trkpt lat="35.02594818538177" lon="137.15500650728373">
				<ele>31.2281990153715</ele>
				<time>2026-08-02T22:06:40Z</time>
			</trkpt>
			<trkpt lat="35.02603678971309" lon="137.1549150960948">
				<ele>31.71534345857799</ele>
				<time>2026-08-02T22:06:41Z</time>
			</trkpt>
			<trkpt lat="35.02612605120258" lon="137.15483369820677">
				<ele>32.185301918536425</ele>
				<time>2026-08-02T22:06:42Z</time>
			</trkpt>
			<trkpt lat="35.02620711453969" lon="137.15474118832768">
				<ele>32.685976463370025</ele>
				<time>2026-08-02T22:06:43Z</time>
			</trkpt>
			<trkpt lat="35.02629729676822" lon="137.15466237923073">
				<ele>32.28140893019736</ele>
				<time>2026-08-02T22:06:44Z</time>
			</trkpt>
			<trkpt lat="35.0263884584462" lon="137.15456780503504">
				<ele>32.25028058048338</ele>
				<time>2026-08-02T22:06:45Z</time>
			</trkpt>
			<trkpt lat="35.02648139236911" lon="137.15450196014265">
				<ele>32.32961771264672</ele>
				<time>2026-08-02T22:06:46Z</time>
			</trkpt>
			<trkpt lat="35.02656955321832" lon="137.15444411212667">
				<ele>32.89095924515277</ele>
				<time>2026-08-02T22:06:47Z</time>
			</trkpt>
			<trkpt lat="35.026663804429866" lon="137.15438875996531">
				<ele>33.37286360189319</ele>
				<time>2026-08-02T22:06:48Z</time>
			</trkpt>
			<trkpt lat="35.02676515414213" lon="137.1543286954211">
				<ele>34.06029453501105</ele>
				<time>2026-08-02T22:06:49Z</time>
			</trkpt>
			<trkpt lat="35.02686860698521" lon="137.1542769350528">
				<ele>34.048203555867076</ele>
				<time>2026-08-02T22:06:50Z</time>
			</trkpt>
			<trkpt lat="35.02697167788702" lon="137.15423028121444">
				<ele>34.44381230697036</ele>
				<time>2026-08-02T22:06:51Z</time>
			</trkpt>
			<trkpt lat="35.02707598147708" lon="137.1541898821745">
				<ele>34.30610931944102</ele>
				<time>2026-08-02T22:06:52Z</time>
			</trkpt>
			<trkpt lat="35.02717742644787" lon="137.15415135830978">
				<ele>34.24894821457565</ele>
				<time>2026-08-02T22:06:53Z</time>
			</trkpt>
			<trkpt lat="35.02727199549874" lon="137.1541191308921">
				<ele>33.976459690369666</ele>
				<time>2026-08-02T22:06:54Z</time>
			</trkpt>
			<trkpt lat="35.02736259241738" lon="137.15409461117352">
				<ele>34.09755339007825</ele>
				<time>2026-08-02T22:06:55Z</time>
			</trkpt>
			<trkpt lat="35.02745622517196" lon="137.15406807819883">
				<ele>33.82773826085031</ele>
				<time>2026-08-02T22:06:56Z</time>
			</trkpt>
			<trkpt lat="35.02754633744823" lon="137.15403780904435">
				<ele>33.76525307260454</ele>
				<time>2026-08-02T22:06:57Z</time>
			</trkpt>
			<trkpt lat="35.02763499929121" lon="137.15401143234917">
				<ele>33.716629267670214</ele>
				<time>2026-08-02T22:06:58Z</time>
			</trkpt>
			<trkpt lat="35.027716973220066" lon="137.1539886117673">
				<ele>33.43232148792595</ele>
				<time>2026-08-02T22:06:59Z</time>
			</trkpt>
			<trkpt lat="35.027791654514836" lon="137.1539679292411">
				<ele>33.47503057774156</ele>
				<time>2026-08-02T22:07:00Z</time>
			</trkpt>
			<trkpt lat="35.02785915252428" lon="137.15395128451567">
				<ele>33.3578812237829</ele>
				<time>2026-08-02T22:07:01Z</time>
			</trkpt>
			<trkpt lat="35.027913774136174" lon="137.15393331450946">
				<ele>33.07041157595813</ele>
				<time>2026-08-02T22:07:02Z</time>
			</trkpt>
			<trkpt lat="35.0279567054357" lon="137.15392086692222">
				<ele>32.99522492941469</ele>
				<time>2026-08-02T22:07:03Z</time>
			</trkpt>
			<trkpt lat="35.027987339531904" lon="137.15391476824792">
				<ele>33.23489983379841</ele>
				<time>2026-08-02T22:07:04Z</time>
			</trkpt>
			<trkpt lat="35.028005605222" lon="137.15390647266398">
				<ele>33.33998800814152</ele>
				<time>2026-08-02T22:07:05Z</time>
			</trkpt>
			<trkpt lat="35.028023813544294" lon="137.15390183908568">
				<ele>33.25172318145633</ele>
				<time>2026-08-02T22:07:06Z</time>
			</trkpt>
			<trkpt lat="35.028041944884194" lon="137.15389866460865">
				<ele>33.200310381129384</ele>
				<time>2026-08-02T22:07:08Z</time>
			</trkpt>
			<trkpt lat="35.028075422859295" lon="137.15389116887562">
				<ele>33.60367983113974</ele>
				<time>2026-08-02T22:07:11Z</time>
			</trkpt>
			<trkpt lat="35.028105260954725" lon="137.15387756109746">
				<ele>33.50909138843417</ele>
				<time>2026-08-02T22:07:12Z</time>
			</trkpt>
			<trkpt lat="35.02814014018718" lon="137.15386696281075">
				<ele>33.48173714336008</ele>
				<time>2026-08-02T22:07:13Z</time>
			</trkpt>
			<trkpt lat="35.02816947085606" lon="137.15386025368528">
				<ele>33.692188118584454</ele>
				<time>2026-08-02T22:07:14Z</time>
			</trkpt>
			<trkpt lat="35.02821035922461" lon="137.15384721958114">
				<ele>33.615554741583765</ele>
				<time>2026-08-02T22:07:15Z</time>
			</trkpt>
			<trkpt lat="35.028256779231434" lon="137.15382989179545">
				<ele>33.75500669982284</ele>
				<time>2026-08-02T22:07:16Z</time>
			</trkpt>
			<trkpt lat="35.02830394340489" lon="137.1538134244581">
				<ele>33.99121819622815</ele>
				<time>2026-08-02T22:07:17Z</time>
			</trkpt>
			<trkpt lat="35.02836067539404" lon="137.1537953737657">
				<ele>34.12089912686497</ele>
				<time>2026-08-02T22:07:18Z</time>
			</trkpt>
			<trkpt lat="35.028411505595706" lon="137.15378330763298">
				<ele>34.44958738703281</ele>
				<time>2026-08-02T22:07:19Z</time>
			</trkpt>
			<trkpt lat="35.02845640864834" lon="137.15377357604476">
				<ele>34.921676483005285</ele>
				<time>2026-08-02T22:07:20Z</time>
			</trkpt>
			<trkpt lat="35.028501572776804" lon="137.15376014495084">
				<ele>35.07774693518877</ele>
				<time>2026-08-02T22:07:21Z</time>
			</trkpt>
			<trkpt lat="35.02855593017282" lon="137.15374529294985">
				<ele>35.477253128774464</ele>
				<time>2026-08-02T22:07:22Z</time>
			</trkpt>
			<trkpt lat="35.02861033590581" lon="137.15372894418522">
				<ele>35.65437877178192</ele>
				<time>2026-08-02T22:07:23Z</time>
			</trkpt>
			<trkpt lat="35.02867223892667" lon="137.1537099304722">
				<ele>36.16652229707688</ele>
				<time>2026-08-02T22:07:24Z</time>
			</trkpt>
			<trkpt lat="35.02873423055925" lon="137.153687933708">
				<ele>36.39831316284835</ele>
				<time>2026-08-02T22:07:25Z</time>
			</trkpt>
			<trkpt lat="35.02880618565745" lon="137.1536659948074">
				<ele>37.039188189432025</ele>
				<time>2026-08-02T22:07:26Z</time>
			</trkpt>
			<trkpt lat="35.028881873710795" lon="137.15363835767843">
				<ele>37.286204238422215</ele>
				<time>2026-08-02T22:07:27Z</time>
			</trkpt>
			<trkpt lat="35.02895419810842" lon="137.1536158599713">
				<ele>37.424496453255415</ele>
				<time>2026-08-02T22:07:28Z</time>
			</trkpt>
			<trkpt lat="35.02903081912319" lon="137.153592324912">
				<ele>37.648652385920286</ele>
				<time>2026-08-02T22:07:29Z</time>
			</trkpt>
			<trkpt lat="35.029109574397424" lon="137.1535637487507">
				<ele>38.04974473826587</ele>
				<time>2026-08-02T22:07:30Z</time>
			</trkpt>
			<trkpt lat="35.029189480301454" lon="137.15353563723866">
				<ele>38.207835510373116</ele>
				<time>2026-08-02T22:07:31Z</time>
			</trkpt>
			<trkpt lat="35.02926903152679" lon="137.15350664549362">
				<ele>38.642693064175546</ele>
				<time>2026-08-02T22:07:32Z</time>
			</trkpt>
			<trkpt lat="35.029354945257644" lon="137.15347691308338">
				<ele>38.80824120994657</ele>
				<time>2026-08-02T22:07:33Z</time>
			</trkpt>
			<trkpt lat="35.02943633296724" lon="137.15344821931677">
				<ele>39.49016960058361</ele>
				<time>2026-08-02T22:07:34Z</time>
			</trkpt>
			<trkpt lat="35.029518432759" lon="137.15341762515274">
				<ele>39.58006976637989</ele>
				<time>2026-08-02T22:07:35Z</time>
			</trkpt>
			<trkpt lat="35.02960123530276" lon="137.1533887385042">
				<ele>39.88316303584725</ele>
				<time>2026-08-02T22:07:36Z</time>
			</trkpt>
			<trkpt lat="35.02968756381157" lon="137.15336145434253">
				<ele>40.15583989024162</ele>
				<time>2026-08-02T22:07:37Z</time>
			</trkpt>
			<trkpt lat="35.02976423818706" lon="137.15334131812085">
				<ele>40.1852535540238</ele>
				<time>2026-08-02T22:07:38Z</time>
			</trkpt>
			<trkpt lat="35.029828335346224" lon="137.15332508666944">
				<ele>40.51245246361941</ele>
				<time>2026-08-02T22:07:39Z</time>
			</trkpt>
			<trkpt lat="35.029879598568996" lon="137.15331071396216">
				<ele>40.435990060679615</ele>
				<time>2026-08-02T22:07:40Z</time>
			</trkpt>
			<trkpt lat="35.02991633772981" lon="137.15329847896874">
				<ele>40.50248643010855</ele>
				<time>2026-08-02T22:07:41Z</time>
			</trkpt>
			<trkpt lat="35.02994168339874" lon="137.15329268499036">
				<ele>40.36172306537628</ele>
				<time>2026-08-02T22:07:42Z</time>
			</trkpt>
			<trkpt lat="35.02996399303288" lon="137.1532832658231">
				<ele>37.74848146457225</ele>
				<time>2026-08-02T22:07:46Z</time>
			</trkpt>
			<trkpt lat="35.02998627482911" lon="137.15327467121497">
				<ele>36.627171899192035</ele>
				<time>2026-08-02T22:07:53Z</time>
			</trkpt>
			<trkpt lat="35.03002625576675" lon="137.15325802476832">
				<ele>37.29284001607448</ele>
				<time>2026-08-02T22:08:56Z</time>
			</trkpt>
			<trkpt lat="35.03006413875812" lon="137.15324495573176">
				<ele>37.430024990811944</ele>
				<time>2026-08-02T22:08:57Z</time>
			</trkpt>
			<trkpt lat="35.030095935411325" lon="137.1532359787344">
				<ele>37.50640865508467</ele>
				<time>2026-08-02T22:08:58Z</time>
			</trkpt>
			<trkpt lat="35.03012894984501" lon="137.15322465520174">
				<ele>37.57920604292303</ele>
				<time>2026-08-02T22:08:59Z</time>
			</trkpt>
			<trkpt lat="35.030174660741864" lon="137.15320754849557">
				<ele>37.68242817465216</ele>
				<time>2026-08-02T22:09:00Z</time>
			</trkpt>
			<trkpt lat="35.03023446649821" lon="137.15318822002047">
				<ele>37.82028375659138</ele>
				<time>2026-08-02T22:09:01Z</time>
			</trkpt>
			<trkpt lat="35.030299662886236" lon="137.15316788491617">
				<ele>37.8842493807897</ele>
				<time>2026-08-02T22:09:02Z</time>
			</trkpt>
			<trkpt lat="35.030369589166085" lon="137.1531476456594">
				<ele>37.875989589840174</ele>
				<time>2026-08-02T22:09:03Z</time>
			</trkpt>
			<trkpt lat="35.03044044824432" lon="137.15313028013756">
				<ele>38.16657052561641</ele>
				<time>2026-08-02T22:09:04Z</time>
			</trkpt>
			<trkpt lat="35.03052438560142" lon="137.15310724950885">
				<ele>38.19160909857601</ele>
				<time>2026-08-02T22:09:05Z</time>
			</trkpt>
			<trkpt lat="35.03061079060074" lon="137.1530836579049">
				<ele>38.16930694878101</ele>
				<time>2026-08-02T22:09:06Z</time>
			</trkpt>
			<trkpt lat="35.03070266226341" lon="137.1530590452023">
				<ele>38.25533872190863</ele>
				<time>2026-08-02T22:09:07Z</time>
			</trkpt>
			<trkpt lat="35.03080130544454" lon="137.1530329205632">
				<ele>38.125821674242616</ele>
				<time>2026-08-02T22:09:08Z</time>
			</trkpt>
			<trkpt lat="35.03089886521065" lon="137.15300583954883">
				<ele>38.23271564207971</ele>
				<time>2026-08-02T22:09:09Z</time>
			</trkpt>
			<trkpt lat="35.03099708921612" lon="137.15298409880637">
				<ele>38.471463785506785</ele>
				<time>2026-08-02T22:09:10Z</time>
			</trkpt>
			<trkpt lat="35.03110100337798" lon="137.1529592931012">
				<ele>38.54839899763465</ele>
				<time>2026-08-02T22:09:11Z</time>
			</trkpt>
			<trkpt lat="35.03121084694763" lon="137.1529349571386">
				<ele>38.669127725064754</ele>
				<time>2026-08-02T22:09:12Z</time>
			</trkpt>
			<trkpt lat="35.0313195484636" lon="137.15291080405314">
				<ele>38.79307118058205</ele>
				<time>2026-08-02T22:09:13Z</time>
			</trkpt>
			<trkpt lat="35.031429235109776" lon="137.1528868568803">
				<ele>38.79670701082796</ele>
				<time>2026-08-02T22:09:14Z</time>
			</trkpt>
			<trkpt lat="35.031538954877085" lon="137.15285942271066">
				<ele>38.75210861954838</ele>
				<time>2026-08-02T22:09:15Z</time>
			</trkpt>
			<trkpt lat="35.03164846329027" lon="137.15283116100434">
				<ele>38.81926894001663</ele>
				<time>2026-08-02T22:09:16Z</time>
			</trkpt>
			<trkpt lat="35.03175706577843" lon="137.152801162582">
				<ele>38.913721369579434</ele>
				<time>2026-08-02T22:09:17Z</time>
			</trkpt>
			<trkpt lat="35.03186636165572" lon="137.1527688779806">
				<ele>39.052968518808484</ele>
				<time>2026-08-02T22:09:18Z</time>
			</trkpt>
			<trkpt lat="35.031973649566105" lon="137.15273360488663">
				<ele>38.89483671914786</ele>
				<time>2026-08-02T22:09:19Z</time>
			</trkpt>
			<trkpt lat="35.032076390957535" lon="137.15270236625182">
				<ele>39.138904904946685</ele>
				<time>2026-08-02T22:09:20Z</time>
			</trkpt>
			<trkpt lat="35.03216970775521" lon="137.1526782737766">
				<ele>39.17444949038327</ele>
				<time>2026-08-02T22:09:21Z</time>
			</trkpt>
			<trkpt lat="35.03227159689248" lon="137.1526527032123">
				<ele>39.14540733769536</ele>
				<time>2026-08-02T22:09:22Z</time>
			</trkpt>
			<trkpt lat="35.03237296204029" lon="137.15262697308813">
				<ele>39.30719087366015</ele>
				<time>2026-08-02T22:09:23Z</time>
			</trkpt>
			<trkpt lat="35.03247372080293" lon="137.15260561750873">
				<ele>39.316454698331654</ele>
				<time>2026-08-02T22:09:24Z</time>
			</trkpt>
			<trkpt lat="35.03257332039392" lon="137.15258640328764">
				<ele>39.186713946051896</ele>
				<time>2026-08-02T22:09:25Z</time>
			</trkpt>
			<trkpt lat="35.03267398775115" lon="137.15256926455334">
				<ele>39.35928910970688</ele>
				<time>2026-08-02T22:09:26Z</time>
			</trkpt>
			<trkpt lat="35.03276603087255" lon="137.15255667477558">
				<ele>39.36561575252563</ele>
				<time>2026-08-02T22:09:27Z</time>
			</trkpt>
			<trkpt lat="35.03286037292087" lon="137.1525460341072">
				<ele>39.329951603896916</ele>
				<time>2026-08-02T22:09:28Z</time>
			</trkpt>
			<trkpt lat="35.03295437814971" lon="137.1525404274587">
				<ele>39.286953903734684</ele>
				<time>2026-08-02T22:09:29Z</time>
			</trkpt>
			<trkpt lat="35.03305210309205" lon="137.15253482630655">
				<ele>39.28797148540616</ele>
				<time>2026-08-02T22:09:30Z</time>
			</trkpt>
			<trkpt lat="35.03315148012888" lon="137.15253062819886">
				<ele>39.12004964891821</ele>
				<time>2026-08-02T22:09:31Z</time>
			</trkpt>
			<trkpt lat="35.03325002225026" lon="137.15252847168887">
				<ele>38.839357076212764</ele>
				<time>2026-08-02T22:09:32Z</time>
			</trkpt>
			<trkpt lat="35.033351155916456" lon="137.15252726857526">
				<ele>38.73281138204038</ele>
				<time>2026-08-02T22:09:33Z</time>
			</trkpt>
			<trkpt lat="35.03344918024503" lon="137.15252651502007">
				<ele>38.55866007693112</ele>
				<time>2026-08-02T22:09:34Z</time>
			</trkpt>
			<trkpt lat="35.03354659460297" lon="137.1525340981299">
				<ele>38.612328773364425</ele>
				<time>2026-08-02T22:09:35Z</time>
			</trkpt>
			<trkpt lat="35.033638265221185" lon="137.15254566764008">
				<ele>38.51410905085504</ele>
				<time>2026-08-02T22:09:36Z</time>
			</trkpt>
			<trkpt lat="35.0337362055103" lon="137.1525574991193">
				<ele>38.41019690874964</ele>
				<time>2026-08-02T22:09:37Z</time>
			</trkpt>
			<trkpt lat="35.033824600011734" lon="137.1525706057055">
				<ele>38.40661949664354</ele>
				<time>2026-08-02T22:09:38Z</time>
			</trkpt>
			<trkpt lat="35.033917952476024" lon="137.15258419144018">
				<ele>38.1635310491547</ele>
				<time>2026-08-02T22:09:39Z</time>
			</trkpt>
			<trkpt lat="35.03402051455362" lon="137.15259697688353">
				<ele>38.0856095161289</ele>
				<time>2026-08-02T22:09:40Z</time>
			</trkpt>
			<trkpt lat="35.03412110649431" lon="137.15261527219693">
				<ele>38.022957858629525</ele>
				<time>2026-08-02T22:09:41Z</time>
			</trkpt>
			<trkpt lat="35.03422783743362" lon="137.15263340435706">
				<ele>38.01834384072572</ele>
				<time>2026-08-02T22:09:42Z</time>
			</trkpt>
			<trkpt lat="35.03433246852792" lon="137.15265259708286">
				<ele>37.789127946831286</ele>
				<time>2026-08-02T22:09:43Z</time>
			</trkpt>
			<trkpt lat="35.03444140844219" lon="137.1526711728422">
				<ele>37.92266485653818</ele>
				<time>2026-08-02T22:09:44Z</time>
			</trkpt>
			<trkpt lat="35.034550441277105" lon="137.15268991063877">
				<ele>37.92809404619038</ele>
				<time>2026-08-02T22:09:45Z</time>
			</trkpt>
			<trkpt lat="35.034657016025214" lon="137.15270862154415">
				<ele>38.074219579808414</ele>
				<time>2026-08-02T22:09:46Z</time>
			</trkpt>
			<trkpt lat="35.034764799683074" lon="137.15272566169608">
				<ele>38.410416211001575</ele>
				<time>2026-08-02T22:09:47Z</time>
			</trkpt>
			<trkpt lat="35.03487304332459" lon="137.15274312910373">
				<ele>38.559407581575215</ele>
				<time>2026-08-02T22:09:48Z</time>
			</trkpt>
			<trkpt lat="35.03497950320822" lon="137.1527634667081">
				<ele>38.84817356988788</ele>
				<time>2026-08-02T22:09:49Z</time>
			</trkpt>
			<trkpt lat="35.0350801230061" lon="137.15278495348667">
				<ele>38.83980448637158</ele>
				<time>2026-08-02T22:09:50Z</time>
			</trkpt>
			<trkpt lat="35.035185833099014" lon="137.15280613680213">
				<ele>38.79039013478905</ele>
				<time>2026-08-02T22:09:51Z</time>
			</trkpt>
			<trkpt lat="35.03529201986584" lon="137.15282744167416">
				<ele>38.797360591590405</ele>
				<time>2026-08-02T22:09:52Z</time>
			</trkpt>
			<trkpt lat="35.03540512954228" lon="137.15284602205602">
				<ele>38.841823370195925</ele>
				<time>2026-08-02T22:09:53Z</time>
			</trkpt>
			<trkpt lat="35.03554487898599" lon="137.15286351370378">
				<ele>38.93737068865448</ele>
				<time>2026-08-02T22:09:54Z</time>
			</trkpt>
			<trkpt lat="35.03566088986207" lon="137.1528792206638">
				<ele>39.05029495805502</ele>
				<time>2026-08-02T22:09:55Z</time>
			</trkpt>
			<trkpt lat="35.03577159168196" lon="137.15289638831192">
				<ele>39.09576054196805</ele>
				<time>2026-08-02T22:09:56Z</time>
			</trkpt>
			<trkpt lat="35.03588389391708" lon="137.15291545847592">
				<ele>39.098615190945566</ele>
				<time>2026-08-02T22:09:57Z</time>
			</trkpt>
			<trkpt lat="35.03599591710289" lon="137.15293342509156">
				<ele>39.22092652134597</ele>
				<time>2026-08-02T22:09:58Z</time>
			</trkpt>
			<trkpt lat="35.0361068677492" lon="137.15295372052532">
				<ele>39.48271033540368</ele>
				<time>2026-08-02T22:09:59Z</time>
			</trkpt>
			<trkpt lat="35.036222572611116" lon="137.15297135829726">
				<ele>39.20789623539895</ele>
				<time>2026-08-02T22:10:00Z</time>
			</trkpt>
			<trkpt lat="35.036337960553944" lon="137.15299005889176">
				<ele>39.42497930955142</ele>
				<time>2026-08-02T22:10:01Z</time>
			</trkpt>
			<trkpt lat="35.03645434778356" lon="137.15301053827196">
				<ele>39.34469107724726</ele>
				<time>2026-08-02T22:10:02Z</time>
			</trkpt>
			<trkpt lat="35.036576399707094" lon="137.1530282339067">
				<ele>39.59759497921914</ele>
				<time>2026-08-02T22:10:03Z</time>
			</trkpt>
			<trkpt lat="35.03670137039605" lon="137.15304632125378">
				<ele>39.6982867019251</ele>
				<time>2026-08-02T22:10:04Z</time>
			</trkpt>
			<trkpt lat="35.036824754869635" lon="137.15306438830882">
				<ele>39.75953058619052</ele>
				<time>2026-08-02T22:10:05Z</time>
			</trkpt>
			<trkpt lat="35.0369476647189" lon="137.15308915443535">
				<ele>39.98158271610737</ele>
				<time>2026-08-02T22:10:06Z</time>
			</trkpt>
			<trkpt lat="35.03707104751497" lon="137.1531152903468">
				<ele>39.85891774762422</ele>
				<time>2026-08-02T22:10:07Z</time>
			</trkpt>
			<trkpt lat="35.03719665012374" lon="137.153135136076">
				<ele>40.24694431386888</ele>
				<time>2026-08-02T22:10:08Z</time>
			</trkpt>
			<trkpt lat="35.037321798120026" lon="137.15315457828243">
				<ele>40.315283086150885</ele>
				<time>2026-08-02T22:10:09Z</time>
			</trkpt>
			<trkpt lat="35.037451840128234" lon="137.15317168447837">
				<ele>40.785093422047794</ele>
				<time>2026-08-02T22:10:10Z</time>
			</trkpt>
			<trkpt lat="35.03758000694937" lon="137.15318948734057">
				<ele>41.134189552627504</ele>
				<time>2026-08-02T22:10:11Z</time>
			</trkpt>
			<trkpt lat="35.03770617523225" lon="137.15320498771678">
				<ele>41.48529273457825</ele>
				<time>2026-08-02T22:10:12Z</time>
			</trkpt>
			<trkpt lat="35.03783444205845" lon="137.15322517197123">
				<ele>41.868159242905676</ele>
				<time>2026-08-02T22:10:13Z</time>
			</trkpt>
			<trkpt lat="35.037963618092625" lon="137.1532446674755">
				<ele>42.16390944365412</ele>
				<time>2026-08-02T22:10:14Z</time>
			</trkpt>
			<trkpt lat="35.03807703423459" lon="137.15326399825844">
				<ele>42.25028188433498</ele>
				<time>2026-08-02T22:10:15Z</time>
			</trkpt>
			<trkpt lat="35.0382001443236" lon="137.15327715865982">
				<ele>42.66855332721025</ele>
				<time>2026-08-02T22:10:16Z</time>
			</trkpt>
			<trkpt lat="35.03831701984173" lon="137.15329697671217">
				<ele>42.90077767521143</ele>
				<time>2026-08-02T22:10:17Z</time>
			</trkpt>
			<trkpt lat="35.03843441457413" lon="137.15332319090646">
				<ele>43.02245628554374</ele>
				<time>2026-08-02T22:10:18Z</time>
			</trkpt>
			<trkpt lat="35.03855425519586" lon="137.15334525646506">
				<ele>43.16549486480653</ele>
				<time>2026-08-02T22:10:19Z</time>
			</trkpt>
			<trkpt lat="35.03867319657798" lon="137.1533625177836">
				<ele>43.26682162284851</ele>
				<time>2026-08-02T22:10:20Z</time>
			</trkpt>
			<trkpt lat="35.038789114268454" lon="137.1533804582178">
				<ele>43.53543462138623</ele>
				<time>2026-08-02T22:10:21Z</time>
			</trkpt>
			<trkpt lat="35.03890108849584" lon="137.15339799843863">
				<ele>43.534801554866135</ele>
				<time>2026-08-02T22:10:22Z</time>
			</trkpt>
			<trkpt lat="35.039009577710964" lon="137.15341432307747">
				<ele>43.69715119060129</ele>
				<time>2026-08-02T22:10:23Z</time>
			</trkpt>
			<trkpt lat="35.03911748451508" lon="137.15342823055866">
				<ele>43.5672068502754</ele>
				<time>2026-08-02T22:10:24Z</time>
			</trkpt>
			<trkpt lat="35.039218666733944" lon="137.1534443842851">
				<ele>43.545140359550714</ele>
				<time>2026-08-02T22:10:25Z</time>
			</trkpt>
			<trkpt lat="35.03931993285773" lon="137.15346162368564">
				<ele>43.1676724338904</ele>
				<time>2026-08-02T22:10:26Z</time>
			</trkpt>
			<trkpt lat="35.03941712823188" lon="137.15347873067267">
				<ele>43.12765655294061</ele>
				<time>2026-08-02T22:10:27Z</time>
			</trkpt>
			<trkpt lat="35.03951401783357" lon="137.15349706766008">
				<ele>42.905537138693035</ele>
				<time>2026-08-02T22:10:28Z</time>
			</trkpt>
			<trkpt lat="35.03961261856095" lon="137.1535141414484">
				<ele>42.61973834969103</ele>
				<time>2026-08-02T22:10:29Z</time>
			</trkpt>
			<trkpt lat="35.03970692809854" lon="137.15352740848394">
				<ele>42.4632234768942</ele>
				<time>2026-08-02T22:10:30Z</time>
			</trkpt>
			<trkpt lat="35.03979733561575" lon="137.15354232174127">
				<ele>42.22350630071014</ele>
				<time>2026-08-02T22:10:31Z</time>
			</trkpt>
			<trkpt lat="35.039885404142744" lon="137.15356002905253">
				<ele>41.92862014658749</ele>
				<time>2026-08-02T22:10:32Z</time>
			</trkpt>
			<trkpt lat="35.039970983022016" lon="137.1535777530496">
				<ele>41.92784683499485</ele>
				<time>2026-08-02T22:10:33Z</time>
			</trkpt>
			<trkpt lat="35.04005975115663" lon="137.15359230200275">
				<ele>41.840036920271814</ele>
				<time>2026-08-02T22:10:34Z</time>
			</trkpt>
			<trkpt lat="35.04014940009676" lon="137.153605051127">
				<ele>41.845610884949565</ele>
				<time>2026-08-02T22:10:35Z</time>
			</trkpt>
			<trkpt lat="35.04022600191187" lon="137.1536194541988">
				<ele>41.67230203561485</ele>
				<time>2026-08-02T22:10:36Z</time>
			</trkpt>
			<trkpt lat="35.04030099475177" lon="137.15363290756193">
				<ele>41.639995691366494</ele>
				<time>2026-08-02T22:10:37Z</time>
			</trkpt>
			<trkpt lat="35.040370291043246" lon="137.15364669829026">
				<ele>41.49357420857996</ele>
				<time>2026-08-02T22:10:38Z</time>
			</trkpt>
			<trkpt lat="35.04044048927798" lon="137.15366069951205">
				<ele>41.514653195627034</ele>
				<time>2026-08-02T22:10:39Z</time>
			</trkpt>
			<trkpt lat="35.04051431409047" lon="137.15367233553775">
				<ele>41.52725892420858</ele>
				<time>2026-08-02T22:10:40Z</time>
			</trkpt>
			<trkpt lat="35.040577355745505" lon="137.1536852385007">
				<ele>41.624730239622295</ele>
				<time>2026-08-02T22:10:41Z</time>
			</trkpt>
			<trkpt lat="35.04064391910728" lon="137.15369368094395">
				<ele>41.802382548339665</ele>
				<time>2026-08-02T22:10:42Z</time>
			</trkpt>
			<trkpt lat="35.04071234004429" lon="137.1536991304033">
				<ele>41.99843364302069</ele>
				<time>2026-08-02T22:10:43Z</time>
			</trkpt>
			<trkpt lat="35.04077588159482" lon="137.15371235603268">
				<ele>42.12538605835289</ele>
				<time>2026-08-02T22:10:44Z</time>
			</trkpt>
			<trkpt lat="35.04083800634837" lon="137.15372147893316">
				<ele>42.18415336776525</ele>
				<time>2026-08-02T22:10:45Z</time>
			</trkpt>
			<trkpt lat="35.040895992412764" lon="137.15373080067135">
				<ele>42.26824004109949</ele>
				<time>2026-08-02T22:10:46Z</time>
			</trkpt>
			<trkpt lat="35.04095692525456" lon="137.1537370108475">
				<ele>42.34921025764197</ele>
				<time>2026-08-02T22:10:47Z</time>
			</trkpt>
			<trkpt lat="35.04100993497512" lon="137.15374520083424">
				<ele>42.33332310989499</ele>
				<time>2026-08-02T22:10:48Z</time>
			</trkpt>
			<trkpt lat="35.04106408479144" lon="137.15375323423984">
				<ele>42.40502038784325</ele>
				<time>2026-08-02T22:10:49Z</time>
			</trkpt>
			<trkpt lat="35.04111724650278" lon="137.15376218162285">
				<ele>42.491747486405075</ele>
				<time>2026-08-02T22:10:50Z</time>
			</trkpt>
			<trkpt lat="35.041168246463144" lon="137.15376920539958">
				<ele>42.55405942723155</ele>
				<time>2026-08-02T22:10:51Z</time>
			</trkpt>
			<trkpt lat="35.04121422261533" lon="137.15377682900655">
				<ele>42.522091896273196</ele>
				<time>2026-08-02T22:10:52Z</time>
			</trkpt>
			<trkpt lat="35.04125789971601" lon="137.15378657160588">
				<ele>42.49987313617021</ele>
				<time>2026-08-02T22:10:53Z</time>
			</trkpt>
			<trkpt lat="35.04130155487155" lon="137.15379534855737">
				<ele>42.496552026830614</ele>
				<time>2026-08-02T22:10:54Z</time>
			</trkpt>
			<trkpt lat="35.04134362741765" lon="137.15380280320207">
				<ele>42.46413173619658</ele>
				<time>2026-08-02T22:10:55Z</time>
			</trkpt>
			<trkpt lat="35.04138126044417" lon="137.1538069203609">
				<ele>42.49018158297986</ele>
				<time>2026-08-02T22:10:56Z</time>
			</trkpt>
			<trkpt lat="35.04141500652722" lon="137.15381071834963">
				<ele>42.47421758901328</ele>
				<time>2026-08-02T22:10:57Z</time>
			</trkpt>
			<trkpt lat="35.04145066408098" lon="137.15381816073207">
				<ele>42.527686262503266</ele>
				<time>2026-08-02T22:10:58Z</time>
			</trkpt>
			<trkpt lat="35.041480132588504" lon="137.15382289252042">
				<ele>42.50800023134798</ele>
				<time>2026-08-02T22:10:59Z</time>
			</trkpt>
			<trkpt lat="35.04151217832516" lon="137.15382631218492">
				<ele>42.54037627950311</ele>
				<time>2026-08-02T22:11:00Z</time>
			</trkpt>
			<trkpt lat="35.041538107256905" lon="137.1538269634174">
				<ele>42.54330931697041</ele>
				<time>2026-08-02T22:11:01Z</time>
			</trkpt>
			<trkpt lat="35.041560510289536" lon="137.15383184247952">
				<ele>42.51409023627639</ele>
				<time>2026-08-02T22:11:02Z</time>
			</trkpt>
			<trkpt lat="35.041582974909986" lon="137.15383402028345">
				<ele>42.4403733452782</ele>
				<time>2026-08-02T22:11:03Z</time>
			</trkpt>
			<trkpt lat="35.041602712305966" lon="137.1538344667533">
				<ele>42.452907444909215</ele>
				<time>2026-08-02T22:11:04Z</time>
			</trkpt>
			<trkpt lat="35.04162184491682" lon="137.15383416630692">
				<ele>42.472575375810266</ele>
				<time>2026-08-02T22:11:05Z</time>
			</trkpt>
			<trkpt lat="35.04164130236652" lon="137.15383513553292">
				<ele>42.363894135691226</ele>
				<time>2026-08-02T22:11:07Z</time>
			</trkpt>
			<trkpt lat="35.04165944711227" lon="137.1538309254877">
				<ele>42.22107107844204</ele>
				<time>2026-08-02T22:11:11Z</time>
			</trkpt>
			<trkpt lat="35.0416924148186" lon="137.15385217926183">
				<ele>42.44088201317936</ele>
				<time>2026-08-02T22:11:37Z</time>
			</trkpt>
			<trkpt lat="35.041713829955185" lon="137.1538596699628">
				<ele>42.52284515835345</ele>
				<time>2026-08-02T22:11:38Z</time>
			</trkpt>
			<trkpt lat="35.04173248206138" lon="137.1538663687464">
				<ele>42.593689444474876</ele>
				<time>2026-08-02T22:11:39Z</time>
			</trkpt>
			<trkpt lat="35.041758449041474" lon="137.1538761612335">
				<ele>42.59405601397157</ele>
				<time>2026-08-02T22:11:40Z</time>
			</trkpt>
			<trkpt lat="35.04179681526546" lon="137.15388343365103">
				<ele>42.65771865285933</ele>
				<time>2026-08-02T22:11:41Z</time>
			</trkpt>
			<trkpt lat="35.04184397918792" lon="137.15389056358774">
				<ele>42.578004323877394</ele>
				<time>2026-08-02T22:11:42Z</time>
			</trkpt>
			<trkpt lat="35.041895729870646" lon="137.1538996981068">
				<ele>42.77872620150447</ele>
				<time>2026-08-02T22:11:43Z</time>
			</trkpt>
			<trkpt lat="35.04196151328707" lon="137.15390630859014">
				<ele>42.75208539701998</ele>
				<time>2026-08-02T22:11:44Z</time>
			</trkpt>
			<trkpt lat="35.04202194823705" lon="137.15391358094666">
				<ele>42.749475666321814</ele>
				<time>2026-08-02T22:11:45Z</time>
			</trkpt>
			<trkpt lat="35.042090573581746" lon="137.15391674590543">
				<ele>42.84157413896173</ele>
				<time>2026-08-02T22:11:46Z</time>
			</trkpt>
			<trkpt lat="35.042155207929326" lon="137.153927519954">
				<ele>42.67962062265724</ele>
				<time>2026-08-02T22:11:47Z</time>
			</trkpt>
			<trkpt lat="35.04222386991153" lon="137.15393714117388">
				<ele>42.75785606261343</ele>
				<time>2026-08-02T22:11:48Z</time>
			</trkpt>
			<trkpt lat="35.042300657979624" lon="137.15395321097543">
				<ele>42.74738584179431</ele>
				<time>2026-08-02T22:11:49Z</time>
			</trkpt>
			<trkpt lat="35.04239108387826" lon="137.15396168791068">
				<ele>42.76130857132375</ele>
				<time>2026-08-02T22:11:50Z</time>
			</trkpt>
			<trkpt lat="35.04247919565407" lon="137.1539827958604">
				<ele>42.87915246747434</ele>
				<time>2026-08-02T22:11:51Z</time>
			</trkpt>
			<trkpt lat="35.042566192557764" lon="137.15400468549018">
				<ele>43.03485477529466</ele>
				<time>2026-08-02T22:11:52Z</time>
			</trkpt>
			<trkpt lat="35.04266306479692" lon="137.1540172996454">
				<ele>43.0049938717857</ele>
				<time>2026-08-02T22:11:53Z</time>
			</trkpt>
			<trkpt lat="35.042755375317974" lon="137.15402632570942">
				<ele>43.166681996546686</ele>
				<time>2026-08-02T22:11:54Z</time>
			</trkpt>
			<trkpt lat="35.042846872597515" lon="137.15403819628656">
				<ele>43.240134198218584</ele>
				<time>2026-08-02T22:11:55Z</time>
			</trkpt>
			<trkpt lat="35.042940269065795" lon="137.1540563790743">
				<ele>43.376529436558485</ele>
				<time>2026-08-02T22:11:56Z</time>
			</trkpt>
			<trkpt lat="35.04303578717155" lon="137.1540756660392">
				<ele>43.48092888109386</ele>
				<time>2026-08-02T22:11:57Z</time>
			</trkpt>
			<trkpt lat="35.04313542354733" lon="137.15408969828383">
				<ele>43.7304852316156</ele>
				<time>2026-08-02T22:11:58Z</time>
			</trkpt>
			<trkpt lat="35.043235982163054" lon="137.15410269623146">
				<ele>43.93635165318847</ele>
				<time>2026-08-02T22:11:59Z</time>
			</trkpt>
			<trkpt lat="35.04333782275584" lon="137.15411919257573">
				<ele>43.91257482301444</ele>
				<time>2026-08-02T22:12:00Z</time>
			</trkpt>
			<trkpt lat="35.043438727762236" lon="137.15413653111634">
				<ele>44.11798363830894</ele>
				<time>2026-08-02T22:12:01Z</time>
			</trkpt>
			<trkpt lat="35.043540704778195" lon="137.15415459646508">
				<ele>44.17826119810343</ele>
				<time>2026-08-02T22:12:02Z</time>
			</trkpt>
			<trkpt lat="35.04365041287708" lon="137.15417172164675">
				<ele>44.44417469762266</ele>
				<time>2026-08-02T22:12:03Z</time>
			</trkpt>
			<trkpt lat="35.04375607403717" lon="137.15419017957603">
				<ele>44.69849538337439</ele>
				<time>2026-08-02T22:12:04Z</time>
			</trkpt>
			<trkpt lat="35.04386359590466" lon="137.15420480805534">
				<ele>44.92748287785798</ele>
				<time>2026-08-02T22:12:05Z</time>
			</trkpt>
			<trkpt lat="35.043970999427316" lon="137.15421775657924">
				<ele>45.055202811956406</ele>
				<time>2026-08-02T22:12:06Z</time>
			</trkpt>
			<trkpt lat="35.0440709515588" lon="137.15423494577203">
				<ele>45.2999397078529</ele>
				<time>2026-08-02T22:12:07Z</time>
			</trkpt>
			<trkpt lat="35.044177564155646" lon="137.15424798969778">
				<ele>45.48360144905746</ele>
				<time>2026-08-02T22:12:08Z</time>
			</trkpt>
			<trkpt lat="35.044284956686006" lon="137.15425498911245">
				<ele>45.75229906570166</ele>
				<time>2026-08-02T22:12:09Z</time>
			</trkpt>
			<trkpt lat="35.044390171394085" lon="137.15425852325862">
				<ele>45.8166935024783</ele>
				<time>2026-08-02T22:12:10Z</time>
			</trkpt>
			<trkpt lat="35.044488917848014" lon="137.15427476079302">
				<ele>46.005796886980534</ele>
				<time>2026-08-02T22:12:11Z</time>
			</trkpt>
			<trkpt lat="35.044591469259736" lon="137.15428512798772">
				<ele>46.314839981496334</ele>
				<time>2026-08-02T22:12:12Z</time>
			</trkpt>
			<trkpt lat="35.0446942017271" lon="137.15429051179854">
				<ele>46.57611221540719</ele>
				<time>2026-08-02T22:12:13Z</time>
			</trkpt>
			<trkpt lat="35.04479141070716" lon="137.15429299577292">
				<ele>46.81774883437902</ele>
				<time>2026-08-02T22:12:14Z</time>
			</trkpt>
			<trkpt lat="35.044886522485704" lon="137.1542931431938">
				<ele>47.05204337276518</ele>
				<time>2026-08-02T22:12:15Z</time>
			</trkpt>
			<trkpt lat="35.04498267841708" lon="137.15429031163086">
				<ele>47.242982391268015</ele>
				<time>2026-08-02T22:12:16Z</time>
			</trkpt>
			<trkpt lat="35.04508418305143" lon="137.1542805529777">
				<ele>47.53622580971569</ele>
				<time>2026-08-02T22:12:17Z</time>
			</trkpt>
			<trkpt lat="35.0451741156106" lon="137.15427494700293">
				<ele>47.84755073860288</ele>
				<time>2026-08-02T22:12:18Z</time>
			</trkpt>
			<trkpt lat="35.045260347403875" lon="137.1542652061059">
				<ele>48.30449680611491</ele>
				<time>2026-08-02T22:12:19Z</time>
			</trkpt>
			<trkpt lat="35.04533768215615" lon="137.1542553127293">
				<ele>48.62486231606454</ele>
				<time>2026-08-02T22:12:20Z</time>
			</trkpt>
			<trkpt lat="35.0454307646136" lon="137.15424296791164">
				<ele>48.85442019533366</ele>
				<time>2026-08-02T22:12:21Z</time>
			</trkpt>
			<trkpt lat="35.045515648440016" lon="137.15422910958816">
				<ele>49.26127789635211</ele>
				<time>2026-08-02T22:12:22Z</time>
			</trkpt>
			<trkpt lat="35.045603594655056" lon="137.15421199265992">
				<ele>49.53403500653803</ele>
				<time>2026-08-02T22:12:23Z</time>
			</trkpt>
			<trkpt lat="35.045687383716704" lon="137.15419302167035">
				<ele>49.925931916572154</ele>
				<time>2026-08-02T22:12:24Z</time>
			</trkpt>
			<trkpt lat="35.04576507462039" lon="137.15417407288578">
				<ele>50.2317947903648</ele>
				<time>2026-08-02T22:12:25Z</time>
			</trkpt>
			<trkpt lat="35.04583647929749" lon="137.1541562411187">
				<ele>50.52118352148682</ele>
				<time>2026-08-02T22:12:26Z</time>
			</trkpt>
			<trkpt lat="35.045899567314" lon="137.15414332127878">
				<ele>50.75557897426188</ele>
				<time>2026-08-02T22:12:27Z</time>
			</trkpt>
			<trkpt lat="35.045956690442715" lon="137.1541308394405">
				<ele>50.99428054038435</ele>
				<time>2026-08-02T22:12:28Z</time>
			</trkpt>
			<trkpt lat="35.046010612650896" lon="137.15411612532534">
				<ele>51.21643926296383</ele>
				<time>2026-08-02T22:12:29Z</time>
			</trkpt>
			<trkpt lat="35.04605730961706" lon="137.15410690448513">
				<ele>51.479011797346175</ele>
				<time>2026-08-02T22:12:30Z</time>
			</trkpt>
			<trkpt lat="35.04608505471363" lon="137.15410633749823">
				<ele>51.59722915943712</ele>
				<time>2026-08-02T22:12:31Z</time>
			</trkpt>
			<trkpt lat="35.04611890997579" lon="137.15409967594948">
				<ele>51.84106810949743</ele>
				<time>2026-08-02T22:12:32Z</time>
			</trkpt>
			<trkpt lat="35.0461584003654" lon="137.154094527478">
				<ele>51.91409645974636</ele>
				<time>2026-08-02T22:12:33Z</time>
			</trkpt>
			<trkpt lat="35.0461855532036" lon="137.15409078924714">
				<ele>52.07129837013781</ele>
				<time>2026-08-02T22:12:34Z</time>
			</trkpt>
			<trkpt lat="35.04620511490177" lon="137.15408663381115">
				<ele>52.185652516782284</ele>
				<time>2026-08-02T22:12:36Z</time>
			</trkpt>
			<trkpt lat="35.04618430736129" lon="137.1540945727707">
				<ele>52.123162312433124</ele>
				<time>2026-08-02T22:12:37Z</time>
			</trkpt>
			<trkpt lat="35.046165555394516" lon="137.15409940752383">
				<ele>52.38370951637626</ele>
				<time>2026-08-02T22:12:44Z</time>
			</trkpt>
			<trkpt lat="35.046110299681644" lon="137.1541139940876">
				<ele>53.093911526724696</ele>
				<time>2026-08-02T22:13:12Z</time>
			</trkpt>
			<trkpt lat="35.04612847014751" lon="137.1541202436209">
				<ele>53.67860687896609</ele>
				<time>2026-08-02T22:13:51Z</time>
			</trkpt>
			<trkpt lat="35.046148485933614" lon="137.15411869979687">
				<ele>53.33371986169368</ele>
				<time>2026-08-02T22:13:52Z</time>
			</trkpt>
			<trkpt lat="35.04617979149112" lon="137.1541162505088">
				<ele>53.20258783735335</ele>
				<time>2026-08-02T22:13:53Z</time>
			</trkpt>
			<trkpt lat="35.046213135968074" lon="137.15411096043925">
				<ele>53.11986146308482</ele>
				<time>2026-08-02T22:13:54Z</time>
			</trkpt>
			<trkpt lat="35.04624349237123" lon="137.15410366074906">
				<ele>52.99582628533244</ele>
				<time>2026-08-02T22:13:55Z</time>
			</trkpt>
			<trkpt lat="35.04627772700606" lon="137.15409902145902">
				<ele>52.971379718743265</ele>
				<time>2026-08-02T22:13:56Z</time>
			</trkpt>
			<trkpt lat="35.04631949564724" lon="137.15409452186424">
				<ele>52.98851481731981</ele>
				<time>2026-08-02T22:13:57Z</time>
			</trkpt>
			<trkpt lat="35.046368464862844" lon="137.15408809178143">
				<ele>53.079541015438735</ele>
				<time>2026-08-02T22:13:58Z</time>
			</trkpt>
			<trkpt lat="35.04641621020237" lon="137.15408197131367">
				<ele>53.194473050534725</ele>
				<time>2026-08-02T22:13:59Z</time>
			</trkpt>
			<trkpt lat="35.04647325813287" lon="137.15407569844695">
				<ele>53.28288654144853</ele>
				<time>2026-08-02T22:14:00Z</time>
			</trkpt>
			<trkpt lat="35.04652885954022" lon="137.15406299447554">
				<ele>53.415293977595866</ele>
				<time>2026-08-02T22:14:01Z</time>
			</trkpt>
			<trkpt lat="35.046592605843855" lon="137.15405455599821">
				<ele>53.39697951078415</ele>
				<time>2026-08-02T22:14:02Z</time>
			</trkpt>
			<trkpt lat="35.0466480085935" lon="137.15404469852706">
				<ele>53.30310861300677</ele>
				<time>2026-08-02T22:14:03Z</time>
			</trkpt>
			<trkpt lat="35.04670149929056" lon="137.1540345401265">
				<ele>53.08406067173928</ele>
				<time>2026-08-02T22:14:04Z</time>
			</trkpt>
			<trkpt lat="35.04676275508215" lon="137.15402091931048">
				<ele>52.991761684417725</ele>
				<time>2026-08-02T22:14:05Z</time>
			</trkpt>
			<trkpt lat="35.04681660374304" lon="137.15400917522933">
				<ele>52.765131784603</ele>
				<time>2026-08-02T22:14:06Z</time>
			</trkpt>
			<trkpt lat="35.04687573928799" lon="137.15399755478455">
				<ele>52.7186019802466</ele>
				<time>2026-08-02T22:14:07Z</time>
			</trkpt>
			<trkpt lat="35.04692997337959" lon="137.1539885334104">
				<ele>52.498072856105864</ele>
				<time>2026-08-02T22:14:08Z</time>
			</trkpt>
			<trkpt lat="35.04698555950834" lon="137.15397789765976">
				<ele>52.48521673399955</ele>
				<time>2026-08-02T22:14:09Z</time>
			</trkpt>
			<trkpt lat="35.04704004757979" lon="137.1539674086075">
				<ele>52.333276870660484</ele>
				<time>2026-08-02T22:14:10Z</time>
			</trkpt>
			<trkpt lat="35.0470976210365" lon="137.153959712551">
				<ele>52.32314313016832</ele>
				<time>2026-08-02T22:14:11Z</time>
			</trkpt>
			<trkpt lat="35.04715213001153" lon="137.1539508594147">
				<ele>52.354384143836796</ele>
				<time>2026-08-02T22:14:12Z</time>
			</trkpt>
			<trkpt lat="35.047211416790596" lon="137.15393992664465">
				<ele>52.33325890544802</ele>
				<time>2026-08-02T22:14:13Z</time>
			</trkpt>
			<trkpt lat="35.04725636091251" lon="137.1539314179558">
				<ele>52.211828974075615</ele>
				<time>2026-08-02T22:14:14Z</time>
			</trkpt>
			<trkpt lat="35.047313293480926" lon="137.15392068142353">
				<ele>52.18144737370312</ele>
				<time>2026-08-02T22:14:15Z</time>
			</trkpt>
			<trkpt lat="35.0473625772617" lon="137.15391422130944">
				<ele>52.15242562443018</ele>
				<time>2026-08-02T22:14:16Z</time>
			</trkpt>
			<trkpt lat="35.04741422048264" lon="137.15390905749032">
				<ele>52.12580529972911</ele>
				<time>2026-08-02T22:14:17Z</time>
			</trkpt>
			<trkpt lat="35.04746766989723" lon="137.15390134295654">
				<ele>52.10571041330695</ele>
				<time>2026-08-02T22:14:18Z</time>
			</trkpt>
			<trkpt lat="35.04751425556247" lon="137.15389311381134">
				<ele>52.102997538633645</ele>
				<time>2026-08-02T22:14:19Z</time>
			</trkpt>
			<trkpt lat="35.04755808205557" lon="137.1538806595612">
				<ele>52.20194477960467</ele>
				<time>2026-08-02T22:14:20Z</time>
			</trkpt>
			<trkpt lat="35.04759289659952" lon="137.15387339901423">
				<ele>52.21701576188207</ele>
				<time>2026-08-02T22:14:21Z</time>
			</trkpt>
			<trkpt lat="35.047626183366624" lon="137.1538677610202">
				<ele>52.17392064910382</ele>
				<time>2026-08-02T22:14:22Z</time>
			</trkpt>
			<trkpt lat="35.04765317296198" lon="137.15386177566455">
				<ele>52.13154876604676</ele>
				<time>2026-08-02T22:14:23Z</time>
			</trkpt>
			<trkpt lat="35.0476771280021" lon="137.1538558296719">
				<ele>52.198415948078036</ele>
				<time>2026-08-02T22:14:24Z</time>
			</trkpt>
			<trkpt lat="35.04770168189561" lon="137.15385301945105">
				<ele>52.28155999444425</ele>
				<time>2026-08-02T22:14:25Z</time>
			</trkpt>
			<trkpt lat="35.04772762583616" lon="137.15384736567825">
				<ele>52.45110066886991</ele>
				<time>2026-08-02T22:14:26Z</time>
			</trkpt>
			<trkpt lat="35.04774755917681" lon="137.1538458391619">
				<ele>52.49887597654015</ele>
				<time>2026-08-02T22:14:27Z</time>
			</trkpt>
			<trkpt lat="35.047768983286254" lon="137.15384311963462">
				<ele>52.491649399511516</ele>
				<time>2026-08-02T22:14:28Z</time>
			</trkpt>
			<trkpt lat="35.04779882301128" lon="137.1538382893935">
				<ele>52.43672653939575</ele>
				<time>2026-08-02T22:14:30Z</time>
			</trkpt>
			<trkpt lat="35.04782198995559" lon="137.15383804870604">
				<ele>52.37638977821916</ele>
				<time>2026-08-02T22:14:32Z</time>
			</trkpt>
			<trkpt lat="35.04785847863609" lon="137.15383246919845">
				<ele>52.56751699279994</ele>
				<time>2026-08-02T22:14:34Z</time>
			</trkpt>
			<trkpt lat="35.04789336530052" lon="137.1538277048411">
				<ele>52.84143997170031</ele>
				<time>2026-08-02T22:14:36Z</time>
			</trkpt>
			<trkpt lat="35.047923005234075" lon="137.15382702630023">
				<ele>52.80841379798949</ele>
				<time>2026-08-02T22:14:38Z</time>
			</trkpt>
			<trkpt lat="35.04794222170973" lon="137.15382807553058">
				<ele>52.89266506023705</ele>
				<time>2026-08-02T22:14:39Z</time>
			</trkpt>
			<trkpt lat="35.047968768551506" lon="137.1538186769581">
				<ele>54.99829368572682</ele>
				<time>2026-08-02T22:14:43Z</time>
			</trkpt>
			<trkpt lat="35.047988913576724" lon="137.15381331434307">
				<ele>54.409347767941654</ele>
				<time>2026-08-02T22:14:47Z</time>
			</trkpt>
			<trkpt lat="35.048021951392265" lon="137.1538101424944">
				<ele>53.24963597673923</ele>
				<time>2026-08-02T22:15:19Z</time>
			</trkpt>
			<trkpt lat="35.048059657627256" lon="137.1538071576983">
				<ele>52.94462647661567</ele>
				<time>2026-08-02T22:15:20Z</time>
			</trkpt>
			<trkpt lat="35.048101986633675" lon="137.15380632884327">
				<ele>53.1349360961467</ele>
				<time>2026-08-02T22:15:21Z</time>
			</trkpt>
			<trkpt lat="35.04813801865034" lon="137.1538029784451">
				<ele>53.077476494945586</ele>
				<time>2026-08-02T22:15:22Z</time>
			</trkpt>
			<trkpt lat="35.04818080682598" lon="137.15379944672318">
				<ele>53.03452617954463</ele>
				<time>2026-08-02T22:15:23Z</time>
			</trkpt>
			<trkpt lat="35.04823286219285" lon="137.15379704998622">
				<ele>53.26581076905131</ele>
				<time>2026-08-02T22:15:24Z</time>
			</trkpt>
			<trkpt lat="35.04828284519277" lon="137.15379448053807">
				<ele>53.28775308933109</ele>
				<time>2026-08-02T22:15:25Z</time>
			</trkpt>
			<trkpt lat="35.048324626039786" lon="137.1537930321268">
				<ele>53.32930232770741</ele>
				<time>2026-08-02T22:15:26Z</time>
			</trkpt>
			<trkpt lat="35.048369715267995" lon="137.15379004642853">
				<ele>53.38746590539813</ele>
				<time>2026-08-02T22:15:27Z</time>
			</trkpt>
			<trkpt lat="35.04841729881819" lon="137.15378842047454">
				<ele>53.46719106566161</ele>
				<time>2026-08-02T22:15:28Z</time>
			</trkpt>
			<trkpt lat="35.04846359258945" lon="137.15378966696497">
				<ele>53.45796904992312</ele>
				<time>2026-08-02T22:15:29Z</time>
			</trkpt>
			<trkpt lat="35.048508812677866" lon="137.15378796375944">
				<ele>53.68893543165177</ele>
				<time>2026-08-02T22:15:30Z</time>
			</trkpt>
			<trkpt lat="35.04855012444934" lon="137.15379211912642">
				<ele>53.8049272140488</ele>
				<time>2026-08-02T22:15:31Z</time>
			</trkpt>
			<trkpt lat="35.04859055092456" lon="137.15379621023996">
				<ele>53.919203881174326</ele>
				<time>2026-08-02T22:15:32Z</time>
			</trkpt>
			<trkpt lat="35.048628936413465" lon="137.15380048290768">
				<ele>53.88630366604775</ele>
				<time>2026-08-02T22:15:33Z</time>
			</trkpt>
			<trkpt lat="35.048667191357815" lon="137.15380200027332">
				<ele>53.86774089746177</ele>
				<time>2026-08-02T22:15:34Z</time>
			</trkpt>
			<trkpt lat="35.04870400501389" lon="137.15380495825363">
				<ele>53.87032458931208</ele>
				<time>2026-08-02T22:15:35Z</time>
			</trkpt>
			<trkpt lat="35.0487308354559" lon="137.15380548721433">
				<ele>53.97973381727934</ele>
				<time>2026-08-02T22:15:36Z</time>
			</trkpt>
			<trkpt lat="35.04876204649972" lon="137.15379917902163">
				<ele>54.15054772142321</ele>
				<time>2026-08-02T22:15:37Z</time>
			</trkpt>
			<trkpt lat="35.04878566069312" lon="137.15378999978918">
				<ele>54.15032535046339</ele>
				<time>2026-08-02T22:15:38Z</time>
			</trkpt>
			<trkpt lat="35.04880403232219" lon="137.1537837873132">
				<ele>54.21388143207878</ele>
				<time>2026-08-02T22:15:39Z</time>
			</trkpt>
			<trkpt lat="35.04882442877931" lon="137.1537795794416">
				<ele>54.34946400485933</ele>
				<time>2026-08-02T22:15:43Z</time>
			</trkpt>
			<trkpt lat="35.04884091135" lon="137.15377003825452">
				<ele>55.02522745355964</ele>
				<time>2026-08-02T22:16:38Z</time>
			</trkpt>
			<trkpt lat="35.04887678745641" lon="137.15377499204195">
				<ele>55.072988419793546</ele>
				<time>2026-08-02T22:16:40Z</time>
			</trkpt>
			<trkpt lat="35.04889947037368" lon="137.15377799742072">
				<ele>55.07472532521933</ele>
				<time>2026-08-02T22:16:41Z</time>
			</trkpt>
			<trkpt lat="35.04892352227125" lon="137.1537810492896">
				<ele>55.09227051213384</ele>
				<time>2026-08-02T22:16:42Z</time>
			</trkpt>
			<trkpt lat="35.04895062071947" lon="137.1537798916023">
				<ele>55.16049190610647</ele>
				<time>2026-08-02T22:16:43Z</time>
			</trkpt>
			<trkpt lat="35.04898091775836" lon="137.153781244008">
				<ele>55.17627078574151</ele>
				<time>2026-08-02T22:16:44Z</time>
			</trkpt>
			<trkpt lat="35.04901137805918" lon="137.15378387925492">
				<ele>55.164737231098115</ele>
				<time>2026-08-02T22:16:45Z</time>
			</trkpt>
			<trkpt lat="35.04903986469568" lon="137.15378517332036">
				<ele>55.10274930112064</ele>
				<time>2026-08-02T22:16:46Z</time>
			</trkpt>
			<trkpt lat="35.04906514365984" lon="137.1537841378298">
				<ele>55.0683717019856</ele>
				<time>2026-08-02T22:16:47Z</time>
			</trkpt>
			<trkpt lat="35.04909059505748" lon="137.1537874859896">
				<ele>55.02062655519694</ele>
				<time>2026-08-02T22:16:48Z</time>
			</trkpt>
			<trkpt lat="35.049113053636795" lon="137.15379652856086">
				<ele>55.167106815613806</ele>
				<time>2026-08-02T22:16:49Z</time>
			</trkpt>
			<trkpt lat="35.049106145398206" lon="137.153820813952">
				<ele>54.988659942522645</ele>
				<time>2026-08-02T22:16:54Z</time>
			</trkpt>
			<trkpt lat="35.04910851251003" lon="137.1538433175325">
				<ele>55.01107831578702</ele>
				<time>2026-08-02T22:17:14Z</time>
			</trkpt>
			<trkpt lat="35.049130950014614" lon="137.1538580581572">
				<ele>54.56719422806054</ele>
				<time>2026-08-02T22:17:40Z</time>
			</trkpt>
			<trkpt lat="35.049151668216645" lon="137.15386224746416">
				<ele>54.683815757744014</ele>
				<time>2026-08-02T22:17:42Z</time>
			</trkpt>
			<trkpt lat="35.049171326732484" lon="137.15386665545097">
				<ele>54.76024278905243</ele>
				<time>2026-08-02T22:17:44Z</time>
			</trkpt>
			<trkpt lat="35.0491926680881" lon="137.1538750842825">
				<ele>54.75506116822362</ele>
				<time>2026-08-02T22:17:45Z</time>
			</trkpt>
			<trkpt lat="35.049232154286145" lon="137.15388399657846">
				<ele>54.935668903402984</ele>
				<time>2026-08-02T22:17:46Z</time>
			</trkpt>
			<trkpt lat="35.049270482962086" lon="137.15389166460247">
				<ele>55.03448173776269</ele>
				<time>2026-08-02T22:17:47Z</time>
			</trkpt>
			<trkpt lat="35.049306984174834" lon="137.1538986669567">
				<ele>55.14279440790415</ele>
				<time>2026-08-02T22:17:48Z</time>
			</trkpt>
			<trkpt lat="35.04935449810689" lon="137.15390921669578">
				<ele>55.26341158896685</ele>
				<time>2026-08-02T22:17:49Z</time>
			</trkpt>
			<trkpt lat="35.04940841947294" lon="137.1539229686077">
				<ele>55.436939710751176</ele>
				<time>2026-08-02T22:17:50Z</time>
			</trkpt>
			<trkpt lat="35.049462831234145" lon="137.15393559304866">
				<ele>55.61514480877668</ele>
				<time>2026-08-02T22:17:51Z</time>
			</trkpt>
			<trkpt lat="35.049526019480346" lon="137.15394939605434">
				<ele>55.95399557426572</ele>
				<time>2026-08-02T22:17:52Z</time>
			</trkpt>
			<trkpt lat="35.049579582438355" lon="137.1539654188714">
				<ele>56.14076628815383</ele>
				<time>2026-08-02T22:17:53Z</time>
			</trkpt>
			<trkpt lat="35.04963030318854" lon="137.1539800169824">
				<ele>56.34853466693312</ele>
				<time>2026-08-02T22:17:54Z</time>
			</trkpt>
			<trkpt lat="35.04968810675803" lon="137.15399701700002">
				<ele>56.37935911864042</ele>
				<time>2026-08-02T22:17:55Z</time>
			</trkpt>
			<trkpt lat="35.049746293704615" lon="137.15401725425542">
				<ele>56.62879228964448</ele>
				<time>2026-08-02T22:17:56Z</time>
			</trkpt>
			<trkpt lat="35.04981951636574" lon="137.15403796724425">
				<ele>56.80906205996871</ele>
				<time>2026-08-02T22:17:57Z</time>
			</trkpt>
			<trkpt lat="35.049896538437196" lon="137.15405999455194">
				<ele>56.883814208209515</ele>
				<time>2026-08-02T22:17:58Z</time>
			</trkpt>
			<trkpt lat="35.04996892312892" lon="137.15408363709588">
				<ele>56.93051131255925</ele>
				<time>2026-08-02T22:17:59Z</time>
			</trkpt>
			<trkpt lat="35.050037574031364" lon="137.15411045758162">
				<ele>56.96239553298801</ele>
				<time>2026-08-02T22:18:00Z</time>
			</trkpt>
			<trkpt lat="35.050104152487016" lon="137.15413887552648">
				<ele>57.01761469896883</ele>
				<time>2026-08-02T22:18:01Z</time>
			</trkpt>
			<trkpt lat="35.050171725109195" lon="137.15416383391113">
				<ele>57.0097377076745</ele>
				<time>2026-08-02T22:18:02Z</time>
			</trkpt>
			<trkpt lat="35.05023706463577" lon="137.1541908963762">
				<ele>57.124274536035955</ele>
				<time>2026-08-02T22:18:03Z</time>
			</trkpt>
			<trkpt lat="35.050305507190465" lon="137.15422157615913">
				<ele>57.35299622826278</ele>
				<time>2026-08-02T22:18:04Z</time>
			</trkpt>
			<trkpt lat="35.05037689375723" lon="137.15425325542478">
				<ele>57.478362946771085</ele>
				<time>2026-08-02T22:18:05Z</time>
			</trkpt>
			<trkpt lat="35.05045111911883" lon="137.1542871063145">
				<ele>57.51088939514011</ele>
				<time>2026-08-02T22:18:06Z</time>
			</trkpt>
			<trkpt lat="35.050518661997465" lon="137.15432168170992">
				<ele>57.65429361257702</ele>
				<time>2026-08-02T22:18:07Z</time>
			</trkpt>
			<trkpt lat="35.05058700420989" lon="137.15436430771138">
				<ele>57.776117319241166</ele>
				<time>2026-08-02T22:18:08Z</time>
			</trkpt>
			<trkpt lat="35.05065236624623" lon="137.15439335605072">
				<ele>58.000563053414226</ele>
				<time>2026-08-02T22:18:09Z</time>
			</trkpt>
			<trkpt lat="35.05071549608042" lon="137.1544236286573">
				<ele>58.05967601854354</ele>
				<time>2026-08-02T22:18:10Z</time>
			</trkpt>
			<trkpt lat="35.05075346362623" lon="137.15444910339687">
				<ele>58.043316456489265</ele>
				<time>2026-08-02T22:18:11Z</time>
			</trkpt>
			<trkpt lat="35.05079793597415" lon="137.15447168895756">
				<ele>58.064208016730845</ele>
				<time>2026-08-02T22:18:12Z</time>
			</trkpt>
			<trkpt lat="35.05080997495612" lon="137.1544937785495">
				<ele>58.02757418714464</ele>
				<time>2026-08-02T22:18:13Z</time>
			</trkpt>
			<trkpt lat="35.05082930849421" lon="137.1545055739591">
				<ele>58.10059149377048</ele>
				<time>2026-08-02T22:18:14Z</time>
			</trkpt>
			<trkpt lat="35.05084300725665" lon="137.1545311223676">
				<ele>57.86140872631222</ele>
				<time>2026-08-02T22:19:55Z</time>
			</trkpt>
			<trkpt lat="35.0508604387308" lon="137.15454234876273">
				<ele>57.90517582464963</ele>
				<time>2026-08-02T22:19:56Z</time>
			</trkpt>
			<trkpt lat="35.050881686322406" lon="137.15455615820974">
				<ele>57.898719375021756</ele>
				<time>2026-08-02T22:19:57Z</time>
			</trkpt>
			<trkpt lat="35.05090850633719" lon="137.1545736889126">
				<ele>57.94852398708463</ele>
				<time>2026-08-02T22:19:58Z</time>
			</trkpt>
			<trkpt lat="35.05093302645435" lon="137.15459058317373">
				<ele>57.98517803288996</ele>
				<time>2026-08-02T22:19:59Z</time>
			</trkpt>
			<trkpt lat="35.05096067185466" lon="137.15460897865927">
				<ele>58.0398277239874</ele>
				<time>2026-08-02T22:20:00Z</time>
			</trkpt>
			<trkpt lat="35.050996691462274" lon="137.15463504898247">
				<ele>58.09790871758014</ele>
				<time>2026-08-02T22:20:01Z</time>
			</trkpt>
			<trkpt lat="35.051040014635156" lon="137.15466742391607">
				<ele>58.1861147871241</ele>
				<time>2026-08-02T22:20:02Z</time>
			</trkpt>
			<trkpt lat="35.0510906290743" lon="137.1547024513576">
				<ele>58.33380950149149</ele>
				<time>2026-08-02T22:20:03Z</time>
			</trkpt>
			<trkpt lat="35.05113568671063" lon="137.15473560960197">
				<ele>58.363552801311016</ele>
				<time>2026-08-02T22:20:04Z</time>
			</trkpt>
			<trkpt lat="35.051190775146885" lon="137.15477476873028">
				<ele>58.42508221231401</ele>
				<time>2026-08-02T22:20:05Z</time>
			</trkpt>
			<trkpt lat="35.05125175104763" lon="137.15481990117837">
				<ele>58.57940982747823</ele>
				<time>2026-08-02T22:20:06Z</time>
			</trkpt>
			<trkpt lat="35.05131159858335" lon="137.1548689285317">
				<ele>58.66925572697073</ele>
				<time>2026-08-02T22:20:07Z</time>
			</trkpt>
			<trkpt lat="35.05137250804748" lon="137.1549202862413">
				<ele>58.9316784562543</ele>
				<time>2026-08-02T22:20:08Z</time>
			</trkpt>
			<trkpt lat="35.05143478388898" lon="137.15497230513515">
				<ele>59.11779500171542</ele>
				<time>2026-08-02T22:20:09Z</time>
			</trkpt>
			<trkpt lat="35.0515000043143" lon="137.15502612256532">
				<ele>59.250214462168515</ele>
				<time>2026-08-02T22:20:10Z</time>
			</trkpt>
			<trkpt lat="35.051567869896886" lon="137.1550842358514">
				<ele>59.38225761055946</ele>
				<time>2026-08-02T22:20:11Z</time>
			</trkpt>
			<trkpt lat="35.05163679085678" lon="137.15514764974898">
				<ele>59.55547036509961</ele>
				<time>2026-08-02T22:20:12Z</time>
			</trkpt>
			<trkpt lat="35.051702654601584" lon="137.15520998903514">
				<ele>59.70411369204521</ele>
				<time>2026-08-02T22:20:13Z</time>
			</trkpt>
			<trkpt lat="35.051770087872775" lon="137.15527608953903">
				<ele>59.73901732172817</ele>
				<time>2026-08-02T22:20:14Z</time>
			</trkpt>
			<trkpt lat="35.05184304203446" lon="137.15534593475846">
				<ele>59.777879459783435</ele>
				<time>2026-08-02T22:20:15Z</time>
			</trkpt>
			<trkpt lat="35.05191138395441" lon="137.15541852248677">
				<ele>60.018433216027915</ele>
				<time>2026-08-02T22:20:16Z</time>
			</trkpt>
			<trkpt lat="35.051987734856056" lon="137.1554904853502">
				<ele>59.993635511025786</ele>
				<time>2026-08-02T22:20:17Z</time>
			</trkpt>
			<trkpt lat="35.05205754818223" lon="137.15556045075533">
				<ele>59.89657565858215</ele>
				<time>2026-08-02T22:20:18Z</time>
			</trkpt>
			<trkpt lat="35.0521285029872" lon="137.15563231175963">
				<ele>60.01285096723586</ele>
				<time>2026-08-02T22:20:19Z</time>
			</trkpt>
			<trkpt lat="35.05219923299393" lon="137.15570355115813">
				<ele>59.968663034029305</ele>
				<time>2026-08-02T22:20:20Z</time>
			</trkpt>
			<trkpt lat="35.05226834197185" lon="137.15577445421653">
				<ele>60.09159442037344</ele>
				<time>2026-08-02T22:20:21Z</time>
			</trkpt>
			<trkpt lat="35.05234087650006" lon="137.15584657226512">
				<ele>60.097704807296395</ele>
				<time>2026-08-02T22:20:22Z</time>
			</trkpt>
			<trkpt lat="35.05241599990344" lon="137.15591736274504">
				<ele>60.24934102874249</ele>
				<time>2026-08-02T22:20:23Z</time>
			</trkpt>
			<trkpt lat="35.052489634472046" lon="137.1559920788438">
				<ele>60.304708673618734</ele>
				<time>2026-08-02T22:20:24Z</time>
			</trkpt>
			<trkpt lat="35.05256299499569" lon="137.15606785927608">
				<ele>60.331180858425796</ele>
				<time>2026-08-02T22:20:25Z</time>
			</trkpt>
			<trkpt lat="35.052636305993374" lon="137.1561451250403">
				<ele>60.155437988229096</ele>
				<time>2026-08-02T22:20:26Z</time>
			</trkpt>
			<trkpt lat="35.05270975340347" lon="137.156224794088">
				<ele>60.17881630267948</ele>
				<time>2026-08-02T22:20:27Z</time>
			</trkpt>
			<trkpt lat="35.05278211903718" lon="137.15630876643965">
				<ele>60.3248384706676</ele>
				<time>2026-08-02T22:20:28Z</time>
			</trkpt>
			<trkpt lat="35.05285588071929" lon="137.15639436644727">
				<ele>60.34039453882724</ele>
				<time>2026-08-02T22:20:29Z</time>
			</trkpt>
			<trkpt lat="35.052934061750044" lon="137.15647852698933">
				<ele>60.30017640069127</ele>
				<time>2026-08-02T22:20:30Z</time>
			</trkpt>
			<trkpt lat="35.053013411124724" lon="137.1565668998488">
				<ele>60.468114332295954</ele>
				<time>2026-08-02T22:20:31Z</time>
			</trkpt>
			<trkpt lat="35.05309368982446" lon="137.15665657149657">
				<ele>60.553837361745536</ele>
				<time>2026-08-02T22:20:32Z</time>
			</trkpt>
			<trkpt lat="35.05317246732287" lon="137.15674572900454">
				<ele>60.54919856786728</ele>
				<time>2026-08-02T22:20:33Z</time>
			</trkpt>
			<trkpt lat="35.05325330121414" lon="137.15683563736022">
				<ele>60.750151549465954</ele>
				<time>2026-08-02T22:20:34Z</time>
			</trkpt>
			<trkpt lat="35.05334054949424" lon="137.15692861581147">
				<ele>60.89682526886463</ele>
				<time>2026-08-02T22:20:35Z</time>
			</trkpt>
			<trkpt lat="35.053428409054945" lon="137.1570223155369">
				<ele>60.84663596749306</ele>
				<time>2026-08-02T22:20:36Z</time>
			</trkpt>
			<trkpt lat="35.05351892241553" lon="137.15711484814946">
				<ele>60.860328572802246</ele>
				<time>2026-08-02T22:20:37Z</time>
			</trkpt>
			<trkpt lat="35.0536088101304" lon="137.15720253604178">
				<ele>60.96276717539877</ele>
				<time>2026-08-02T22:20:38Z</time>
			</trkpt>
			<trkpt lat="35.053695471734294" lon="137.1572870390949">
				<ele>60.83128337468952</ele>
				<time>2026-08-02T22:20:39Z</time>
			</trkpt>
			<trkpt lat="35.053790236122765" lon="137.1573614083404">
				<ele>60.901448948308825</ele>
				<time>2026-08-02T22:20:40Z</time>
			</trkpt>
			<trkpt lat="35.053873278336965" lon="137.15743704245602">
				<ele>60.95887138694525</ele>
				<time>2026-08-02T22:20:41Z</time>
			</trkpt>
			<trkpt lat="35.053949060457114" lon="137.15750237721412">
				<ele>61.037004119716585</ele>
				<time>2026-08-02T22:20:42Z</time>
			</trkpt>
			<trkpt lat="35.05402227680955" lon="137.15755951053524">
				<ele>60.913865415379405</ele>
				<time>2026-08-02T22:20:43Z</time>
			</trkpt>
			<trkpt lat="35.054077982678606" lon="137.1575977553889">
				<ele>60.892782263457775</ele>
				<time>2026-08-02T22:20:44Z</time>
			</trkpt>
			<trkpt lat="35.05412428601607" lon="137.15762974818034">
				<ele>60.781230428256094</ele>
				<time>2026-08-02T22:20:45Z</time>
			</trkpt>
			<trkpt lat="35.054168424821356" lon="137.15765809609005">
				<ele>60.82711833715439</ele>
				<time>2026-08-02T22:20:46Z</time>
			</trkpt>
			<trkpt lat="35.05419684935515" lon="137.15767729325077">
				<ele>60.764439263381064</ele>
				<time>2026-08-02T22:20:47Z</time>
			</trkpt>
			<trkpt lat="35.05421916389188" lon="137.1576900726163">
				<ele>60.80872196145356</ele>
				<time>2026-08-02T22:20:48Z</time>
			</trkpt>
			<trkpt lat="35.054245498742" lon="137.15769621822582">
				<ele>60.80917706899345</ele>
				<time>2026-08-02T22:20:50Z</time>
			</trkpt>
			<trkpt lat="35.05428154325601" lon="137.1576836875168">
				<ele>59.79561687540263</ele>
				<time>2026-08-02T22:21:54Z</time>
			</trkpt>
			<trkpt lat="35.05429548564782" lon="137.15769939053695">
				<ele>60.06293431762606</ele>
				<time>2026-08-02T22:22:11Z</time>
			</trkpt>
			<trkpt lat="35.05431436816588" lon="137.15771075664722">
				<ele>60.50804082956165</ele>
				<time>2026-08-02T22:22:12Z</time>
			</trkpt>
			<trkpt lat="35.054343168730355" lon="137.15773316273763">
				<ele>60.61382952425629</ele>
				<time>2026-08-02T22:22:13Z</time>
			</trkpt>
			<trkpt lat="35.05437403889745" lon="137.15775356406814">
				<ele>60.66022126469761</ele>
				<time>2026-08-02T22:22:14Z</time>
			</trkpt>
			<trkpt lat="35.05440954168283" lon="137.1577784056373">
				<ele>60.770768228918314</ele>
				<time>2026-08-02T22:22:15Z</time>
			</trkpt>
			<trkpt lat="35.054454051546514" lon="137.15781055687808">
				<ele>60.883420122787356</ele>
				<time>2026-08-02T22:22:16Z</time>
			</trkpt>
			<trkpt lat="35.054510195026324" lon="137.15784735326557">
				<ele>61.059643738903105</ele>
				<time>2026-08-02T22:22:17Z</time>
			</trkpt>
			<trkpt lat="35.054571843806606" lon="137.1578794766837">
				<ele>61.08828246407211</ele>
				<time>2026-08-02T22:22:18Z</time>
			</trkpt>
			<trkpt lat="35.05463322612701" lon="137.1579102162619">
				<ele>61.13313045911491</ele>
				<time>2026-08-02T22:22:19Z</time>
			</trkpt>
			<trkpt lat="35.05470376796797" lon="137.15794810090944">
				<ele>61.184175645932555</ele>
				<time>2026-08-02T22:22:20Z</time>
			</trkpt>
			<trkpt lat="35.054783460423785" lon="137.15798492596915">
				<ele>61.25485386326909</ele>
				<time>2026-08-02T22:22:21Z</time>
			</trkpt>
			<trkpt lat="35.054872824849674" lon="137.15802131983395">
				<ele>61.333859025500715</ele>
				<time>2026-08-02T22:22:22Z</time>
			</trkpt>
			<trkpt lat="35.05496137349481" lon="137.15805873869888">
				<ele>61.42232698015869</ele>
				<time>2026-08-02T22:22:23Z</time>
			</trkpt>
			<trkpt lat="35.05505453290211" lon="137.15809634478575">
				<ele>61.149680104106665</ele>
				<time>2026-08-02T22:22:24Z</time>
			</trkpt>
			<trkpt lat="35.05515604914964" lon="137.1581362736726">
				<ele>61.0439895670861</ele>
				<time>2026-08-02T22:22:25Z</time>
			</trkpt>
			<trkpt lat="35.055256650695064" lon="137.15817991347333">
				<ele>61.11910187173635</ele>
				<time>2026-08-02T22:22:26Z</time>
			</trkpt>
			<trkpt lat="35.05536398769976" lon="137.15822093132624">
				<ele>61.246130814775825</ele>
				<time>2026-08-02T22:22:27Z</time>
			</trkpt>
			<trkpt lat="35.055473987640895" lon="137.15825790072302">
				<ele>61.36349113751203</ele>
				<time>2026-08-02T22:22:28Z</time>
			</trkpt>
			<trkpt lat="35.05558741269801" lon="137.15828944138605">
				<ele>61.66526183951646</ele>
				<time>2026-08-02T22:22:29Z</time>
			</trkpt>
			<trkpt lat="35.055701332249754" lon="137.1583165059075">
				<ele>61.486837959848344</ele>
				<time>2026-08-02T22:22:30Z</time>
			</trkpt>
			<trkpt lat="35.05581410892427" lon="137.15834978585525">
				<ele>61.60024521779269</ele>
				<time>2026-08-02T22:22:31Z</time>
			</trkpt>
			<trkpt lat="35.055927523309116" lon="137.1583836112154">
				<ele>61.66559678968042</ele>
				<time>2026-08-02T22:22:32Z</time>
			</trkpt>
			<trkpt lat="35.056050484107885" lon="137.15841340267343">
				<ele>61.71990887261927</ele>
				<time>2026-08-02T22:22:33Z</time>
			</trkpt>
			<trkpt lat="35.05617420963573" lon="137.15842695154907">
				<ele>61.827236926183105</ele>
				<time>2026-08-02T22:22:34Z</time>
			</trkpt>
			<trkpt lat="35.0562929073803" lon="137.15845373723567">
				<ele>62.18594405148178</ele>
				<time>2026-08-02T22:22:35Z</time>
			</trkpt>
			<trkpt lat="35.056412714556835" lon="137.15847480463447">
				<ele>62.29761830158532</ele>
				<time>2026-08-02T22:22:36Z</time>
			</trkpt>
			<trkpt lat="35.05653410044213" lon="137.1584994648222">
				<ele>62.470640112645924</ele>
				<time>2026-08-02T22:22:37Z</time>
			</trkpt>
			<trkpt lat="35.056665325937324" lon="137.158522669224">
				<ele>62.61259449645877</ele>
				<time>2026-08-02T22:22:38Z</time>
			</trkpt>
			<trkpt lat="35.05679210734774" lon="137.1585470271065">
				<ele>63.09846427384764</ele>
				<time>2026-08-02T22:22:39Z</time>
			</trkpt>
			<trkpt lat="35.05691967317407" lon="137.15856923997137">
				<ele>62.716206167824566</ele>
				<time>2026-08-02T22:22:40Z</time>
			</trkpt>
			<trkpt lat="35.05704724013678" lon="137.15859297542613">
				<ele>62.79737647436559</ele>
				<time>2026-08-02T22:22:41Z</time>
			</trkpt>
			<trkpt lat="35.057173763003256" lon="137.15861255913117">
				<ele>62.824152446351945</ele>
				<time>2026-08-02T22:22:42Z</time>
			</trkpt>
			<trkpt lat="35.057296233924006" lon="137.15863412694858">
				<ele>62.829294943250716</ele>
				<time>2026-08-02T22:22:43Z</time>
			</trkpt>
			<trkpt lat="35.05742395595797" lon="137.1586581645845">
				<ele>62.71859578136355</ele>
				<time>2026-08-02T22:22:44Z</time>
			</trkpt>
			<trkpt lat="35.05754906382816" lon="137.15867918779583">
				<ele>62.82402937486768</ele>
				<time>2026-08-02T22:22:45Z</time>
			</trkpt>
			<trkpt lat="35.05767592710855" lon="137.15869909073837">
				<ele>62.661284745670855</ele>
				<time>2026-08-02T22:22:46Z</time>
			</trkpt>
			<trkpt lat="35.05780598715622" lon="137.15872169361987">
				<ele>62.720689673908055</ele>
				<time>2026-08-02T22:22:47Z</time>
			</trkpt>
			<trkpt lat="35.05793082395136" lon="137.15874208035498">
				<ele>62.87711332179606</ele>
				<time>2026-08-02T22:22:48Z</time>
			</trkpt>
			<trkpt lat="35.05805749498413" lon="137.1587653564689">
				<ele>62.46091819182038</ele>
				<time>2026-08-02T22:22:49Z</time>
			</trkpt>
			<trkpt lat="35.058178135514936" lon="137.15878930148133">
				<ele>62.32898603845388</ele>
				<time>2026-08-02T22:22:50Z</time>
			</trkpt>
			<trkpt lat="35.05829327018833" lon="137.15881398844172">
				<ele>61.81068340316415</ele>
				<time>2026-08-02T22:22:51Z</time>
			</trkpt>
			<trkpt lat="35.05842195900978" lon="137.15883449312358">
				<ele>61.320728559978306</ele>
				<time>2026-08-02T22:22:52Z</time>
			</trkpt>
			<trkpt lat="35.05854428613112" lon="137.15885765237292">
				<ele>60.82312985043973</ele>
				<time>2026-08-02T22:22:53Z</time>
			</trkpt>
			<trkpt lat="35.05866248310835" lon="137.1588798727789">
				<ele>60.6809605024755</ele>
				<time>2026-08-02T22:22:54Z</time>
			</trkpt>
			<trkpt lat="35.05878022288258" lon="137.15890285681104">
				<ele>60.0362110119313</ele>
				<time>2026-08-02T22:22:55Z</time>
			</trkpt>
			<trkpt lat="35.05889667146853" lon="137.15892252605934">
				<ele>59.43342845514417</ele>
				<time>2026-08-02T22:22:56Z</time>
			</trkpt>
			<trkpt lat="35.05900862502529" lon="137.15894521385533">
				<ele>58.999301470816135</ele>
				<time>2026-08-02T22:22:57Z</time>
			</trkpt>
			<trkpt lat="35.05911983927318" lon="137.158967344914">
				<ele>58.626122303307056</ele>
				<time>2026-08-02T22:22:58Z</time>
			</trkpt>
			<trkpt lat="35.05923156323841" lon="137.1589895268448">
				<ele>58.50685160513967</ele>
				<time>2026-08-02T22:22:59Z</time>
			</trkpt>
			<trkpt lat="35.05934314479718" lon="137.15901015016613">
				<ele>58.24556332267821</ele>
				<time>2026-08-02T22:23:00Z</time>
			</trkpt>
			<trkpt lat="35.0594549921609" lon="137.1590326403683">
				<ele>58.15763901453465</ele>
				<time>2026-08-02T22:23:01Z</time>
			</trkpt>
			<trkpt lat="35.05956964305543" lon="137.15905155661687">
				<ele>57.982589225284755</ele>
				<time>2026-08-02T22:23:02Z</time>
			</trkpt>
			<trkpt lat="35.059685435916" lon="137.1590720533231">
				<ele>58.02294757962227</ele>
				<time>2026-08-02T22:23:03Z</time>
			</trkpt>
			<trkpt lat="35.05978998250714" lon="137.15909043854018">
				<ele>57.620185253210366</ele>
				<time>2026-08-02T22:23:04Z</time>
			</trkpt>
			<trkpt lat="35.05989253340941" lon="137.15911289578335">
				<ele>57.75373203866184</ele>
				<time>2026-08-02T22:23:05Z</time>
			</trkpt>
			<trkpt lat="35.059996475983645" lon="137.159133153809">
				<ele>57.24562121927738</ele>
				<time>2026-08-02T22:23:06Z</time>
			</trkpt>
			<trkpt lat="35.06010063640328" lon="137.15915787428403">
				<ele>57.031986482441425</ele>
				<time>2026-08-02T22:23:07Z</time>
			</trkpt>
			<trkpt lat="35.06020260123953" lon="137.159179249446">
				<ele>56.59148427750915</ele>
				<time>2026-08-02T22:23:08Z</time>
			</trkpt>
			<trkpt lat="35.06031426730776" lon="137.1592044919419">
				<ele>56.4247273048386</ele>
				<time>2026-08-02T22:23:09Z</time>
			</trkpt>
			<trkpt lat="35.06042436467214" lon="137.15923075372237">
				<ele>55.93761215172708</ele>
				<time>2026-08-02T22:23:10Z</time>
			</trkpt>
			<trkpt lat="35.06054036570771" lon="137.15925432696483">
				<ele>54.925703221932054</ele>
				<time>2026-08-02T22:23:11Z</time>
			</trkpt>
			<trkpt lat="35.06065271539255" lon="137.15927262565302">
				<ele>54.083014882169664</ele>
				<time>2026-08-02T22:23:12Z</time>
			</trkpt>
			<trkpt lat="35.06076166274628" lon="137.1592920903615">
				<ele>53.383657419122756</ele>
				<time>2026-08-02T22:23:13Z</time>
			</trkpt>
			<trkpt lat="35.060870873846056" lon="137.15931191288354">
				<ele>52.513739140704274</ele>
				<time>2026-08-02T22:23:14Z</time>
			</trkpt>
			<trkpt lat="35.06098154647741" lon="137.15933419598596">
				<ele>51.68771926499903</ele>
				<time>2026-08-02T22:23:15Z</time>
			</trkpt>
			<trkpt lat="35.06108913314168" lon="137.15935418287268">
				<ele>50.71268649306148</ele>
				<time>2026-08-02T22:23:16Z</time>
			</trkpt>
			<trkpt lat="35.06119426642795" lon="137.15938166765932">
				<ele>50.00269594602287</ele>
				<time>2026-08-02T22:23:17Z</time>
			</trkpt>
			<trkpt lat="35.06130491437243" lon="137.15940379031088">
				<ele>49.22673336509615</ele>
				<time>2026-08-02T22:23:18Z</time>
			</trkpt>
			<trkpt lat="35.06141517183353" lon="137.15942790050434">
				<ele>48.46780180186033</ele>
				<time>2026-08-02T22:23:19Z</time>
			</trkpt>
			<trkpt lat="35.061524541526815" lon="137.15944447946168">
				<ele>47.53824034240097</ele>
				<time>2026-08-02T22:23:20Z</time>
			</trkpt>
			<trkpt lat="35.06162630569969" lon="137.15945962346092">
				<ele>46.62344335857779</ele>
				<time>2026-08-02T22:23:21Z</time>
			</trkpt>
			<trkpt lat="35.06173949332025" lon="137.1594741467286">
				<ele>46.10521674808115</ele>
				<time>2026-08-02T22:23:22Z</time>
			</trkpt>
			<trkpt lat="35.06185222696165" lon="137.15948645333586">
				<ele>45.243392476812005</ele>
				<time>2026-08-02T22:23:23Z</time>
			</trkpt>
			<trkpt lat="35.061968802086554" lon="137.15949905305848">
				<ele>44.91416570171714</ele>
				<time>2026-08-02T22:23:24Z</time>
			</trkpt>
			<trkpt lat="35.06208544885867" lon="137.15951176983376">
				<ele>44.41472715884447</ele>
				<time>2026-08-02T22:23:25Z</time>
			</trkpt>
			<trkpt lat="35.062196827367856" lon="137.15952197484268">
				<ele>43.83085046056658</ele>
				<time>2026-08-02T22:23:26Z</time>
			</trkpt>
			<trkpt lat="35.06230333703386" lon="137.15953280157171">
				<ele>43.27948824129999</ele>
				<time>2026-08-02T22:23:27Z</time>
			</trkpt>
			<trkpt lat="35.062417121456086" lon="137.159539045671">
				<ele>42.848156481049955</ele>
				<time>2026-08-02T22:23:28Z</time>
			</trkpt>
			<trkpt lat="35.06252464024559" lon="137.15954359312562">
				<ele>42.416963716968894</ele>
				<time>2026-08-02T22:23:29Z</time>
			</trkpt>
			<trkpt lat="35.062635960812464" lon="137.1595473393759">
				<ele>42.35109657142311</ele>
				<time>2026-08-02T22:23:30Z</time>
			</trkpt>
			<trkpt lat="35.062747577725595" lon="137.15955036404665">
				<ele>42.03016631864011</ele>
				<time>2026-08-02T22:23:31Z</time>
			</trkpt>
			<trkpt lat="35.06286019725357" lon="137.1595569673173">
				<ele>41.94767285324633</ele>
				<time>2026-08-02T22:23:32Z</time>
			</trkpt>
			<trkpt lat="35.062971500643464" lon="137.15956663620773">
				<ele>41.949067865498364</ele>
				<time>2026-08-02T22:23:33Z</time>
			</trkpt>
			<trkpt lat="35.063084236637614" lon="137.15957571181258">
				<ele>41.79192550107837</ele>
				<time>2026-08-02T22:23:34Z</time>
			</trkpt>
			<trkpt lat="35.06324004074916" lon="137.1595744543771">
				<ele>42.10107698850334</ele>
				<time>2026-08-02T22:23:35Z</time>
			</trkpt>
			<trkpt lat="35.063369492204814" lon="137.15957660307473">
				<ele>42.33997867256403</ele>
				<time>2026-08-02T22:23:36Z</time>
			</trkpt>
			<trkpt lat="35.0635065593214" lon="137.15958529673782">
				<ele>42.53626840841025</ele>
				<time>2026-08-02T22:23:37Z</time>
			</trkpt>
			<trkpt lat="35.063633650853504" lon="137.15959260287207">
				<ele>42.60066773556173</ele>
				<time>2026-08-02T22:23:38Z</time>
			</trkpt>
			<trkpt lat="35.06376026988558" lon="137.15959994622378">
				<ele>42.971335490234196</ele>
				<time>2026-08-02T22:23:39Z</time>
			</trkpt>
			<trkpt lat="35.06389074084554" lon="137.15960478369902">
				<ele>43.095634600147605</ele>
				<time>2026-08-02T22:23:40Z</time>
			</trkpt>
			<trkpt lat="35.06402102449988" lon="137.1596157084653">
				<ele>43.403659814968705</ele>
				<time>2026-08-02T22:23:41Z</time>
			</trkpt>
			<trkpt lat="35.064156990633734" lon="137.15962098854382">
				<ele>43.56671655923128</ele>
				<time>2026-08-02T22:23:42Z</time>
			</trkpt>
			<trkpt lat="35.06428371580215" lon="137.15963089763005">
				<ele>43.75041950773448</ele>
				<time>2026-08-02T22:23:43Z</time>
			</trkpt>
			<trkpt lat="35.06440814307969" lon="137.15963959346834">
				<ele>43.835387870669365</ele>
				<time>2026-08-02T22:23:44Z</time>
			</trkpt>
			<trkpt lat="35.06453852874164" lon="137.1596466600932">
				<ele>44.04263501800597</ele>
				<time>2026-08-02T22:23:45Z</time>
			</trkpt>
			<trkpt lat="35.06466506111001" lon="137.15965631126613">
				<ele>44.1081405300647</ele>
				<time>2026-08-02T22:23:46Z</time>
			</trkpt>
			<trkpt lat="35.06479134322337" lon="137.1596649889916">
				<ele>44.23637274187058</ele>
				<time>2026-08-02T22:23:47Z</time>
			</trkpt>
			<trkpt lat="35.06492113599202" lon="137.15967484748853">
				<ele>44.09300112724304</ele>
				<time>2026-08-02T22:23:48Z</time>
			</trkpt>
			<trkpt lat="35.0650531143735" lon="137.15968311076955">
				<ele>44.36376415472478</ele>
				<time>2026-08-02T22:23:49Z</time>
			</trkpt>
			<trkpt lat="35.065182330429906" lon="137.15969078779986">
				<ele>44.193565307185054</ele>
				<time>2026-08-02T22:23:50Z</time>
			</trkpt>
			<trkpt lat="35.06531687925946" lon="137.15969585889218">
				<ele>44.45931290090084</ele>
				<time>2026-08-02T22:23:51Z</time>
			</trkpt>
			<trkpt lat="35.06544609196309" lon="137.15970229374554">
				<ele>44.46185038611293</ele>
				<time>2026-08-02T22:23:52Z</time>
			</trkpt>
			<trkpt lat="35.06557788681444" lon="137.15970842125785">
				<ele>44.32652373891324</ele>
				<time>2026-08-02T22:23:53Z</time>
			</trkpt>
			<trkpt lat="35.06571065228471" lon="137.15971675315035">
				<ele>44.275801244191825</ele>
				<time>2026-08-02T22:23:54Z</time>
			</trkpt>
			<trkpt lat="35.06583970827402" lon="137.1597242766687">
				<ele>44.34455430787057</ele>
				<time>2026-08-02T22:23:55Z</time>
			</trkpt>
			<trkpt lat="35.065970967433266" lon="137.15973145317042">
				<ele>44.121224008500576</ele>
				<time>2026-08-02T22:23:56Z</time>
			</trkpt>
			<trkpt lat="35.06610419149323" lon="137.15973987341138">
				<ele>44.304451937787235</ele>
				<time>2026-08-02T22:23:57Z</time>
			</trkpt>
			<trkpt lat="35.066240345172496" lon="137.15974625754833">
				<ele>44.370166052132845</ele>
				<time>2026-08-02T22:23:58Z</time>
			</trkpt>
			<trkpt lat="35.06637223301125" lon="137.15975452882296">
				<ele>44.37405959330499</ele>
				<time>2026-08-02T22:23:59Z</time>
			</trkpt>
			<trkpt lat="35.06650833831955" lon="137.15976062565997">
				<ele>44.246213478036225</ele>
				<time>2026-08-02T22:24:00Z</time>
			</trkpt>
			<trkpt lat="35.066639758311275" lon="137.15976712769827">
				<ele>44.45779625046998</ele>
				<time>2026-08-02T22:24:01Z</time>
			</trkpt>
			<trkpt lat="35.06677654351201" lon="137.15977293792588">
				<ele>44.55658254493028</ele>
				<time>2026-08-02T22:24:02Z</time>
			</trkpt>
			<trkpt lat="35.06691252842125" lon="137.1597789053981">
				<ele>44.38550352677703</ele>
				<time>2026-08-02T22:24:03Z</time>
			</trkpt>
			<trkpt lat="35.06704860268009" lon="137.15978566235356">
				<ele>44.434197813272476</ele>
				<time>2026-08-02T22:24:04Z</time>
			</trkpt>
			<trkpt lat="35.06718245012323" lon="137.1597860830301">
				<ele>44.323802470229566</ele>
				<time>2026-08-02T22:24:05Z</time>
			</trkpt>
			<trkpt lat="35.06731790167945" lon="137.15979526149803">
				<ele>44.40899353288114</ele>
				<time>2026-08-02T22:24:06Z</time>
			</trkpt>
			<trkpt lat="35.06745430137135" lon="137.15980243442655">
				<ele>44.36477210652083</ele>
				<time>2026-08-02T22:24:07Z</time>
			</trkpt>
			<trkpt lat="35.0675915462296" lon="137.1598116949878">
				<ele>44.13137077912688</ele>
				<time>2026-08-02T22:24:08Z</time>
			</trkpt>
			<trkpt lat="35.06772182255256" lon="137.15982053675873">
				<ele>44.10596468579024</ele>
				<time>2026-08-02T22:24:09Z</time>
			</trkpt>
			<trkpt lat="35.06784931043216" lon="137.15982418962892">
				<ele>44.23773877508938</ele>
				<time>2026-08-02T22:24:10Z</time>
			</trkpt>
			<trkpt lat="35.067979290619235" lon="137.15982612425708">
				<ele>44.042808272875845</ele>
				<time>2026-08-02T22:24:11Z</time>
			</trkpt>
			<trkpt lat="35.06810628539158" lon="137.1598346108821">
				<ele>44.109125362709165</ele>
				<time>2026-08-02T22:24:12Z</time>
			</trkpt>
			<trkpt lat="35.068237171463046" lon="137.15984137966151">
				<ele>44.153426996432245</ele>
				<time>2026-08-02T22:24:13Z</time>
			</trkpt>
			<trkpt lat="35.068364139936406" lon="137.15984800479671">
				<ele>44.222525428049266</ele>
				<time>2026-08-02T22:24:14Z</time>
			</trkpt>
			<trkpt lat="35.06849133541895" lon="137.15985821886827">
				<ele>44.34267316944897</ele>
				<time>2026-08-02T22:24:15Z</time>
			</trkpt>
			<trkpt lat="35.06861948683963" lon="137.15986621212798">
				<ele>44.16145448572934</ele>
				<time>2026-08-02T22:24:16Z</time>
			</trkpt>
			<trkpt lat="35.0687523381628" lon="137.1598756200831">
				<ele>44.37438006512821</ele>
				<time>2026-08-02T22:24:17Z</time>
			</trkpt>
			<trkpt lat="35.068882567879584" lon="137.15988291476194">
				<ele>44.51188002247363</ele>
				<time>2026-08-02T22:24:18Z</time>
			</trkpt>
			<trkpt lat="35.06901396213765" lon="137.15988978906861">
				<ele>44.487050119787455</ele>
				<time>2026-08-02T22:24:19Z</time>
			</trkpt>
			<trkpt lat="35.06914945442368" lon="137.1598975549781">
				<ele>44.570902987383306</ele>
				<time>2026-08-02T22:24:20Z</time>
			</trkpt>
			<trkpt lat="35.06928419651903" lon="137.15990481703165">
				<ele>44.609246141277254</ele>
				<time>2026-08-02T22:24:21Z</time>
			</trkpt>
			<trkpt lat="35.069424642917326" lon="137.15991299770081">
				<ele>44.66666749864817</ele>
				<time>2026-08-02T22:24:22Z</time>
			</trkpt>
			<trkpt lat="35.069563755726335" lon="137.1599203684048">
				<ele>44.73566269967705</ele>
				<time>2026-08-02T22:24:23Z</time>
			</trkpt>
			<trkpt lat="35.06970425016012" lon="137.1599292597844">
				<ele>44.85592166148126</ele>
				<time>2026-08-02T22:24:24Z</time>
			</trkpt>
			<trkpt lat="35.06984299352099" lon="137.15993918058408">
				<ele>44.68502611480653</ele>
				<time>2026-08-02T22:24:25Z</time>
			</trkpt>
			<trkpt lat="35.06998426536399" lon="137.1599448133364">
				<ele>44.352771422825754</ele>
				<time>2026-08-02T22:24:26Z</time>
			</trkpt>
			<trkpt lat="35.07012531668463" lon="137.15994677186507">
				<ele>43.81738717760891</ele>
				<time>2026-08-02T22:24:27Z</time>
			</trkpt>
			<trkpt lat="35.0702608971706" lon="137.15994938421008">
				<ele>43.51512407325208</ele>
				<time>2026-08-02T22:24:28Z</time>
			</trkpt>
			<trkpt lat="35.070391425190294" lon="137.15995543804453">
				<ele>43.02900584321469</ele>
				<time>2026-08-02T22:24:29Z</time>
			</trkpt>
			<trkpt lat="35.07052749952945" lon="137.1599628666744">
				<ele>42.826857317239046</ele>
				<time>2026-08-02T22:24:30Z</time>
			</trkpt>
			<trkpt lat="35.07065710707919" lon="137.15997249428972">
				<ele>42.59915044065565</ele>
				<time>2026-08-02T22:24:31Z</time>
			</trkpt>
			<trkpt lat="35.07079285948572" lon="137.15998049510657">
				<ele>42.334931913763285</ele>
				<time>2026-08-02T22:24:32Z</time>
			</trkpt>
			<trkpt lat="35.070926590020825" lon="137.15998578317738">
				<ele>42.036357345059514</ele>
				<time>2026-08-02T22:24:33Z</time>
			</trkpt>
			<trkpt lat="35.07106195005861" lon="137.15999652913484">
				<ele>41.59423743840307</ele>
				<time>2026-08-02T22:24:34Z</time>
			</trkpt>
			<trkpt lat="35.07120193944176" lon="137.1600105981516">
				<ele>41.47885684110224</ele>
				<time>2026-08-02T22:24:35Z</time>
			</trkpt>
			<trkpt lat="35.07133811335105" lon="137.16001935776325">
				<ele>40.82934031728655</ele>
				<time>2026-08-02T22:24:36Z</time>
			</trkpt>
			<trkpt lat="35.071471820105295" lon="137.16002498181675">
				<ele>40.34488592855632</ele>
				<time>2026-08-02T22:24:37Z</time>
			</trkpt>
			<trkpt lat="35.071609627384674" lon="137.16003019680716">
				<ele>39.64993680175394</ele>
				<time>2026-08-02T22:24:38Z</time>
			</trkpt>
			<trkpt lat="35.071744355241684" lon="137.16003772586356">
				<ele>39.25729944463819</ele>
				<time>2026-08-02T22:24:39Z</time>
			</trkpt>
			<trkpt lat="35.07187919244836" lon="137.16004279854823">
				<ele>38.46383649576455</ele>
				<time>2026-08-02T22:24:40Z</time>
			</trkpt>
			<trkpt lat="35.07201215563315" lon="137.160051457627">
				<ele>38.00495222117752</ele>
				<time>2026-08-02T22:24:41Z</time>
			</trkpt>
			<trkpt lat="35.072149698407706" lon="137.1600530895451">
				<ele>37.256266572512686</ele>
				<time>2026-08-02T22:24:42Z</time>
			</trkpt>
			<trkpt lat="35.07228203801504" lon="137.1600594170727">
				<ele>36.83523047994822</ele>
				<time>2026-08-02T22:24:43Z</time>
			</trkpt>
			<trkpt lat="35.07241886599377" lon="137.1600629626752">
				<ele>36.442420654930174</ele>
				<time>2026-08-02T22:24:44Z</time>
			</trkpt>
			<trkpt lat="35.07255394979108" lon="137.16006979519187">
				<ele>36.056985021568835</ele>
				<time>2026-08-02T22:24:45Z</time>
			</trkpt>
			<trkpt lat="35.072688605477815" lon="137.16007708342778">
				<ele>36.17507793288678</ele>
				<time>2026-08-02T22:24:46Z</time>
			</trkpt>
			<trkpt lat="35.07282815134364" lon="137.16008491114587">
				<ele>36.00094130914658</ele>
				<time>2026-08-02T22:24:47Z</time>
			</trkpt>
			<trkpt lat="35.072966923982996" lon="137.1600905947925">
				<ele>35.82205335330218</ele>
				<time>2026-08-02T22:24:48Z</time>
			</trkpt>
			<trkpt lat="35.07310681128249" lon="137.16009606684665">
				<ele>35.899258877150714</ele>
				<time>2026-08-02T22:24:49Z</time>
			</trkpt>
			<trkpt lat="35.0732404379254" lon="137.16010686872272">
				<ele>35.805102416314185</ele>
				<time>2026-08-02T22:24:50Z</time>
			</trkpt>
			<trkpt lat="35.07336879180414" lon="137.16011245522148">
				<ele>35.696968795731664</ele>
				<time>2026-08-02T22:24:51Z</time>
			</trkpt>
			<trkpt lat="35.073499772841735" lon="137.16011676187628">
				<ele>35.69407938234508</ele>
				<time>2026-08-02T22:24:52Z</time>
			</trkpt>
			<trkpt lat="35.073629818278434" lon="137.16012082276302">
				<ele>35.747743889689445</ele>
				<time>2026-08-02T22:24:53Z</time>
			</trkpt>
			<trkpt lat="35.07375579269689" lon="137.16012686323134">
				<ele>35.741969210095704</ele>
				<time>2026-08-02T22:24:54Z</time>
			</trkpt>
			<trkpt lat="35.07388307220484" lon="137.16013613081472">
				<ele>35.922336142510176</ele>
				<time>2026-08-02T22:24:55Z</time>
			</trkpt>
			<trkpt lat="35.074010484057396" lon="137.16014371704324">
				<ele>36.02536100987345</ele>
				<time>2026-08-02T22:24:56Z</time>
			</trkpt>
			<trkpt lat="35.07414955050672" lon="137.16015214167933">
				<ele>36.056010484695435</ele>
				<time>2026-08-02T22:24:57Z</time>
			</trkpt>
			<trkpt lat="35.07428561527224" lon="137.160160919985">
				<ele>36.09280550200492</ele>
				<time>2026-08-02T22:24:58Z</time>
			</trkpt>
			<trkpt lat="35.07441846627068" lon="137.1601686794455">
				<ele>35.98169047571719</ele>
				<time>2026-08-02T22:24:59Z</time>
			</trkpt>
			<trkpt lat="35.07455544391621" lon="137.16017621152358">
				<ele>36.00665035005659</ele>
				<time>2026-08-02T22:25:00Z</time>
			</trkpt>
			<trkpt lat="35.07469377332947" lon="137.16018511072704">
				<ele>35.929724445566535</ele>
				<time>2026-08-02T22:25:01Z</time>
			</trkpt>
			<trkpt lat="35.07483060060315" lon="137.16019227417107">
				<ele>36.06047668866813</ele>
				<time>2026-08-02T22:25:02Z</time>
			</trkpt>
			<trkpt lat="35.07496947629719" lon="137.16019933312728">
				<ele>36.054453272372484</ele>
				<time>2026-08-02T22:25:03Z</time>
			</trkpt>
			<trkpt lat="35.075109168415295" lon="137.1602056056046">
				<ele>36.14427189156413</ele>
				<time>2026-08-02T22:25:04Z</time>
			</trkpt>
			<trkpt lat="35.0752460458727" lon="137.16021248360894">
				<ele>36.09914286714047</ele>
				<time>2026-08-02T22:25:05Z</time>
			</trkpt>
			<trkpt lat="35.07538428931949" lon="137.16021905686">
				<ele>36.23756482359022</ele>
				<time>2026-08-02T22:25:06Z</time>
			</trkpt>
			<trkpt lat="35.075517443885914" lon="137.1602253856609">
				<ele>36.11413259804249</ele>
				<time>2026-08-02T22:25:07Z</time>
			</trkpt>
			<trkpt lat="35.07565422340064" lon="137.16023131636967">
				<ele>35.88644235488027</ele>
				<time>2026-08-02T22:25:08Z</time>
			</trkpt>
			<trkpt lat="35.075791234991875" lon="137.16023664472178">
				<ele>35.8208785681054</ele>
				<time>2026-08-02T22:25:09Z</time>
			</trkpt>
			<trkpt lat="35.075927469207635" lon="137.16024541861006">
				<ele>35.859096089378</ele>
				<time>2026-08-02T22:25:10Z</time>
			</trkpt>
			<trkpt lat="35.076067834269594" lon="137.16025274153534">
				<ele>35.86793034244329</ele>
				<time>2026-08-02T22:25:11Z</time>
			</trkpt>
			<trkpt lat="35.076208298942184" lon="137.16026173388212">
				<ele>35.86189803760499</ele>
				<time>2026-08-02T22:25:12Z</time>
			</trkpt>
			<trkpt lat="35.076343574352734" lon="137.16026768619912">
				<ele>35.75360373780131</ele>
				<time>2026-08-02T22:25:13Z</time>
			</trkpt>
			<trkpt lat="35.07648428837369" lon="137.1602764025555">
				<ele>35.9431657390669</ele>
				<time>2026-08-02T22:25:14Z</time>
			</trkpt>
			<trkpt lat="35.07662166276589" lon="137.16028511538113">
				<ele>35.82830725051463</ele>
				<time>2026-08-02T22:25:15Z</time>
			</trkpt>
			<trkpt lat="35.0767587737074" lon="137.1602949790672">
				<ele>35.78719100076705</ele>
				<time>2026-08-02T22:25:16Z</time>
			</trkpt>
			<trkpt lat="35.07689516462866" lon="137.16030443498727">
				<ele>36.03387396875769</ele>
				<time>2026-08-02T22:25:17Z</time>
			</trkpt>
			<trkpt lat="35.07703063876088" lon="137.1603127092078">
				<ele>35.707180202007294</ele>
				<time>2026-08-02T22:25:18Z</time>
			</trkpt>
			<trkpt lat="35.077169088063684" lon="137.16032080532398">
				<ele>36.16796310245991</ele>
				<time>2026-08-02T22:25:19Z</time>
			</trkpt>
			<trkpt lat="35.07730297799011" lon="137.16032891285104">
				<ele>36.153619373217225</ele>
				<time>2026-08-02T22:25:20Z</time>
			</trkpt>
			<trkpt lat="35.07744029455594" lon="137.16033580074065">
				<ele>36.18912920169532</ele>
				<time>2026-08-02T22:25:21Z</time>
			</trkpt>
			<trkpt lat="35.077576037711175" lon="137.16034235849028">
				<ele>36.26159192528576</ele>
				<time>2026-08-02T22:25:22Z</time>
			</trkpt>
			<trkpt lat="35.07771745004307" lon="137.1603521146884">
				<ele>36.46546407882124</ele>
				<time>2026-08-02T22:25:23Z</time>
			</trkpt>
			<trkpt lat="35.07785568791782" lon="137.1603615614505">
				<ele>36.39214491005987</ele>
				<time>2026-08-02T22:25:24Z</time>
			</trkpt>
			<trkpt lat="35.07799315478744" lon="137.16036853000648">
				<ele>36.514612530358136</ele>
				<time>2026-08-02T22:25:25Z</time>
			</trkpt>
			<trkpt lat="35.07813048248479" lon="137.16037366443">
				<ele>36.47297043912113</ele>
				<time>2026-08-02T22:25:26Z</time>
			</trkpt>
			<trkpt lat="35.07826591062106" lon="137.1603775505162">
				<ele>36.51851413119584</ele>
				<time>2026-08-02T22:25:27Z</time>
			</trkpt>
			<trkpt lat="35.078398587565744" lon="137.1603804517523">
				<ele>36.66889659129083</ele>
				<time>2026-08-02T22:25:28Z</time>
			</trkpt>
			<trkpt lat="35.07853000033874" lon="137.16038332660276">
				<ele>36.64448616094887</ele>
				<time>2026-08-02T22:25:29Z</time>
			</trkpt>
			<trkpt lat="35.07865979965377" lon="137.16038482948983">
				<ele>36.98894697893411</ele>
				<time>2026-08-02T22:25:30Z</time>
			</trkpt>
			<trkpt lat="35.07877868974443" lon="137.16038386108866">
				<ele>37.12506993766874</ele>
				<time>2026-08-02T22:25:31Z</time>
			</trkpt>
			<trkpt lat="35.078882918397305" lon="137.16038328381234">
				<ele>37.01407899148762</ele>
				<time>2026-08-02T22:25:32Z</time>
			</trkpt>
			<trkpt lat="35.07897956848836" lon="137.16038629252688">
				<ele>37.103727207519114</ele>
				<time>2026-08-02T22:25:33Z</time>
			</trkpt>
			<trkpt lat="35.07906717629807" lon="137.16039118076284">
				<ele>37.05086440593004</ele>
				<time>2026-08-02T22:25:34Z</time>
			</trkpt>
			<trkpt lat="35.07915070614728" lon="137.1603934059412">
				<ele>37.09301686566323</ele>
				<time>2026-08-02T22:25:35Z</time>
			</trkpt>
			<trkpt lat="35.079230737473566" lon="137.16039708020332">
				<ele>37.05991872213781</ele>
				<time>2026-08-02T22:25:36Z</time>
			</trkpt>
			<trkpt lat="35.079296929612354" lon="137.16040174062516">
				<ele>37.04312688857317</ele>
				<time>2026-08-02T22:25:37Z</time>
			</trkpt>
			<trkpt lat="35.07935748782028" lon="137.16040846608274">
				<ele>37.1052937945351</ele>
				<time>2026-08-02T22:25:38Z</time>
			</trkpt>
			<trkpt lat="35.07940231405086" lon="137.1604174834024">
				<ele>37.191836149431765</ele>
				<time>2026-08-02T22:25:39Z</time>
			</trkpt>
			<trkpt lat="35.07943834917181" lon="137.16042533626398">
				<ele>37.06252583861351</ele>
				<time>2026-08-02T22:25:40Z</time>
			</trkpt>
			<trkpt lat="35.079470810174115" lon="137.16042909848696">
				<ele>37.126983018592</ele>
				<time>2026-08-02T22:25:41Z</time>
			</trkpt>
			<trkpt lat="35.079502757697895" lon="137.1604306722654">
				<ele>37.18440834619105</ele>
				<time>2026-08-02T22:25:42Z</time>
			</trkpt>
			<trkpt lat="35.079532197743994" lon="137.1604314864196">
				<ele>37.20948724728078</ele>
				<time>2026-08-02T22:25:44Z</time>
			</trkpt>
			<trkpt lat="35.079514072026726" lon="137.1604332564926">
				<ele>36.775976351462305</ele>
				<time>2026-08-02T22:25:59Z</time>
			</trkpt>
			<trkpt lat="35.07948900117035" lon="137.16042993681495">
				<ele>35.340169346891344</ele>
				<time>2026-08-02T22:26:35Z</time>
			</trkpt>
			<trkpt lat="35.07950953507334" lon="137.1604350342159">
				<ele>35.89252795744687</ele>
				<time>2026-08-02T22:26:36Z</time>
			</trkpt>
			<trkpt lat="35.07953791193228" lon="137.16043842491703">
				<ele>36.26983620785177</ele>
				<time>2026-08-02T22:26:37Z</time>
			</trkpt>
			<trkpt lat="35.07957999487505" lon="137.16044472663">
				<ele>36.61563664395362</ele>
				<time>2026-08-02T22:26:38Z</time>
			</trkpt>
			<trkpt lat="35.0796221566006" lon="137.1604481480265">
				<ele>36.797327608801425</ele>
				<time>2026-08-02T22:26:39Z</time>
			</trkpt>
			<trkpt lat="35.079665696124486" lon="137.16045324075125">
				<ele>36.90966461971402</ele>
				<time>2026-08-02T22:26:40Z</time>
			</trkpt>
			<trkpt lat="35.07972479933557" lon="137.16046103758353">
				<ele>37.1149776019156</ele>
				<time>2026-08-02T22:26:41Z</time>
			</trkpt>
			<trkpt lat="35.079791718169886" lon="137.16047118825213">
				<ele>37.29741480201483</ele>
				<time>2026-08-02T22:26:42Z</time>
			</trkpt>
			<trkpt lat="35.079860220577224" lon="137.16047861155948">
				<ele>37.42030035704374</ele>
				<time>2026-08-02T22:26:43Z</time>
			</trkpt>
			<trkpt lat="35.0799313756545" lon="137.1604841682437">
				<ele>37.41884289495647</ele>
				<time>2026-08-02T22:26:44Z</time>
			</trkpt>
			<trkpt lat="35.080004450968346" lon="137.16049846295482">
				<ele>37.56569910235703</ele>
				<time>2026-08-02T22:26:45Z</time>
			</trkpt>
			<trkpt lat="35.08008791201847" lon="137.1605111360463">
				<ele>37.592543072998524</ele>
				<time>2026-08-02T22:26:46Z</time>
			</trkpt>
			<trkpt lat="35.08018244949558" lon="137.16052346971634">
				<ele>37.68489942885935</ele>
				<time>2026-08-02T22:26:47Z</time>
			</trkpt>
			<trkpt lat="35.08028160750318" lon="137.16053696432394">
				<ele>37.809735731221735</ele>
				<time>2026-08-02T22:26:48Z</time>
			</trkpt>
			<trkpt lat="35.08037612429102" lon="137.16054760143908">
				<ele>37.57865299284458</ele>
				<time>2026-08-02T22:26:49Z</time>
			</trkpt>
			<trkpt lat="35.08047984784921" lon="137.16056232550673">
				<ele>37.67957732081413</ele>
				<time>2026-08-02T22:26:50Z</time>
			</trkpt>
			<trkpt lat="35.08058712755373" lon="137.16057715400683">
				<ele>37.7411164175719</ele>
				<time>2026-08-02T22:26:51Z</time>
			</trkpt>
			<trkpt lat="35.0806992019075" lon="137.16058621157433">
				<ele>37.571929551661015</ele>
				<time>2026-08-02T22:26:52Z</time>
			</trkpt>
			<trkpt lat="35.08080373897542" lon="137.16060147211377">
				<ele>37.60031171608716</ele>
				<time>2026-08-02T22:26:53Z</time>
			</trkpt>
			<trkpt lat="35.08090621776712" lon="137.16061471008032">
				<ele>37.338945023715496</ele>
				<time>2026-08-02T22:26:54Z</time>
			</trkpt>
			<trkpt lat="35.08100273800138" lon="137.1606282172493">
				<ele>37.11146047990769</ele>
				<time>2026-08-02T22:26:55Z</time>
			</trkpt>
			<trkpt lat="35.081094969919945" lon="137.16064083305747">
				<ele>37.00709975883365</ele>
				<time>2026-08-02T22:26:56Z</time>
			</trkpt>
			<trkpt lat="35.08120460747169" lon="137.16064961516778">
				<ele>36.89121161215007</ele>
				<time>2026-08-02T22:26:57Z</time>
			</trkpt>
			<trkpt lat="35.08128920901843" lon="137.16066036913415">
				<ele>36.71113453619182</ele>
				<time>2026-08-02T22:26:58Z</time>
			</trkpt>
			<trkpt lat="35.081371502275964" lon="137.1606681827196">
				<ele>36.604229893535376</ele>
				<time>2026-08-02T22:26:59Z</time>
			</trkpt>
			<trkpt lat="35.08144921719147" lon="137.1606767446499">
				<ele>36.47544577997178</ele>
				<time>2026-08-02T22:27:00Z</time>
			</trkpt>
			<trkpt lat="35.081527202467534" lon="137.1606837599066">
				<ele>36.57566631771624</ele>
				<time>2026-08-02T22:27:01Z</time>
			</trkpt>
			<trkpt lat="35.081606633141114" lon="137.16069461870484">
				<ele>36.53095347434282</ele>
				<time>2026-08-02T22:27:02Z</time>
			</trkpt>
			<trkpt lat="35.0816808751041" lon="137.1607024019343">
				<ele>36.44078500010073</ele>
				<time>2026-08-02T22:27:03Z</time>
			</trkpt>
			<trkpt lat="35.08174948369382" lon="137.16071408395538">
				<ele>36.58105392754078</ele>
				<time>2026-08-02T22:27:04Z</time>
			</trkpt>
			<trkpt lat="35.08181378640289" lon="137.1607250377304">
				<ele>36.68420972302556</ele>
				<time>2026-08-02T22:27:05Z</time>
			</trkpt>
			<trkpt lat="35.08186909345251" lon="137.16073427812958">
				<ele>36.674463734962046</ele>
				<time>2026-08-02T22:27:06Z</time>
			</trkpt>
			<trkpt lat="35.08191438418837" lon="137.16073916603995">
				<ele>36.65381574444473</ele>
				<time>2026-08-02T22:27:07Z</time>
			</trkpt>
			<trkpt lat="35.08195691195438" lon="137.1607453903443">
				<ele>36.69491478521377</ele>
				<time>2026-08-02T22:27:08Z</time>
			</trkpt>
			<trkpt lat="35.081986678768644" lon="137.16074918256396">
				<ele>36.71729480847716</ele>
				<time>2026-08-02T22:27:09Z</time>
			</trkpt>
			<trkpt lat="35.08201479170613" lon="137.16075010972037">
				<ele>36.723552759736776</ele>
				<time>2026-08-02T22:27:10Z</time>
			</trkpt>
			<trkpt lat="35.082037917198996" lon="137.16075333988658">
				<ele>36.774470157921314</ele>
				<time>2026-08-02T22:27:11Z</time>
			</trkpt>
			<trkpt lat="35.08205872938375" lon="137.16075464967528">
				<ele>37.22489816322923</ele>
				<time>2026-08-02T22:27:12Z</time>
			</trkpt>
			<trkpt lat="35.082084458725184" lon="137.16076690487">
				<ele>37.309129131026566</ele>
				<time>2026-08-02T22:27:15Z</time>
			</trkpt>
			<trkpt lat="35.08210597254985" lon="137.160770815719">
				<ele>37.44158156309277</ele>
				<time>2026-08-02T22:27:18Z</time>
			</trkpt>
			<trkpt lat="35.08212534775676" lon="137.16077914203564">
				<ele>37.502943214960396</ele>
				<time>2026-08-02T22:27:20Z</time>
			</trkpt>
			<trkpt lat="35.08214926095272" lon="137.1607866192812">
				<ele>37.5118939364329</ele>
				<time>2026-08-02T22:27:22Z</time>
			</trkpt>
			<trkpt lat="35.082173542036884" lon="137.16079520955714">
				<ele>37.656244011595845</ele>
				<time>2026-08-02T22:27:23Z</time>
			</trkpt>
			<trkpt lat="35.08220632862979" lon="137.1608032652335">
				<ele>37.74899229872972</ele>
				<time>2026-08-02T22:27:24Z</time>
			</trkpt>
			<trkpt lat="35.08223542121651" lon="137.1608052831237">
				<ele>37.696710754185915</ele>
				<time>2026-08-02T22:27:25Z</time>
			</trkpt>
			<trkpt lat="35.0822682369584" lon="137.16080711571757">
				<ele>37.68298326898366</ele>
				<time>2026-08-02T22:27:26Z</time>
			</trkpt>
			<trkpt lat="35.0823088907432" lon="137.16081360681142">
				<ele>37.712741272524</ele>
				<time>2026-08-02T22:27:27Z</time>
			</trkpt>
			<trkpt lat="35.08236206911966" lon="137.16082794690007">
				<ele>37.90135038923472</ele>
				<time>2026-08-02T22:27:28Z</time>
			</trkpt>
			<trkpt lat="35.08241239623602" lon="137.16083942599818">
				<ele>37.859785788692534</ele>
				<time>2026-08-02T22:27:29Z</time>
			</trkpt>
			<trkpt lat="35.082471740314936" lon="137.16084598732783">
				<ele>37.77618730161339</ele>
				<time>2026-08-02T22:27:30Z</time>
			</trkpt>
			<trkpt lat="35.082533482453734" lon="137.16085666535838">
				<ele>37.8917475445196</ele>
				<time>2026-08-02T22:27:31Z</time>
			</trkpt>
			<trkpt lat="35.082606126313834" lon="137.1608676423936">
				<ele>37.85045045800507</ele>
				<time>2026-08-02T22:27:32Z</time>
			</trkpt>
			<trkpt lat="35.08267860467609" lon="137.1608813181567">
				<ele>37.85225583426654</ele>
				<time>2026-08-02T22:27:33Z</time>
			</trkpt>
			<trkpt lat="35.08275990589423" lon="137.1608909472852">
				<ele>37.701548921875656</ele>
				<time>2026-08-02T22:27:34Z</time>
			</trkpt>
			<trkpt lat="35.08284135626057" lon="137.16090407314104">
				<ele>37.67855800688267</ele>
				<time>2026-08-02T22:27:35Z</time>
			</trkpt>
			<trkpt lat="35.082942630997096" lon="137.16091326161808">
				<ele>37.70548778772354</ele>
				<time>2026-08-02T22:27:36Z</time>
			</trkpt>
			<trkpt lat="35.083035853488624" lon="137.1609242656876">
				<ele>37.79820061288774</ele>
				<time>2026-08-02T22:27:37Z</time>
			</trkpt>
			<trkpt lat="35.08313714684567" lon="137.16093693385434">
				<ele>37.668907270766795</ele>
				<time>2026-08-02T22:27:38Z</time>
			</trkpt>
			<trkpt lat="35.083230940181195" lon="137.16095401401205">
				<ele>37.74129323940724</ele>
				<time>2026-08-02T22:27:39Z</time>
			</trkpt>
			<trkpt lat="35.08333584782658" lon="137.16097212014716">
				<ele>37.9070473248139</ele>
				<time>2026-08-02T22:27:40Z</time>
			</trkpt>
			<trkpt lat="35.08344396118186" lon="137.1609891585642">
				<ele>37.934433619491756</ele>
				<time>2026-08-02T22:27:41Z</time>
			</trkpt>
			<trkpt lat="35.08355689265767" lon="137.16100466849161">
				<ele>37.91951927356422</ele>
				<time>2026-08-02T22:27:42Z</time>
			</trkpt>
			<trkpt lat="35.08367646917643" lon="137.16101859534672">
				<ele>37.88745475932956</ele>
				<time>2026-08-02T22:27:43Z</time>
			</trkpt>
			<trkpt lat="35.083795556547" lon="137.16103241082575">
				<ele>38.043095094151795</ele>
				<time>2026-08-02T22:27:44Z</time>
			</trkpt>
			<trkpt lat="35.083912840214964" lon="137.1610471475058">
				<ele>38.110227178782225</ele>
				<time>2026-08-02T22:27:45Z</time>
			</trkpt>
			<trkpt lat="35.084032991154956" lon="137.16106129507048">
				<ele>38.17459759674966</ele>
				<time>2026-08-02T22:27:46Z</time>
			</trkpt>
			<trkpt lat="35.08415437275841" lon="137.16107687499849">
				<ele>38.260762328282</ele>
				<time>2026-08-02T22:27:47Z</time>
			</trkpt>
			<trkpt lat="35.084269701832824" lon="137.16109210959357">
				<ele>38.29359174892306</ele>
				<time>2026-08-02T22:27:48Z</time>
			</trkpt>
			<trkpt lat="35.08439076106659" lon="137.16110711219434">
				<ele>38.273754727095366</ele>
				<time>2026-08-02T22:27:49Z</time>
			</trkpt>
			<trkpt lat="35.08451217485107" lon="137.1611267572861">
				<ele>38.34016539249569</ele>
				<time>2026-08-02T22:27:50Z</time>
			</trkpt>
			<trkpt lat="35.084656634998304" lon="137.1611403475766">
				<ele>38.43873634096235</ele>
				<time>2026-08-02T22:27:51Z</time>
			</trkpt>
			<trkpt lat="35.08477150612321" lon="137.16115864019636">
				<ele>38.57579331938177</ele>
				<time>2026-08-02T22:27:52Z</time>
			</trkpt>
			<trkpt lat="35.0848946874644" lon="137.16117461238267">
				<ele>38.739201868884265</ele>
				<time>2026-08-02T22:27:53Z</time>
			</trkpt>
			<trkpt lat="35.08501906473228" lon="137.16118803051413">
				<ele>38.81286679580808</ele>
				<time>2026-08-02T22:27:54Z</time>
			</trkpt>
			<trkpt lat="35.08513188485559" lon="137.16120121517957">
				<ele>38.931946472264826</ele>
				<time>2026-08-02T22:27:55Z</time>
			</trkpt>
			<trkpt lat="35.085277437361455" lon="137.16120700309432">
				<ele>38.911595274694264</ele>
				<time>2026-08-02T22:27:56Z</time>
			</trkpt>
			<trkpt lat="35.08539286924383" lon="137.1612186313935">
				<ele>39.06150851864368</ele>
				<time>2026-08-02T22:27:57Z</time>
			</trkpt>
			<trkpt lat="35.08549934538419" lon="137.16123889195677">
				<ele>39.248915223404765</ele>
				<time>2026-08-02T22:27:58Z</time>
			</trkpt>
			<trkpt lat="35.08559305475874" lon="137.16125295493245">
				<ele>39.1157117113471</ele>
				<time>2026-08-02T22:27:59Z</time>
			</trkpt>
			<trkpt lat="35.08568442808884" lon="137.1612638113627">
				<ele>38.849397466517985</ele>
				<time>2026-08-02T22:28:00Z</time>
			</trkpt>
			<trkpt lat="35.085773815636934" lon="137.16127439304367">
				<ele>38.545033829286695</ele>
				<time>2026-08-02T22:28:01Z</time>
			</trkpt>
			<trkpt lat="35.08586819071842" lon="137.1612903576946">
				<ele>38.35353943798691</ele>
				<time>2026-08-02T22:28:02Z</time>
			</trkpt>
			<trkpt lat="35.08594248696196" lon="137.16130557487418">
				<ele>38.298504607751966</ele>
				<time>2026-08-02T22:28:03Z</time>
			</trkpt>
			<trkpt lat="35.08601248343308" lon="137.16131911965576">
				<ele>38.094526753760874</ele>
				<time>2026-08-02T22:28:04Z</time>
			</trkpt>
			<trkpt lat="35.08606047912972" lon="137.16133188908088">
				<ele>37.99914281163365</ele>
				<time>2026-08-02T22:28:05Z</time>
			</trkpt>
			<trkpt lat="35.086093271431565" lon="137.16134221269078">
				<ele>37.854976675473154</ele>
				<time>2026-08-02T22:28:06Z</time>
			</trkpt>
			<trkpt lat="35.08612520846324" lon="137.1613486015041">
				<ele>37.94234821386635</ele>
				<time>2026-08-02T22:28:07Z</time>
			</trkpt>
			<trkpt lat="35.08614766832206" lon="137.1613453484998">
				<ele>38.20734562072903</ele>
				<time>2026-08-02T22:28:09Z</time>
			</trkpt>
			<trkpt lat="35.086169123175516" lon="137.1613504841105">
				<ele>38.705264144577086</ele>
				<time>2026-08-02T22:28:13Z</time>
			</trkpt>
			<trkpt lat="35.086151394376635" lon="137.16134287078918">
				<ele>39.61945303436369</ele>
				<time>2026-08-02T22:28:58Z</time>
			</trkpt>
			<trkpt lat="35.08617436223033" lon="137.16135396343105">
				<ele>39.977273534052074</ele>
				<time>2026-08-02T22:29:17Z</time>
			</trkpt>
			<trkpt lat="35.086197528150954" lon="137.16135904180038">
				<ele>39.71813387610018</ele>
				<time>2026-08-02T22:29:18Z</time>
			</trkpt>
			<trkpt lat="35.086227051889765" lon="137.16136623490786">
				<ele>39.54651086125523</ele>
				<time>2026-08-02T22:29:19Z</time>
			</trkpt>
			<trkpt lat="35.08626233667748" lon="137.16137052932163">
				<ele>39.39919237047434</ele>
				<time>2026-08-02T22:29:20Z</time>
			</trkpt>
			<trkpt lat="35.086296518704685" lon="137.1613746047211">
				<ele>39.30912818573415</ele>
				<time>2026-08-02T22:29:21Z</time>
			</trkpt>
			<trkpt lat="35.086340242800105" lon="137.16138229094432">
				<ele>39.2241868423298</ele>
				<time>2026-08-02T22:29:22Z</time>
			</trkpt>
			<trkpt lat="35.08640135203268" lon="137.16138927402724">
				<ele>39.245869911275804</ele>
				<time>2026-08-02T22:29:23Z</time>
			</trkpt>
			<trkpt lat="35.086464880291956" lon="137.1614029533108">
				<ele>39.22542842105031</ele>
				<time>2026-08-02T22:29:24Z</time>
			</trkpt>
			<trkpt lat="35.08652727838901" lon="137.16141413867715">
				<ele>39.13725534081459</ele>
				<time>2026-08-02T22:29:25Z</time>
			</trkpt>
			<trkpt lat="35.08659109843726" lon="137.16142880877058">
				<ele>39.105361140333116</ele>
				<time>2026-08-02T22:29:26Z</time>
			</trkpt>
			<trkpt lat="35.08666435780242" lon="137.1614435777298">
				<ele>39.02277074381709</ele>
				<time>2026-08-02T22:29:27Z</time>
			</trkpt>
			<trkpt lat="35.08674475119379" lon="137.1614615812729">
				<ele>39.154375752434134</ele>
				<time>2026-08-02T22:29:28Z</time>
			</trkpt>
			<trkpt lat="35.086832288429136" lon="137.16147883374316">
				<ele>39.112685438245535</ele>
				<time>2026-08-02T22:29:29Z</time>
			</trkpt>
			<trkpt lat="35.086921738518605" lon="137.16149937968464">
				<ele>39.144290569238365</ele>
				<time>2026-08-02T22:29:30Z</time>
			</trkpt>
			<trkpt lat="35.08701311694491" lon="137.16151692312278">
				<ele>39.09633595496416</ele>
				<time>2026-08-02T22:29:31Z</time>
			</trkpt>
			<trkpt lat="35.087114215070955" lon="137.16153309395756">
				<ele>39.08057317882776</ele>
				<time>2026-08-02T22:29:32Z</time>
			</trkpt>
			<trkpt lat="35.087215211771486" lon="137.16155576432752">
				<ele>39.057986066676676</ele>
				<time>2026-08-02T22:29:33Z</time>
			</trkpt>
			<trkpt lat="35.08731209213291" lon="137.16157826544057">
				<ele>39.180227909237146</ele>
				<time>2026-08-02T22:29:34Z</time>
			</trkpt>
			<trkpt lat="35.087406915788385" lon="137.16160352626122">
				<ele>39.18508001137525</ele>
				<time>2026-08-02T22:29:35Z</time>
			</trkpt>
			<trkpt lat="35.08750247138367" lon="137.16162497653266">
				<ele>39.251037429086864</ele>
				<time>2026-08-02T22:29:36Z</time>
			</trkpt>
			<trkpt lat="35.08759924151268" lon="137.16164688711234">
				<ele>39.18636114243418</ele>
				<time>2026-08-02T22:29:37Z</time>
			</trkpt>
			<trkpt lat="35.08771189298241" lon="137.16166655493953">
				<ele>39.12249638047069</ele>
				<time>2026-08-02T22:29:38Z</time>
			</trkpt>
			<trkpt lat="35.08782318995993" lon="137.1616873693038">
				<ele>39.07120482251048</ele>
				<time>2026-08-02T22:29:39Z</time>
			</trkpt>
			<trkpt lat="35.08792940704451" lon="137.1617108000537">
				<ele>38.95512559916824</ele>
				<time>2026-08-02T22:29:40Z</time>
			</trkpt>
			<trkpt lat="35.08803677345357" lon="137.1617291237437">
				<ele>38.65122507233173</ele>
				<time>2026-08-02T22:29:41Z</time>
			</trkpt>
			<trkpt lat="35.088143961782805" lon="137.1617518329285">
				<ele>38.452885936014354</ele>
				<time>2026-08-02T22:29:42Z</time>
			</trkpt>
			<trkpt lat="35.088254470732664" lon="137.1617781979873">
				<ele>38.242801090702415</ele>
				<time>2026-08-02T22:29:43Z</time>
			</trkpt>
			<trkpt lat="35.08835667289029" lon="137.1618066960838">
				<ele>38.02097904402763</ele>
				<time>2026-08-02T22:29:44Z</time>
			</trkpt>
			<trkpt lat="35.08846457027843" lon="137.1618413290482">
				<ele>37.946254699490964</ele>
				<time>2026-08-02T22:29:45Z</time>
			</trkpt>
			<trkpt lat="35.08857275330457" lon="137.1618794668453">
				<ele>38.06607289426029</ele>
				<time>2026-08-02T22:29:46Z</time>
			</trkpt>
			<trkpt lat="35.088680194305724" lon="137.16191862425686">
				<ele>37.69155162665993</ele>
				<time>2026-08-02T22:29:47Z</time>
			</trkpt>
			<trkpt lat="35.08879393002214" lon="137.16195557842875">
				<ele>37.561722236685455</ele>
				<time>2026-08-02T22:29:48Z</time>
			</trkpt>
			<trkpt lat="35.08890772059084" lon="137.16198970447743">
				<ele>37.475156092084944</ele>
				<time>2026-08-02T22:29:49Z</time>
			</trkpt>
			<trkpt lat="35.08901813228367" lon="137.16202514108548">
				<ele>37.21902534645051</ele>
				<time>2026-08-02T22:29:50Z</time>
			</trkpt>
			<trkpt lat="35.08913241450104" lon="137.16206404019962">
				<ele>37.137999597005546</ele>
				<time>2026-08-02T22:29:51Z</time>
			</trkpt>
			<trkpt lat="35.08924607739775" lon="137.16210078389656">
				<ele>37.1426600292325</ele>
				<time>2026-08-02T22:29:52Z</time>
			</trkpt>
			<trkpt lat="35.0893804349662" lon="137.16213587444702">
				<ele>37.28775060828775</ele>
				<time>2026-08-02T22:29:53Z</time>
			</trkpt>
			<trkpt lat="35.08950307990308" lon="137.1621645128448">
				<ele>37.45913914497942</ele>
				<time>2026-08-02T22:29:54Z</time>
			</trkpt>
			<trkpt lat="35.089622387286475" lon="137.16219524369123">
				<ele>37.69392947200686</ele>
				<time>2026-08-02T22:29:55Z</time>
			</trkpt>
			<trkpt lat="35.08973915622315" lon="137.1622285698288">
				<ele>37.65667481161654</ele>
				<time>2026-08-02T22:29:56Z</time>
			</trkpt>
			<trkpt lat="35.08986036857574" lon="137.16226281197027">
				<ele>37.88136958517134</ele>
				<time>2026-08-02T22:29:57Z</time>
			</trkpt>
			<trkpt lat="35.08997629664109" lon="137.16229867547287">
				<ele>38.10934123210609</ele>
				<time>2026-08-02T22:29:58Z</time>
			</trkpt>
			<trkpt lat="35.0900957447955" lon="137.16232948055375">
				<ele>38.239590992219746</ele>
				<time>2026-08-02T22:29:59Z</time>
			</trkpt>
			<trkpt lat="35.090219565870925" lon="137.162358194541">
				<ele>38.36014023795724</ele>
				<time>2026-08-02T22:30:00Z</time>
			</trkpt>
			<trkpt lat="35.090347585837186" lon="137.1623927233544">
				<ele>38.66721249651164</ele>
				<time>2026-08-02T22:30:01Z</time>
			</trkpt>
			<trkpt lat="35.090476241802556" lon="137.16242668689497">
				<ele>38.82262872252613</ele>
				<time>2026-08-02T22:30:02Z</time>
			</trkpt>
			<trkpt lat="35.09060649273113" lon="137.16246532321313">
				<ele>38.887028811499476</ele>
				<time>2026-08-02T22:30:03Z</time>
			</trkpt>
			<trkpt lat="35.090736064191766" lon="137.16250390069487">
				<ele>39.058002177625895</ele>
				<time>2026-08-02T22:30:04Z</time>
			</trkpt>
			<trkpt lat="35.090860107269535" lon="137.1625392432662">
				<ele>38.943054985255</ele>
				<time>2026-08-02T22:30:05Z</time>
			</trkpt>
			<trkpt lat="35.09097994639787" lon="137.162575632579">
				<ele>39.08502304274589</ele>
				<time>2026-08-02T22:30:06Z</time>
			</trkpt>
			<trkpt lat="35.09109888985915" lon="137.162610346873">
				<ele>38.90182438585907</ele>
				<time>2026-08-02T22:30:07Z</time>
			</trkpt>
			<trkpt lat="35.09121831208741" lon="137.16264693003134">
				<ele>39.00749337114394</ele>
				<time>2026-08-02T22:30:08Z</time>
			</trkpt>
			<trkpt lat="35.09133958751463" lon="137.16268405470143">
				<ele>38.872790368273854</ele>
				<time>2026-08-02T22:30:09Z</time>
			</trkpt>
			<trkpt lat="35.091466689736606" lon="137.16272635324844">
				<ele>38.861298305913806</ele>
				<time>2026-08-02T22:30:10Z</time>
			</trkpt>
			<trkpt lat="35.09159647228409" lon="137.16276414309192">
				<ele>38.79131392482668</ele>
				<time>2026-08-02T22:30:11Z</time>
			</trkpt>
			<trkpt lat="35.09172579958317" lon="137.16280249481167">
				<ele>38.9363372316584</ele>
				<time>2026-08-02T22:30:12Z</time>
			</trkpt>
			<trkpt lat="35.091856783998196" lon="137.16284174664125">
				<ele>38.71925817988813</ele>
				<time>2026-08-02T22:30:13Z</time>
			</trkpt>
			<trkpt lat="35.091988100550495" lon="137.1628820683939">
				<ele>38.65118469949812</ele>
				<time>2026-08-02T22:30:14Z</time>
			</trkpt>
			<trkpt lat="35.09212947453667" lon="137.16291975739202">
				<ele>38.748171065934</ele>
				<time>2026-08-02T22:30:15Z</time>
			</trkpt>
			<trkpt lat="35.09226274346914" lon="137.16296066931952">
				<ele>38.67999859619886</ele>
				<time>2026-08-02T22:30:16Z</time>
			</trkpt>
			<trkpt lat="35.092399131563326" lon="137.16299920646438">
				<ele>38.73193102888763</ele>
				<time>2026-08-02T22:30:17Z</time>
			</trkpt>
			<trkpt lat="35.092529892852696" lon="137.16303620495896">
				<ele>38.7315174555406</ele>
				<time>2026-08-02T22:30:18Z</time>
			</trkpt>
			<trkpt lat="35.09266012856053" lon="137.1630692574579">
				<ele>38.69770467840135</ele>
				<time>2026-08-02T22:30:19Z</time>
			</trkpt>
			<trkpt lat="35.0927913023768" lon="137.1631060316777">
				<ele>38.61362508777529</ele>
				<time>2026-08-02T22:30:20Z</time>
			</trkpt>
			<trkpt lat="35.09292177483723" lon="137.16314633099302">
				<ele>38.74935818370432</ele>
				<time>2026-08-02T22:30:21Z</time>
			</trkpt>
			<trkpt lat="35.09305289485764" lon="137.16318909370585">
				<ele>38.68342939950526</ele>
				<time>2026-08-02T22:30:22Z</time>
			</trkpt>
			<trkpt lat="35.09318464330631" lon="137.16323011895574">
				<ele>38.59715381450951</ele>
				<time>2026-08-02T22:30:23Z</time>
			</trkpt>
			<trkpt lat="35.09331353373649" lon="137.16326983939902">
				<ele>38.68714792653918</ele>
				<time>2026-08-02T22:30:24Z</time>
			</trkpt>
			<trkpt lat="35.09344467078086" lon="137.16330865364068">
				<ele>38.67381545342505</ele>
				<time>2026-08-02T22:30:25Z</time>
			</trkpt>
			<trkpt lat="35.09357396884971" lon="137.16334288534586">
				<ele>38.7606479935348</ele>
				<time>2026-08-02T22:30:26Z</time>
			</trkpt>
			<trkpt lat="35.09370347945714" lon="137.16337382253624">
				<ele>38.92816193122417</ele>
				<time>2026-08-02T22:30:27Z</time>
			</trkpt>
			<trkpt lat="35.0938414589432" lon="137.16340284905735">
				<ele>38.751999272964895</ele>
				<time>2026-08-02T22:30:28Z</time>
			</trkpt>
			<trkpt lat="35.0939750051152" lon="137.16342643991578">
				<ele>38.960564801469445</ele>
				<time>2026-08-02T22:30:29Z</time>
			</trkpt>
			<trkpt lat="35.09410808726934" lon="137.16344475304865">
				<ele>38.92760660033673</ele>
				<time>2026-08-02T22:30:30Z</time>
			</trkpt>
			<trkpt lat="35.09425101116559" lon="137.16345939295792">
				<ele>39.00327287707478</ele>
				<time>2026-08-02T22:30:31Z</time>
			</trkpt>
			<trkpt lat="35.0943931343873" lon="137.16346675741187">
				<ele>39.09302008897066</ele>
				<time>2026-08-02T22:30:32Z</time>
			</trkpt>
			<trkpt lat="35.09454292715232" lon="137.1634655036336">
				<ele>39.32110913656652</ele>
				<time>2026-08-02T22:30:33Z</time>
			</trkpt>
			<trkpt lat="35.094683424595" lon="137.1634704818727">
				<ele>39.2348812604323</ele>
				<time>2026-08-02T22:30:34Z</time>
			</trkpt>
			<trkpt lat="35.09482452840478" lon="137.16347355542675">
				<ele>39.374349067918956</ele>
				<time>2026-08-02T22:30:35Z</time>
			</trkpt>
			<trkpt lat="35.09496084752171" lon="137.16347327058259">
				<ele>39.191948090679944</ele>
				<time>2026-08-02T22:30:36Z</time>
			</trkpt>
			<trkpt lat="35.09509734046521" lon="137.16347114465896">
				<ele>38.877178623341024</ele>
				<time>2026-08-02T22:30:37Z</time>
			</trkpt>
			<trkpt lat="35.09523298036528" lon="137.1634700604342">
				<ele>38.9544581361115</ele>
				<time>2026-08-02T22:30:38Z</time>
			</trkpt>
			<trkpt lat="35.095367919067826" lon="137.16346950497908">
				<ele>38.87640859372914</ele>
				<time>2026-08-02T22:30:39Z</time>
			</trkpt>
			<trkpt lat="35.095506192596034" lon="137.16347095904436">
				<ele>38.90513722691685</ele>
				<time>2026-08-02T22:30:40Z</time>
			</trkpt>
			<trkpt lat="35.09564626045892" lon="137.16347377636865">
				<ele>38.86271336209029</ele>
				<time>2026-08-02T22:30:41Z</time>
			</trkpt>
			<trkpt lat="35.0957772930413" lon="137.16347928299842">
				<ele>38.99701777193695</ele>
				<time>2026-08-02T22:30:42Z</time>
			</trkpt>
			<trkpt lat="35.09591535664333" lon="137.16348468869032">
				<ele>38.814788322895765</ele>
				<time>2026-08-02T22:30:43Z</time>
			</trkpt>
			<trkpt lat="35.096056224750285" lon="137.16348644416038">
				<ele>38.742335443384945</ele>
				<time>2026-08-02T22:30:44Z</time>
			</trkpt>
			<trkpt lat="35.09619651472068" lon="137.16348547827408">
				<ele>38.87495686579496</ele>
				<time>2026-08-02T22:30:45Z</time>
			</trkpt>
			<trkpt lat="35.09633728409187" lon="137.16348518552735">
				<ele>38.75770459976047</ele>
				<time>2026-08-02T22:30:46Z</time>
			</trkpt>
			<trkpt lat="35.09647183869973" lon="137.163485919689">
				<ele>38.687773077748716</ele>
				<time>2026-08-02T22:30:47Z</time>
			</trkpt>
			<trkpt lat="35.096601435618645" lon="137.16348560437478">
				<ele>38.77095672581345</ele>
				<time>2026-08-02T22:30:48Z</time>
			</trkpt>
			<trkpt lat="35.09674105066836" lon="137.1634845542688">
				<ele>38.75433740206063</ele>
				<time>2026-08-02T22:30:49Z</time>
			</trkpt>
			<trkpt lat="35.0968756402949" lon="137.16348247804385">
				<ele>38.62476610112935</ele>
				<time>2026-08-02T22:30:50Z</time>
			</trkpt>
			<trkpt lat="35.0970138180712" lon="137.16347631243718">
				<ele>38.67876845784485</ele>
				<time>2026-08-02T22:30:51Z</time>
			</trkpt>
			<trkpt lat="35.097151249696694" lon="137.1634776415978">
				<ele>38.93289821781218</ele>
				<time>2026-08-02T22:30:52Z</time>
			</trkpt>
			<trkpt lat="35.09728691419883" lon="137.16348354327044">
				<ele>38.76566760241985</ele>
				<time>2026-08-02T22:30:53Z</time>
			</trkpt>
			<trkpt lat="35.09741850983803" lon="137.16348699734525">
				<ele>39.01224694959819</ele>
				<time>2026-08-02T22:30:54Z</time>
			</trkpt>
			<trkpt lat="35.09754401272443" lon="137.16348947842627">
				<ele>39.076630640774965</ele>
				<time>2026-08-02T22:30:55Z</time>
			</trkpt>
			<trkpt lat="35.09767023476989" lon="137.16348910473354">
				<ele>39.05629312247038</ele>
				<time>2026-08-02T22:30:56Z</time>
			</trkpt>
			<trkpt lat="35.09781002938102" lon="137.16348345240226">
				<ele>39.0611531091854</ele>
				<time>2026-08-02T22:30:57Z</time>
			</trkpt>
			<trkpt lat="35.09794808186348" lon="137.16347389461055">
				<ele>38.97860977333039</ele>
				<time>2026-08-02T22:30:58Z</time>
			</trkpt>
			<trkpt lat="35.09807758141377" lon="137.16346846313812">
				<ele>39.05222111009061</ele>
				<time>2026-08-02T22:30:59Z</time>
			</trkpt>
			<trkpt lat="35.09820612081464" lon="137.1634675172937">
				<ele>38.94989224523306</ele>
				<time>2026-08-02T22:31:00Z</time>
			</trkpt>
			<trkpt lat="35.09833598352901" lon="137.16346602360457">
				<ele>38.98472691792995</ele>
				<time>2026-08-02T22:31:01Z</time>
			</trkpt>
			<trkpt lat="35.09847316994906" lon="137.16346638067427">
				<ele>39.28685586154461</ele>
				<time>2026-08-02T22:31:02Z</time>
			</trkpt>
			<trkpt lat="35.09860388278944" lon="137.16346403545577">
				<ele>39.08537114690989</ele>
				<time>2026-08-02T22:31:03Z</time>
			</trkpt>
			<trkpt lat="35.098734397809366" lon="137.16346648353039">
				<ele>38.89164984971285</ele>
				<time>2026-08-02T22:31:04Z</time>
			</trkpt>
			<trkpt lat="35.0988707295015" lon="137.1634672351716">
				<ele>39.12208969052881</ele>
				<time>2026-08-02T22:31:05Z</time>
			</trkpt>
			<trkpt lat="35.099002695471015" lon="137.16346684124522">
				<ele>39.31214426457882</ele>
				<time>2026-08-02T22:31:06Z</time>
			</trkpt>
			<trkpt lat="35.0991357416916" lon="137.16346724696228">
				<ele>39.328224941156805</ele>
				<time>2026-08-02T22:31:07Z</time>
			</trkpt>
			<trkpt lat="35.09926491484461" lon="137.16346791434418">
				<ele>39.42102222330868</ele>
				<time>2026-08-02T22:31:08Z</time>
			</trkpt>
			<trkpt lat="35.099400222254594" lon="137.16346765386794">
				<ele>39.57664647977799</ele>
				<time>2026-08-02T22:31:09Z</time>
			</trkpt>
			<trkpt lat="35.099530661834216" lon="137.1634677809878">
				<ele>39.51923612784594</ele>
				<time>2026-08-02T22:31:10Z</time>
			</trkpt>
			<trkpt lat="35.099662074705925" lon="137.16346968161812">
				<ele>39.39534688461572</ele>
				<time>2026-08-02T22:31:11Z</time>
			</trkpt>
			<trkpt lat="35.099792481866494" lon="137.1634726270773">
				<ele>39.60088333301246</ele>
				<time>2026-08-02T22:31:12Z</time>
			</trkpt>
			<trkpt lat="35.099927475835095" lon="137.16347740077">
				<ele>39.53676109481603</ele>
				<time>2026-08-02T22:31:13Z</time>
			</trkpt>
			<trkpt lat="35.100054093254094" lon="137.16347930546988">
				<ele>39.58377429749817</ele>
				<time>2026-08-02T22:31:14Z</time>
			</trkpt>
			<trkpt lat="35.100185550780004" lon="137.16348226497868">
				<ele>39.591961320489645</ele>
				<time>2026-08-02T22:31:15Z</time>
			</trkpt>
			<trkpt lat="35.10031577077069" lon="137.16348142799512">
				<ele>39.79693413618952</ele>
				<time>2026-08-02T22:31:16Z</time>
			</trkpt>
			<trkpt lat="35.10044644098931" lon="137.16348309428253">
				<ele>39.780259176157415</ele>
				<time>2026-08-02T22:31:17Z</time>
			</trkpt>
			<trkpt lat="35.100580064002344" lon="137.16348448280402">
				<ele>39.624725823290646</ele>
				<time>2026-08-02T22:31:18Z</time>
			</trkpt>
			<trkpt lat="35.100713229856474" lon="137.16348778870068">
				<ele>39.91821468807757</ele>
				<time>2026-08-02T22:31:19Z</time>
			</trkpt>
			<trkpt lat="35.10084774444372" lon="137.163489060649">
				<ele>39.72976144403219</ele>
				<time>2026-08-02T22:31:20Z</time>
			</trkpt>
			<trkpt lat="35.10097753701121" lon="137.16349040245652">
				<ele>39.70193099230528</ele>
				<time>2026-08-02T22:31:21Z</time>
			</trkpt>
			<trkpt lat="35.10111000868683" lon="137.1634920800038">
				<ele>39.8970778407529</ele>
				<time>2026-08-02T22:31:22Z</time>
			</trkpt>
			<trkpt lat="35.10123891914578" lon="137.1634918085732">
				<ele>39.60600443184376</ele>
				<time>2026-08-02T22:31:23Z</time>
			</trkpt>
			<trkpt lat="35.10136849067155" lon="137.1634917943837">
				<ele>40.121314090676606</ele>
				<time>2026-08-02T22:31:24Z</time>
			</trkpt>
			<trkpt lat="35.10148893294208" lon="137.16349125336674">
				<ele>39.90499814692885</ele>
				<time>2026-08-02T22:31:25Z</time>
			</trkpt>
			<trkpt lat="35.10161357003722" lon="137.16349389509068">
				<ele>39.89048117026687</ele>
				<time>2026-08-02T22:31:26Z</time>
			</trkpt>
			<trkpt lat="35.10173825301139" lon="137.16349851219724">
				<ele>40.10477427300066</ele>
				<time>2026-08-02T22:31:27Z</time>
			</trkpt>
			<trkpt lat="35.10186208528999" lon="137.16350017647866">
				<ele>39.72993591427803</ele>
				<time>2026-08-02T22:31:28Z</time>
			</trkpt>
			<trkpt lat="35.10199010190649" lon="137.16350267104605">
				<ele>39.99536866880953</ele>
				<time>2026-08-02T22:31:29Z</time>
			</trkpt>
			<trkpt lat="35.10211106609191" lon="137.16350525617037">
				<ele>40.14696610253304</ele>
				<time>2026-08-02T22:31:30Z</time>
			</trkpt>
			<trkpt lat="35.10223459604677" lon="137.16350429164441">
				<ele>39.949159420095384</ele>
				<time>2026-08-02T22:31:31Z</time>
			</trkpt>
			<trkpt lat="35.102350467347875" lon="137.16350349933774">
				<ele>40.357225835323334</ele>
				<time>2026-08-02T22:31:32Z</time>
			</trkpt>
			<trkpt lat="35.10247304822857" lon="137.16350160246978">
				<ele>40.08155014552176</ele>
				<time>2026-08-02T22:31:33Z</time>
			</trkpt>
			<trkpt lat="35.10259655263309" lon="137.16350119004255">
				<ele>40.1462146602571</ele>
				<time>2026-08-02T22:31:34Z</time>
			</trkpt>
			<trkpt lat="35.102719272079945" lon="137.16350321333815">
				<ele>40.12003777176142</ele>
				<time>2026-08-02T22:31:35Z</time>
			</trkpt>
			<trkpt lat="35.102842740133475" lon="137.16350482219084">
				<ele>40.730249635875225</ele>
				<time>2026-08-02T22:31:36Z</time>
			</trkpt>
			<trkpt lat="35.102961300027275" lon="137.16350441461563">
				<ele>40.876830006949604</ele>
				<time>2026-08-02T22:31:37Z</time>
			</trkpt>
			<trkpt lat="35.103072055038254" lon="137.16350426066234">
				<ele>41.018513527698815</ele>
				<time>2026-08-02T22:31:38Z</time>
			</trkpt>
			<trkpt lat="35.103181237266625" lon="137.16350439752114">
				<ele>40.82613859139383</ele>
				<time>2026-08-02T22:31:39Z</time>
			</trkpt>
			<trkpt lat="35.10328663910164" lon="137.16350211377957">
				<ele>40.87536502908915</ele>
				<time>2026-08-02T22:31:40Z</time>
			</trkpt>
			<trkpt lat="35.10338626126097" lon="137.1634983261452">
				<ele>41.01357959769666</ele>
				<time>2026-08-02T22:31:41Z</time>
			</trkpt>
			<trkpt lat="35.10347717104492" lon="137.16349990290647">
				<ele>41.23869639635086</ele>
				<time>2026-08-02T22:31:42Z</time>
			</trkpt>
			<trkpt lat="35.10356382856566" lon="137.16350069617974">
				<ele>40.865946950390935</ele>
				<time>2026-08-02T22:31:43Z</time>
			</trkpt>
			<trkpt lat="35.103652344519574" lon="137.16350257410153">
				<ele>41.04543385375291</ele>
				<time>2026-08-02T22:31:44Z</time>
			</trkpt>
			<trkpt lat="35.10373556744196" lon="137.1635035010258">
				<ele>41.15673496108502</ele>
				<time>2026-08-02T22:31:45Z</time>
			</trkpt>
			<trkpt lat="35.10381158840744" lon="137.1635038996303">
				<ele>41.14675400778651</ele>
				<time>2026-08-02T22:31:46Z</time>
			</trkpt>
			<trkpt lat="35.10388198793401" lon="137.16350427572922">
				<ele>41.322572828270495</ele>
				<time>2026-08-02T22:31:47Z</time>
			</trkpt>
			<trkpt lat="35.10393992104281" lon="137.16350338347894">
				<ele>41.040007488802075</ele>
				<time>2026-08-02T22:31:48Z</time>
			</trkpt>
			<trkpt lat="35.10399609977877" lon="137.16350354163228">
				<ele>41.09976005088538</ele>
				<time>2026-08-02T22:31:49Z</time>
			</trkpt>
			<trkpt lat="35.104042114841434" lon="137.16350767973216">
				<ele>41.09548736922443</ele>
				<time>2026-08-02T22:31:50Z</time>
			</trkpt>
			<trkpt lat="35.10408820282979" lon="137.16351232060427">
				<ele>41.13928903732449</ele>
				<time>2026-08-02T22:31:51Z</time>
			</trkpt>
			<trkpt lat="35.104129538462814" lon="137.16351776726626">
				<ele>41.29577132221311</ele>
				<time>2026-08-02T22:31:52Z</time>
			</trkpt>
			<trkpt lat="35.104166440935465" lon="137.16352730861223">
				<ele>41.598163546063006</ele>
				<time>2026-08-02T22:31:53Z</time>
			</trkpt>
			<trkpt lat="35.104199923438394" lon="137.16353267641807">
				<ele>41.864002430811524</ele>
				<time>2026-08-02T22:31:54Z</time>
			</trkpt>
			<trkpt lat="35.104229946854254" lon="137.16353493742903">
				<ele>42.127989841625094</ele>
				<time>2026-08-02T22:31:55Z</time>
			</trkpt>
			<trkpt lat="35.10425586813975" lon="137.16353664216157">
				<ele>42.29726890940219</ele>
				<time>2026-08-02T22:31:56Z</time>
			</trkpt>
			<trkpt lat="35.10427957151444" lon="137.1635356648669">
				<ele>42.410571404732764</ele>
				<time>2026-08-02T22:31:57Z</time>
			</trkpt>
			<trkpt lat="35.10430192569503" lon="137.16353319110033">
				<ele>42.47572697419673</ele>
				<time>2026-08-02T22:31:58Z</time>
			</trkpt>
			<trkpt lat="35.10425610805575" lon="137.16354413995623">
				<ele>43.65884514991194</ele>
				<time>2026-08-02T22:32:12Z</time>
			</trkpt>
			<trkpt lat="35.1042388795497" lon="137.16353510357592">
				<ele>44.797200235538185</ele>
				<time>2026-08-02T22:32:47Z</time>
			</trkpt>
			<trkpt lat="35.104284137949264" lon="137.16354231031687">
				<ele>44.510522892698646</ele>
				<time>2026-08-02T22:32:49Z</time>
			</trkpt>
			<trkpt lat="35.10431482166919" lon="137.16354706621223">
				<ele>44.38352333661169</ele>
				<time>2026-08-02T22:32:50Z</time>
			</trkpt>
			<trkpt lat="35.104345570185444" lon="137.1635446857617">
				<ele>44.04961827863008</ele>
				<time>2026-08-02T22:32:51Z</time>
			</trkpt>
			<trkpt lat="35.10438853333815" lon="137.16354488891582">
				<ele>43.83842587843537</ele>
				<time>2026-08-02T22:32:52Z</time>
			</trkpt>
			<trkpt lat="35.10444199994021" lon="137.16355090160846">
				<ele>44.0077941166237</ele>
				<time>2026-08-02T22:32:53Z</time>
			</trkpt>
			<trkpt lat="35.104508911018186" lon="137.16355525207993">
				<ele>44.191161846742034</ele>
				<time>2026-08-02T22:32:54Z</time>
			</trkpt>
			<trkpt lat="35.10457065947659" lon="137.16355821573254">
				<ele>44.231493482366204</ele>
				<time>2026-08-02T22:32:55Z</time>
			</trkpt>
			<trkpt lat="35.104643706688" lon="137.16355964304933">
				<ele>44.13291602395475</ele>
				<time>2026-08-02T22:32:56Z</time>
			</trkpt>
			<trkpt lat="35.104723136520406" lon="137.163564722143">
				<ele>44.31021140515804</ele>
				<time>2026-08-02T22:32:57Z</time>
			</trkpt>
			<trkpt lat="35.10480952835102" lon="137.16357717423608">
				<ele>44.309351436793804</ele>
				<time>2026-08-02T22:32:58Z</time>
			</trkpt>
			<trkpt lat="35.10490526322602" lon="137.16358752032198">
				<ele>44.78393429424614</ele>
				<time>2026-08-02T22:32:59Z</time>
			</trkpt>
			<trkpt lat="35.10500234548457" lon="137.1635914102131">
				<ele>44.50830036588013</ele>
				<time>2026-08-02T22:33:00Z</time>
			</trkpt>
			<trkpt lat="35.105102544947414" lon="137.16360227156787">
				<ele>44.90375148970634</ele>
				<time>2026-08-02T22:33:01Z</time>
			</trkpt>
			<trkpt lat="35.10520372675112" lon="137.16361147070356">
				<ele>44.98893267754465</ele>
				<time>2026-08-02T22:33:02Z</time>
			</trkpt>
			<trkpt lat="35.10531231941347" lon="137.1636191424412">
				<ele>44.97665171790868</ele>
				<time>2026-08-02T22:33:03Z</time>
			</trkpt>
			<trkpt lat="35.10542313840261" lon="137.16363348362577">
				<ele>45.537855512462556</ele>
				<time>2026-08-02T22:33:04Z</time>
			</trkpt>
			<trkpt lat="35.10553421518359" lon="137.16364912520538">
				<ele>45.74116512015462</ele>
				<time>2026-08-02T22:33:05Z</time>
			</trkpt>
			<trkpt lat="35.105657118492694" lon="137.1636616330041">
				<ele>46.27409816160798</ele>
				<time>2026-08-02T22:33:06Z</time>
			</trkpt>
			<trkpt lat="35.10577664971254" lon="137.1636784629595">
				<ele>46.701709487475455</ele>
				<time>2026-08-02T22:33:07Z</time>
			</trkpt>
			<trkpt lat="35.10589740036903" lon="137.16370044826795">
				<ele>47.28171085938811</ele>
				<time>2026-08-02T22:33:08Z</time>
			</trkpt>
			<trkpt lat="35.106021617443666" lon="137.16372755593946">
				<ele>48.04050705675036</ele>
				<time>2026-08-02T22:33:09Z</time>
			</trkpt>
			<trkpt lat="35.10614424233044" lon="137.16376354430554">
				<ele>48.43919958733022</ele>
				<time>2026-08-02T22:33:10Z</time>
			</trkpt>
			<trkpt lat="35.106279709177" lon="137.16380883239722">
				<ele>48.891133876517415</ele>
				<time>2026-08-02T22:33:11Z</time>
			</trkpt>
			<trkpt lat="35.10639098598983" lon="137.1638634429012">
				<ele>49.444544582627714</ele>
				<time>2026-08-02T22:33:12Z</time>
			</trkpt>
			<trkpt lat="35.10649686472774" lon="137.16392571703915">
				<ele>49.759070133790374</ele>
				<time>2026-08-02T22:33:13Z</time>
			</trkpt>
			<trkpt lat="35.106599311231186" lon="137.16399477594268">
				<ele>50.17545007355511</ele>
				<time>2026-08-02T22:33:14Z</time>
			</trkpt>
			<trkpt lat="35.10671087740758" lon="137.16407069202904">
				<ele>50.781941160559654</ele>
				<time>2026-08-02T22:33:15Z</time>
			</trkpt>
			<trkpt lat="35.10682409619718" lon="137.16414799641998">
				<ele>51.2127679316327</ele>
				<time>2026-08-02T22:33:16Z</time>
			</trkpt>
			<trkpt lat="35.10693223826858" lon="137.16422364071641">
				<ele>51.69095232337713</ele>
				<time>2026-08-02T22:33:17Z</time>
			</trkpt>
			<trkpt lat="35.10704203375687" lon="137.1643039688863">
				<ele>52.24302344862372</ele>
				<time>2026-08-02T22:33:18Z</time>
			</trkpt>
			<trkpt lat="35.10714859655134" lon="137.1643861646393">
				<ele>52.436884270980954</ele>
				<time>2026-08-02T22:33:19Z</time>
			</trkpt>
			<trkpt lat="35.10725883405285" lon="137.16446814235712">
				<ele>52.904705178923905</ele>
				<time>2026-08-02T22:33:20Z</time>
			</trkpt>
			<trkpt lat="35.10737064709927" lon="137.16454949270548">
				<ele>53.22324024233967</ele>
				<time>2026-08-02T22:33:21Z</time>
			</trkpt>
			<trkpt lat="35.107483650797775" lon="137.16462953277826">
				<ele>53.245582493022084</ele>
				<time>2026-08-02T22:33:22Z</time>
			</trkpt>
			<trkpt lat="35.107590346188765" lon="137.16471103662684">
				<ele>53.33632023166865</ele>
				<time>2026-08-02T22:33:23Z</time>
			</trkpt>
			<trkpt lat="35.10769715839117" lon="137.16479412822716">
				<ele>53.582814074121416</ele>
				<time>2026-08-02T22:33:24Z</time>
			</trkpt>
			<trkpt lat="35.10780860923363" lon="137.16487927926613">
				<ele>53.738640394993126</ele>
				<time>2026-08-02T22:33:25Z</time>
			</trkpt>
			<trkpt lat="35.10791192565856" lon="137.16496477896774">
				<ele>53.37346562277526</ele>
				<time>2026-08-02T22:33:26Z</time>
			</trkpt>
			<trkpt lat="35.108021052657385" lon="137.16504708048524">
				<ele>53.348817164078355</ele>
				<time>2026-08-02T22:33:27Z</time>
			</trkpt>
			<trkpt lat="35.10813584944394" lon="137.16512872646732">
				<ele>53.845169281587005</ele>
				<time>2026-08-02T22:33:28Z</time>
			</trkpt>
			<trkpt lat="35.10824529372849" lon="137.16521450191973">
				<ele>53.78570381179452</ele>
				<time>2026-08-02T22:33:29Z</time>
			</trkpt>
			<trkpt lat="35.10835731867037" lon="137.16530246149156">
				<ele>54.188518420793116</ele>
				<time>2026-08-02T22:33:30Z</time>
			</trkpt>
			<trkpt lat="35.10846953795488" lon="137.16538841358224">
				<ele>54.07485540397465</ele>
				<time>2026-08-02T22:33:31Z</time>
			</trkpt>
			<trkpt lat="35.108588299975445" lon="137.1654747050369">
				<ele>54.353486695326865</ele>
				<time>2026-08-02T22:33:32Z</time>
			</trkpt>
			<trkpt lat="35.10870556155858" lon="137.16556412464746">
				<ele>54.77947973180562</ele>
				<time>2026-08-02T22:33:33Z</time>
			</trkpt>
			<trkpt lat="35.10882476509804" lon="137.16564894314743">
				<ele>54.91909462120384</ele>
				<time>2026-08-02T22:33:34Z</time>
			</trkpt>
			<trkpt lat="35.10893685164908" lon="137.1657374459172">
				<ele>55.36865134164691</ele>
				<time>2026-08-02T22:33:35Z</time>
			</trkpt>
			<trkpt lat="35.109046804436666" lon="137.16582482453458">
				<ele>55.094970183447</ele>
				<time>2026-08-02T22:33:36Z</time>
			</trkpt>
			<trkpt lat="35.10915725629843" lon="137.1659121200273">
				<ele>55.23072165064514</ele>
				<time>2026-08-02T22:33:37Z</time>
			</trkpt>
			<trkpt lat="35.10926683046211" lon="137.16599970231118">
				<ele>55.81922012753785</ele>
				<time>2026-08-02T22:33:38Z</time>
			</trkpt>
			<trkpt lat="35.10937934977672" lon="137.16608719985598">
				<ele>55.85073018632829</ele>
				<time>2026-08-02T22:33:39Z</time>
			</trkpt>
			<trkpt lat="35.10948888735853" lon="137.16617337597063">
				<ele>55.76895006932318</ele>
				<time>2026-08-02T22:33:40Z</time>
			</trkpt>
			<trkpt lat="35.10959782445732" lon="137.16626161644376">
				<ele>55.70850587077439</ele>
				<time>2026-08-02T22:33:41Z</time>
			</trkpt>
			<trkpt lat="35.10970883199032" lon="137.16634972727817">
				<ele>56.046434939838946</ele>
				<time>2026-08-02T22:33:42Z</time>
			</trkpt>
			<trkpt lat="35.1098188856452" lon="137.16643726168627">
				<ele>55.7227577669546</ele>
				<time>2026-08-02T22:33:43Z</time>
			</trkpt>
			<trkpt lat="35.1099307840338" lon="137.16652205679355">
				<ele>55.83841600455344</ele>
				<time>2026-08-02T22:33:44Z</time>
			</trkpt>
			<trkpt lat="35.11004351511206" lon="137.16660497123374">
				<ele>55.74117817915976</ele>
				<time>2026-08-02T22:33:45Z</time>
			</trkpt>
			<trkpt lat="35.11015783737785" lon="137.16668203618318">
				<ele>55.60210671648383</ele>
				<time>2026-08-02T22:33:46Z</time>
			</trkpt>
			<trkpt lat="35.11027959850027" lon="137.16674235611922">
				<ele>55.71053534839302</ele>
				<time>2026-08-02T22:33:47Z</time>
			</trkpt>
			<trkpt lat="35.1104090458682" lon="137.16678737430257">
				<ele>55.44676657952368</ele>
				<time>2026-08-02T22:33:48Z</time>
			</trkpt>
			<trkpt lat="35.11053691177553" lon="137.16682153744546">
				<ele>55.07822617702186</ele>
				<time>2026-08-02T22:33:49Z</time>
			</trkpt>
			<trkpt lat="35.11066325314704" lon="137.16684267980875">
				<ele>55.04684294573963</ele>
				<time>2026-08-02T22:33:50Z</time>
			</trkpt>
			<trkpt lat="35.110793709495105" lon="137.16685116261885">
				<ele>54.81171584222466</ele>
				<time>2026-08-02T22:33:51Z</time>
			</trkpt>
			<trkpt lat="35.11093286035773" lon="137.16685137800775">
				<ele>55.19359921850264</ele>
				<time>2026-08-02T22:33:52Z</time>
			</trkpt>
			<trkpt lat="35.1110688070126" lon="137.16685065122016">
				<ele>55.32258678972721</ele>
				<time>2026-08-02T22:33:53Z</time>
			</trkpt>
			<trkpt lat="35.11120112715513" lon="137.1668484439027">
				<ele>55.109505793079734</ele>
				<time>2026-08-02T22:33:54Z</time>
			</trkpt>
			<trkpt lat="35.11133262000931" lon="137.16684435673866">
				<ele>54.954176620580256</ele>
				<time>2026-08-02T22:33:55Z</time>
			</trkpt>
			<trkpt lat="35.111461295034445" lon="137.16684388673963">
				<ele>54.85331879928708</ele>
				<time>2026-08-02T22:33:56Z</time>
			</trkpt>
			<trkpt lat="35.11159710313368" lon="137.16684614006545">
				<ele>54.838961460627615</ele>
				<time>2026-08-02T22:33:57Z</time>
			</trkpt>
			<trkpt lat="35.111729761710656" lon="137.1668505081069">
				<ele>54.41812357585877</ele>
				<time>2026-08-02T22:33:58Z</time>
			</trkpt>
			<trkpt lat="35.1118650261751" lon="137.1668501583643">
				<ele>53.815752593800426</ele>
				<time>2026-08-02T22:33:59Z</time>
			</trkpt>
			<trkpt lat="35.11200253645519" lon="137.16685595818134">
				<ele>53.17537158727646</ele>
				<time>2026-08-02T22:34:00Z</time>
			</trkpt>
			<trkpt lat="35.11214783323762" lon="137.16686871406534">
				<ele>53.004671952687204</ele>
				<time>2026-08-02T22:34:01Z</time>
			</trkpt>
			<trkpt lat="35.1122778076383" lon="137.16688124815948">
				<ele>52.08116627018899</ele>
				<time>2026-08-02T22:34:02Z</time>
			</trkpt>
			<trkpt lat="35.11240995531968" lon="137.16690280520083">
				<ele>52.057313833385706</ele>
				<time>2026-08-02T22:34:03Z</time>
			</trkpt>
			<trkpt lat="35.1125389494475" lon="137.16692785162346">
				<ele>51.638564217835665</ele>
				<time>2026-08-02T22:34:04Z</time>
			</trkpt>
			<trkpt lat="35.11266710307394" lon="137.16695613586018">
				<ele>51.60143780056387</ele>
				<time>2026-08-02T22:34:05Z</time>
			</trkpt>
			<trkpt lat="35.112794414741934" lon="137.16698947815675">
				<ele>51.6689377091825</ele>
				<time>2026-08-02T22:34:06Z</time>
			</trkpt>
			<trkpt lat="35.11292356201365" lon="137.16702518353407">
				<ele>51.58050466887653</ele>
				<time>2026-08-02T22:34:07Z</time>
			</trkpt>
			<trkpt lat="35.11305095634702" lon="137.167060357305">
				<ele>50.98594559263438</ele>
				<time>2026-08-02T22:34:08Z</time>
			</trkpt>
			<trkpt lat="35.113174948886964" lon="137.1670949893907">
				<ele>50.94661532435566</ele>
				<time>2026-08-02T22:34:09Z</time>
			</trkpt>
			<trkpt lat="35.113300474500605" lon="137.16713286125852">
				<ele>50.790174099616706</ele>
				<time>2026-08-02T22:34:10Z</time>
			</trkpt>
			<trkpt lat="35.113422904368235" lon="137.16716669714967">
				<ele>50.91662663128227</ele>
				<time>2026-08-02T22:34:11Z</time>
			</trkpt>
			<trkpt lat="35.11354379423824" lon="137.1672014887877">
				<ele>50.68376176524907</ele>
				<time>2026-08-02T22:34:12Z</time>
			</trkpt>
			<trkpt lat="35.11366356466864" lon="137.1672338915161">
				<ele>50.02997070457786</ele>
				<time>2026-08-02T22:34:13Z</time>
			</trkpt>
			<trkpt lat="35.11378171448664" lon="137.16726329343763">
				<ele>49.40828300733119</ele>
				<time>2026-08-02T22:34:14Z</time>
			</trkpt>
			<trkpt lat="35.11390353091578" lon="137.1672923061151">
				<ele>48.63057402148843</ele>
				<time>2026-08-02T22:34:15Z</time>
			</trkpt>
			<trkpt lat="35.11402071161377" lon="137.16731675177527">
				<ele>48.08449406083673</ele>
				<time>2026-08-02T22:34:16Z</time>
			</trkpt>
			<trkpt lat="35.114138520857374" lon="137.16733835253646">
				<ele>47.91553364880383</ele>
				<time>2026-08-02T22:34:17Z</time>
			</trkpt>
			<trkpt lat="35.11425501524893" lon="137.1673583150922">
				<ele>47.75474626477808</ele>
				<time>2026-08-02T22:34:18Z</time>
			</trkpt>
			<trkpt lat="35.11436640482969" lon="137.1673776661757">
				<ele>47.49389159400016</ele>
				<time>2026-08-02T22:34:19Z</time>
			</trkpt>
			<trkpt lat="35.1144742734954" lon="137.16739721242644">
				<ele>47.04961721971631</ele>
				<time>2026-08-02T22:34:20Z</time>
			</trkpt>
			<trkpt lat="35.11458122739567" lon="137.1674146576769">
				<ele>46.91876965947449</ele>
				<time>2026-08-02T22:34:21Z</time>
			</trkpt>
			<trkpt lat="35.11468854690786" lon="137.167432806359">
				<ele>46.74859504494816</ele>
				<time>2026-08-02T22:34:22Z</time>
			</trkpt>
			<trkpt lat="35.11479289252419" lon="137.16744787876746">
				<ele>46.996338094584644</ele>
				<time>2026-08-02T22:34:23Z</time>
			</trkpt>
			<trkpt lat="35.11489499338026" lon="137.1674621307931">
				<ele>46.893270700238645</ele>
				<time>2026-08-02T22:34:24Z</time>
			</trkpt>
			<trkpt lat="35.114994556504165" lon="137.16747624187093">
				<ele>46.883761742152274</ele>
				<time>2026-08-02T22:34:25Z</time>
			</trkpt>
			<trkpt lat="35.11508968694672" lon="137.16748905350426">
				<ele>46.96218900196254</ele>
				<time>2026-08-02T22:34:26Z</time>
			</trkpt>
			<trkpt lat="35.115184293660676" lon="137.16750264405223">
				<ele>47.1417526230216</ele>
				<time>2026-08-02T22:34:27Z</time>
			</trkpt>
			<trkpt lat="35.11526852769689" lon="137.16751657168626">
				<ele>47.1551949493587</ele>
				<time>2026-08-02T22:34:28Z</time>
			</trkpt>
			<trkpt lat="35.11536170482292" lon="137.16753321554242">
				<ele>47.510271647945046</ele>
				<time>2026-08-02T22:34:29Z</time>
			</trkpt>
			<trkpt lat="35.11545247169031" lon="137.16754821466077">
				<ele>47.9451655484736</ele>
				<time>2026-08-02T22:34:30Z</time>
			</trkpt>
			<trkpt lat="35.115541345763326" lon="137.16756276807277">
				<ele>47.93311329931021</ele>
				<time>2026-08-02T22:34:31Z</time>
			</trkpt>
			<trkpt lat="35.11562272030728" lon="137.16757920005082">
				<ele>48.11860827635974</ele>
				<time>2026-08-02T22:34:32Z</time>
			</trkpt>
			<trkpt lat="35.11570312799744" lon="137.16759063584905">
				<ele>48.190599497407675</ele>
				<time>2026-08-02T22:34:33Z</time>
			</trkpt>
			<trkpt lat="35.11578386229656" lon="137.1676034331612">
				<ele>48.31740591395646</ele>
				<time>2026-08-02T22:34:34Z</time>
			</trkpt>
			<trkpt lat="35.1158638573129" lon="137.1676158345715">
				<ele>48.72933990787715</ele>
				<time>2026-08-02T22:34:35Z</time>
			</trkpt>
			<trkpt lat="35.11593875333728" lon="137.1676280501313">
				<ele>48.93400408886373</ele>
				<time>2026-08-02T22:34:36Z</time>
			</trkpt>
			<trkpt lat="35.11600391003155" lon="137.16764035901443">
				<ele>48.930953974835575</ele>
				<time>2026-08-02T22:34:37Z</time>
			</trkpt>
			<trkpt lat="35.11606540233582" lon="137.16765319348224">
				<ele>49.25199122913182</ele>
				<time>2026-08-02T22:34:38Z</time>
			</trkpt>
			<trkpt lat="35.116117491263914" lon="137.16766444755066">
				<ele>49.41512297093868</ele>
				<time>2026-08-02T22:34:39Z</time>
			</trkpt>
			<trkpt lat="35.11615805511271" lon="137.16767006343724">
				<ele>49.44787140376866</ele>
				<time>2026-08-02T22:34:40Z</time>
			</trkpt>
			<trkpt lat="35.11618969540587" lon="137.16767415033587">
				<ele>49.417421942576766</ele>
				<time>2026-08-02T22:34:41Z</time>
			</trkpt>
			<trkpt lat="35.11621605224762" lon="137.16767789526105">
				<ele>49.4266763785854</ele>
				<time>2026-08-02T22:34:42Z</time>
			</trkpt>
			<trkpt lat="35.116240341292716" lon="137.16768070101455">
				<ele>49.57179112546146</ele>
				<time>2026-08-02T22:34:43Z</time>
			</trkpt>
			<trkpt lat="35.1162605067937" lon="137.16768518473788">
				<ele>49.76897819340229</ele>
				<time>2026-08-02T22:34:44Z</time>
			</trkpt>
			<trkpt lat="35.116279826523474" lon="137.1676879351472">
				<ele>49.917800831608474</ele>
				<time>2026-08-02T22:34:45Z</time>
			</trkpt>
			<trkpt lat="35.1163056393676" lon="137.16769104026633">
				<ele>50.098415416665375</ele>
				<time>2026-08-02T22:34:47Z</time>
			</trkpt>
			<trkpt lat="35.11632198672672" lon="137.16768042252457">
				<ele>53.211900430731475</ele>
				<time>2026-08-02T22:35:53Z</time>
			</trkpt>
			<trkpt lat="35.11635679164429" lon="137.16768755469704">
				<ele>52.87518165074289</ele>
				<time>2026-08-02T22:35:55Z</time>
			</trkpt>
			<trkpt lat="35.116389497111925" lon="137.1676937987711">
				<ele>52.76931145135313</ele>
				<time>2026-08-02T22:35:56Z</time>
			</trkpt>
			<trkpt lat="35.11642251138935" lon="137.16769910750276">
				<ele>52.791807568632066</ele>
				<time>2026-08-02T22:35:57Z</time>
			</trkpt>
			<trkpt lat="35.11645484743858" lon="137.16770403269607">
				<ele>52.548496208153665</ele>
				<time>2026-08-02T22:35:58Z</time>
			</trkpt>
			<trkpt lat="35.116489184965886" lon="137.16770971156305">
				<ele>52.330958526581526</ele>
				<time>2026-08-02T22:35:59Z</time>
			</trkpt>
			<trkpt lat="35.11652635261462" lon="137.167716010319">
				<ele>52.22277574427426</ele>
				<time>2026-08-02T22:36:00Z</time>
			</trkpt>
			<trkpt lat="35.116562760854166" lon="137.16772121015617">
				<ele>52.05391955841333</ele>
				<time>2026-08-02T22:36:01Z</time>
			</trkpt>
			<trkpt lat="35.11659708189252" lon="137.16772487579">
				<ele>52.02939587365836</ele>
				<time>2026-08-02T22:36:02Z</time>
			</trkpt>
			<trkpt lat="35.11662689448914" lon="137.16772870662913">
				<ele>51.83203413058072</ele>
				<time>2026-08-02T22:36:03Z</time>
			</trkpt>
			<trkpt lat="35.11665355668906" lon="137.16773345347616">
				<ele>51.77390596549958</ele>
				<time>2026-08-02T22:36:04Z</time>
			</trkpt>
			<trkpt lat="35.11667920826535" lon="137.16773822741192">
				<ele>51.730607870966196</ele>
				<time>2026-08-02T22:36:05Z</time>
			</trkpt>
			<trkpt lat="35.116704960827526" lon="137.16774129986015">
				<ele>51.63070465717465</ele>
				<time>2026-08-02T22:36:06Z</time>
			</trkpt>
			<trkpt lat="35.116728011241925" lon="137.16774527520062">
				<ele>51.53336894791573</ele>
				<time>2026-08-02T22:36:07Z</time>
			</trkpt>
			<trkpt lat="35.11675358246191" lon="137.16774872263574">
				<ele>51.57208820898086</ele>
				<time>2026-08-02T22:36:08Z</time>
			</trkpt>
			<trkpt lat="35.1167764094962" lon="137.1677519816041">
				<ele>51.403622035868466</ele>
				<time>2026-08-02T22:36:09Z</time>
			</trkpt>
			<trkpt lat="35.116796667669036" lon="137.16775479469644">
				<ele>51.21201955899596</ele>
				<time>2026-08-02T22:36:10Z</time>
			</trkpt>
			<trkpt lat="35.116824459269665" lon="137.16775810902553">
				<ele>51.259975753724575</ele>
				<time>2026-08-02T22:36:12Z</time>
			</trkpt>
			<trkpt lat="35.116848449325616" lon="137.16776644638307">
				<ele>53.36822675913572</ele>
				<time>2026-08-02T22:36:30Z</time>
			</trkpt>
			<trkpt lat="35.116866596939104" lon="137.16776926799074">
				<ele>53.54808885231614</ele>
				<time>2026-08-02T22:36:31Z</time>
			</trkpt>
			<trkpt lat="35.11688835655135" lon="137.16777191764788">
				<ele>53.46845296025276</ele>
				<time>2026-08-02T22:36:32Z</time>
			</trkpt>
			<trkpt lat="35.11691010326677" lon="137.16777577980847">
				<ele>53.532394419424236</ele>
				<time>2026-08-02T22:36:33Z</time>
			</trkpt>
			<trkpt lat="35.116930265738695" lon="137.16777912036864">
				<ele>53.59691807255149</ele>
				<time>2026-08-02T22:36:34Z</time>
			</trkpt>
			<trkpt lat="35.11695943587468" lon="137.16778288006762">
				<ele>53.68332157842815</ele>
				<time>2026-08-02T22:36:36Z</time>
			</trkpt>
			<trkpt lat="35.11698594458517" lon="137.1677774987045">
				<ele>53.06672013923526</ele>
				<time>2026-08-02T22:36:50Z</time>
			</trkpt>
			<trkpt lat="35.1170086837851" lon="137.16778154857764">
				<ele>53.11093248333782</ele>
				<time>2026-08-02T22:36:51Z</time>
			</trkpt>
			<trkpt lat="35.11703904726265" lon="137.16778737194318">
				<ele>53.12620246503502</ele>
				<time>2026-08-02T22:36:52Z</time>
			</trkpt>
			<trkpt lat="35.1170679957787" lon="137.1677912425503">
				<ele>53.24345779418945</ele>
				<time>2026-08-02T22:36:53Z</time>
			</trkpt>
			<trkpt lat="35.117097026797964" lon="137.16779437780403">
				<ele>53.23947645351291</ele>
				<time>2026-08-02T22:36:54Z</time>
			</trkpt>
			<trkpt lat="35.11712954902349" lon="137.16779759741826">
				<ele>53.22673892322928</ele>
				<time>2026-08-02T22:36:55Z</time>
			</trkpt>
			<trkpt lat="35.11716723026274" lon="137.16780215860226">
				<ele>53.39780683629215</ele>
				<time>2026-08-02T22:36:56Z</time>
			</trkpt>
			<trkpt lat="35.11720350576428" lon="137.167807302494">
				<ele>53.40475756581873</ele>
				<time>2026-08-02T22:36:57Z</time>
			</trkpt>
			<trkpt lat="35.11724213889869" lon="137.16781132089574">
				<ele>53.32436747197062</ele>
				<time>2026-08-02T22:36:58Z</time>
			</trkpt>
			<trkpt lat="35.11727845642296" lon="137.16781679700105">
				<ele>53.29247687011957</ele>
				<time>2026-08-02T22:36:59Z</time>
			</trkpt>
			<trkpt lat="35.11731736090519" lon="137.1678191874908">
				<ele>53.26792580913752</ele>
				<time>2026-08-02T22:37:00Z</time>
			</trkpt>
			<trkpt lat="35.117351722149564" lon="137.167823409735">
				<ele>53.194024314172566</ele>
				<time>2026-08-02T22:37:01Z</time>
			</trkpt>
			<trkpt lat="35.11737790218891" lon="137.1678282786822">
				<ele>53.13454157207161</ele>
				<time>2026-08-02T22:37:02Z</time>
			</trkpt>
			<trkpt lat="35.11739731574334" lon="137.1678304326784">
				<ele>52.926788236014545</ele>
				<time>2026-08-02T22:37:03Z</time>
			</trkpt>
			<trkpt lat="35.11743088740091" lon="137.1678387797054">
				<ele>52.82757089659572</ele>
				<time>2026-08-02T22:37:05Z</time>
			</trkpt>
			<trkpt lat="35.1174501401699" lon="137.16784517425017">
				<ele>52.85678694304079</ele>
				<time>2026-08-02T22:37:07Z</time>
			</trkpt>
			<trkpt lat="35.11747521636173" lon="137.1678629797008">
				<ele>52.291683563031256</ele>
				<time>2026-08-02T22:38:02Z</time>
			</trkpt>
			<trkpt lat="35.11750056363812" lon="137.16787010700693">
				<ele>52.47516497597098</ele>
				<time>2026-08-02T22:38:03Z</time>
			</trkpt>
			<trkpt lat="35.117532021486475" lon="137.16787660563742">
				<ele>52.51724340673536</ele>
				<time>2026-08-02T22:38:04Z</time>
			</trkpt>
			<trkpt lat="35.11756222948705" lon="137.16788185763477">
				<ele>52.58760269265622</ele>
				<time>2026-08-02T22:38:05Z</time>
			</trkpt>
			<trkpt lat="35.117595665913605" lon="137.1678860487239">
				<ele>52.46669855900109</ele>
				<time>2026-08-02T22:38:06Z</time>
			</trkpt>
			<trkpt lat="35.117629710034706" lon="137.16789103379276">
				<ele>52.35415266174823</ele>
				<time>2026-08-02T22:38:07Z</time>
			</trkpt>
			<trkpt lat="35.11767272426757" lon="137.167895643119">
				<ele>52.350984958931804</ele>
				<time>2026-08-02T22:38:08Z</time>
			</trkpt>
			<trkpt lat="35.11771634540688" lon="137.16790105501636">
				<ele>52.25901132170111</ele>
				<time>2026-08-02T22:38:09Z</time>
			</trkpt>
			<trkpt lat="35.11775486871048" lon="137.1679056940657">
				<ele>52.20555791631341</ele>
				<time>2026-08-02T22:38:10Z</time>
			</trkpt>
			<trkpt lat="35.11778929241158" lon="137.16791628544397">
				<ele>52.22378671634942</ele>
				<time>2026-08-02T22:38:11Z</time>
			</trkpt>
			<trkpt lat="35.11781987597926" lon="137.167921271339">
				<ele>52.06795911490917</ele>
				<time>2026-08-02T22:38:12Z</time>
			</trkpt>
			<trkpt lat="35.11784990735805" lon="137.1679241291821">
				<ele>52.19699050672352</ele>
				<time>2026-08-02T22:38:13Z</time>
			</trkpt>
			<trkpt lat="35.117870353921774" lon="137.16792663649107">
				<ele>52.20220665913075</ele>
				<time>2026-08-02T22:38:14Z</time>
			</trkpt>
			<trkpt lat="35.11789330539333" lon="137.16792615031494">
				<ele>52.02382053621113</ele>
				<time>2026-08-02T22:38:16Z</time>
			</trkpt>
			<trkpt lat="35.11791680754676" lon="137.16792583846998">
				<ele>52.009576700627804</ele>
				<time>2026-08-02T22:38:19Z</time>
			</trkpt>
			<trkpt lat="35.11794125389677" lon="137.1679293735018">
				<ele>51.86888792924583</ele>
				<time>2026-08-02T22:38:21Z</time>
			</trkpt>
			<trkpt lat="35.11796171507291" lon="137.1679328878936">
				<ele>51.97944290097803</ele>
				<time>2026-08-02T22:38:22Z</time>
			</trkpt>
			<trkpt lat="35.11798715872173" lon="137.1679372984948">
				<ele>52.06582196801901</ele>
				<time>2026-08-02T22:38:23Z</time>
			</trkpt>
			<trkpt lat="35.118008863080846" lon="137.16794181663292">
				<ele>52.076979629695415</ele>
				<time>2026-08-02T22:38:24Z</time>
			</trkpt>
			<trkpt lat="35.118029787803266" lon="137.1679442800261">
				<ele>52.22083175741136</ele>
				<time>2026-08-02T22:38:25Z</time>
			</trkpt>
			<trkpt lat="35.11805225445725" lon="137.16794849474567">
				<ele>52.31978895328939</ele>
				<time>2026-08-02T22:38:26Z</time>
			</trkpt>
			<trkpt lat="35.11807277850887" lon="137.1679497155584">
				<ele>52.558654447086155</ele>
				<time>2026-08-02T22:38:27Z</time>
			</trkpt>
			<trkpt lat="35.118099632733404" lon="137.16795211269582">
				<ele>52.439627160318196</ele>
				<time>2026-08-02T22:38:29Z</time>
			</trkpt>
			<trkpt lat="35.1181147234765" lon="137.16793984528405">
				<ele>53.262301441282034</ele>
				<time>2026-08-02T22:38:40Z</time>
			</trkpt>
			<trkpt lat="35.11813379784022" lon="137.1679378672976">
				<ele>56.631873639300466</ele>
				<time>2026-08-02T22:40:02Z</time>
			</trkpt>
			<trkpt lat="35.11815379895458" lon="137.16794709496116">
				<ele>55.66596724558622</ele>
				<time>2026-08-02T22:40:13Z</time>
			</trkpt>
			<trkpt lat="35.11817932487011" lon="137.1679542976378">
				<ele>55.60159198008478</ele>
				<time>2026-08-02T22:40:14Z</time>
			</trkpt>
			<trkpt lat="35.11820659569658" lon="137.16796043073808">
				<ele>55.362955684773624</ele>
				<time>2026-08-02T22:40:15Z</time>
			</trkpt>
			<trkpt lat="35.11823300250488" lon="137.16796836361218">
				<ele>55.10251658502966</ele>
				<time>2026-08-02T22:40:16Z</time>
			</trkpt>
			<trkpt lat="35.11827221493886" lon="137.1679762074938">
				<ele>54.825417035259306</ele>
				<time>2026-08-02T22:40:17Z</time>
			</trkpt>
			<trkpt lat="35.11831560395211" lon="137.16798830354517">
				<ele>54.805292727425694</ele>
				<time>2026-08-02T22:40:18Z</time>
			</trkpt>
			<trkpt lat="35.118367561801534" lon="137.1679970191629">
				<ele>54.750551640056074</ele>
				<time>2026-08-02T22:40:19Z</time>
			</trkpt>
			<trkpt lat="35.118414815468114" lon="137.16800631234446">
				<ele>54.68281339108944</ele>
				<time>2026-08-02T22:40:20Z</time>
			</trkpt>
			<trkpt lat="35.11846186070802" lon="137.16801343843827">
				<ele>54.565125673078</ele>
				<time>2026-08-02T22:40:21Z</time>
			</trkpt>
			<trkpt lat="35.118514846528925" lon="137.16801932655898">
				<ele>54.54015953093767</ele>
				<time>2026-08-02T22:40:22Z</time>
			</trkpt>
			<trkpt lat="35.11856765190696" lon="137.16802633842684">
				<ele>54.724938846193254</ele>
				<time>2026-08-02T22:40:23Z</time>
			</trkpt>
			<trkpt lat="35.118616006093745" lon="137.16803363173636">
				<ele>54.85228808876127</ele>
				<time>2026-08-02T22:40:24Z</time>
			</trkpt>
			<trkpt lat="35.11866535227569" lon="137.1680389009124">
				<ele>55.051666668616235</ele>
				<time>2026-08-02T22:40:25Z</time>
			</trkpt>
			<trkpt lat="35.118712104266" lon="137.16804305377593">
				<ele>55.0729398727417</ele>
				<time>2026-08-02T22:40:26Z</time>
			</trkpt>
			<trkpt lat="35.11875597325295" lon="137.16804913779373">
				<ele>55.01396107580513</ele>
				<time>2026-08-02T22:40:27Z</time>
			</trkpt>
			<trkpt lat="35.118796624481014" lon="137.1680540628114">
				<ele>54.901465240865946</ele>
				<time>2026-08-02T22:40:28Z</time>
			</trkpt>
			<trkpt lat="35.11884106666296" lon="137.1680585776882">
				<ele>55.043137452565134</ele>
				<time>2026-08-02T22:40:29Z</time>
			</trkpt>
			<trkpt lat="35.118886040260875" lon="137.1680645460039">
				<ele>55.062638820149004</ele>
				<time>2026-08-02T22:40:30Z</time>
			</trkpt>
			<trkpt lat="35.11893083483126" lon="137.16807014522925">
				<ele>55.196490093134344</ele>
				<time>2026-08-02T22:40:31Z</time>
			</trkpt>
			<trkpt lat="35.11896961831572" lon="137.16807499639697">
				<ele>55.18089681863785</ele>
				<time>2026-08-02T22:40:32Z</time>
			</trkpt>
			<trkpt lat="35.11900837580301" lon="137.16807847057765">
				<ele>55.167486873455346</ele>
				<time>2026-08-02T22:40:33Z</time>
			</trkpt>
			<trkpt lat="35.1190447826061" lon="137.16808288691635">
				<ele>55.1715006493032</ele>
				<time>2026-08-02T22:40:34Z</time>
			</trkpt>
			<trkpt lat="35.1190695723122" lon="137.1680852797802">
				<ele>55.35376347228885</ele>
				<time>2026-08-02T22:40:35Z</time>
			</trkpt>
			<trkpt lat="35.119088960439136" lon="137.16808595065365">
				<ele>55.48974033817649</ele>
				<time>2026-08-02T22:40:37Z</time>
			</trkpt>
			<trkpt lat="35.11910679564093" lon="137.16809118422728">
				<ele>57.66108996979892</ele>
				<time>2026-08-02T22:41:17Z</time>
			</trkpt>
			<trkpt lat="35.1191282779603" lon="137.168094142486">
				<ele>57.52779814135283</ele>
				<time>2026-08-02T22:41:18Z</time>
			</trkpt>
			<trkpt lat="35.11915723188745" lon="137.16809814929059">
				<ele>57.599254351109266</ele>
				<time>2026-08-02T22:41:19Z</time>
			</trkpt>
			<trkpt lat="35.11919084617562" lon="137.16810056042613">
				<ele>57.51584097277373</ele>
				<time>2026-08-02T22:41:20Z</time>
			</trkpt>
			<trkpt lat="35.11922381604359" lon="137.1681053558768">
				<ele>57.326057152822614</ele>
				<time>2026-08-02T22:41:21Z</time>
			</trkpt>
			<trkpt lat="35.119256098678676" lon="137.16810926330197">
				<ele>57.090244703926146</ele>
				<time>2026-08-02T22:41:22Z</time>
			</trkpt>
			<trkpt lat="35.119295912977464" lon="137.168112396711">
				<ele>56.933890687301755</ele>
				<time>2026-08-02T22:41:23Z</time>
			</trkpt>
			<trkpt lat="35.11934614901625" lon="137.16811611535744">
				<ele>57.01837924681604</ele>
				<time>2026-08-02T22:41:24Z</time>
			</trkpt>
			<trkpt lat="35.11939850401095" lon="137.16811967729973">
				<ele>57.02841986063868</ele>
				<time>2026-08-02T22:41:25Z</time>
			</trkpt>
			<trkpt lat="35.11945229110881" lon="137.16812242809095">
				<ele>56.9065414192155</ele>
				<time>2026-08-02T22:41:26Z</time>
			</trkpt>
			<trkpt lat="35.11951280417471" lon="137.16812575339935">
				<ele>56.78527595009655</ele>
				<time>2026-08-02T22:41:27Z</time>
			</trkpt>
			<trkpt lat="35.11957471651388" lon="137.16812895142291">
				<ele>56.505341462790966</ele>
				<time>2026-08-02T22:41:28Z</time>
			</trkpt>
			<trkpt lat="35.11964233410255" lon="137.16813011873936">
				<ele>56.40553289838135</ele>
				<time>2026-08-02T22:41:29Z</time>
			</trkpt>
			<trkpt lat="35.119707654624804" lon="137.16813033282563">
				<ele>56.251726446673274</ele>
				<time>2026-08-02T22:41:30Z</time>
			</trkpt>
			<trkpt lat="35.119771300194955" lon="137.16813096249265">
				<ele>56.27609794214368</ele>
				<time>2026-08-02T22:41:31Z</time>
			</trkpt>
			<trkpt lat="35.11983720524625" lon="137.1681269518793">
				<ele>56.32193415611982</ele>
				<time>2026-08-02T22:41:32Z</time>
			</trkpt>
			<trkpt lat="35.119909138663616" lon="137.1681197677552">
				<ele>56.33943475969136</ele>
				<time>2026-08-02T22:41:33Z</time>
			</trkpt>
			<trkpt lat="35.11998016859878" lon="137.16810911939376">
				<ele>56.47757951822132</ele>
				<time>2026-08-02T22:41:34Z</time>
			</trkpt>
			<trkpt lat="35.12005347400001" lon="137.16809614479976">
				<ele>56.50222271308303</ele>
				<time>2026-08-02T22:41:35Z</time>
			</trkpt>
			<trkpt lat="35.12011833929665" lon="137.1680539968342">
				<ele>56.54539779294282</ele>
				<time>2026-08-02T22:41:36Z</time>
			</trkpt>
			<trkpt lat="35.12018942610183" lon="137.16802954151362">
				<ele>56.268431407399476</ele>
				<time>2026-08-02T22:41:37Z</time>
			</trkpt>
			<trkpt lat="35.12025799017202" lon="137.16800052664453">
				<ele>56.08299228083342</ele>
				<time>2026-08-02T22:41:38Z</time>
			</trkpt>
			<trkpt lat="35.120328299334105" lon="137.16796617692958">
				<ele>55.90039949398488</ele>
				<time>2026-08-02T22:41:39Z</time>
			</trkpt>
			<trkpt lat="35.120407725896676" lon="137.16792831088293">
				<ele>55.7472731275484</ele>
				<time>2026-08-02T22:41:40Z</time>
			</trkpt>
			<trkpt lat="35.12047644189232" lon="137.16788199911005">
				<ele>55.58301445282996</ele>
				<time>2026-08-02T22:41:41Z</time>
			</trkpt>
			<trkpt lat="35.12054475939942" lon="137.1678373434208">
				<ele>55.68258505873382</ele>
				<time>2026-08-02T22:41:42Z</time>
			</trkpt>
			<trkpt lat="35.12061637569033" lon="137.16779018602685">
				<ele>55.522933749482036</ele>
				<time>2026-08-02T22:41:43Z</time>
			</trkpt>
			<trkpt lat="35.12067564507876" lon="137.16773891309637">
				<ele>55.20485354401171</ele>
				<time>2026-08-02T22:41:44Z</time>
			</trkpt>
			<trkpt lat="35.12073758493701" lon="137.167687175416">
				<ele>55.18206165358424</ele>
				<time>2026-08-02T22:41:45Z</time>
			</trkpt>
			<trkpt lat="35.12079666312233" lon="137.16763782813712">
				<ele>54.879276402294636</ele>
				<time>2026-08-02T22:41:46Z</time>
			</trkpt>
			<trkpt lat="35.12085442318227" lon="137.16758958267448">
				<ele>54.68337401561439</ele>
				<time>2026-08-02T22:41:47Z</time>
			</trkpt>
			<trkpt lat="35.12090728581779" lon="137.16754365631078">
				<ele>54.40887296292931</ele>
				<time>2026-08-02T22:41:48Z</time>
			</trkpt>
			<trkpt lat="35.120953971287825" lon="137.16750362901234">
				<ele>54.12250991631299</ele>
				<time>2026-08-02T22:41:49Z</time>
			</trkpt>
			<trkpt lat="35.12100323880354" lon="137.1674613877604">
				<ele>53.946027256548405</ele>
				<time>2026-08-02T22:41:50Z</time>
			</trkpt>
			<trkpt lat="35.12104921788361" lon="137.1674219661464">
				<ele>53.809974713250995</ele>
				<time>2026-08-02T22:41:51Z</time>
			</trkpt>
			<trkpt lat="35.12108956740009" lon="137.1673873710986">
				<ele>53.6457636365667</ele>
				<time>2026-08-02T22:41:52Z</time>
			</trkpt>
			<trkpt lat="35.1211267732075" lon="137.1673554716464">
				<ele>53.624876137822866</ele>
				<time>2026-08-02T22:41:53Z</time>
			</trkpt>
			<trkpt lat="35.121161303274256" lon="137.16732722892198">
				<ele>53.626673395745456</ele>
				<time>2026-08-02T22:41:54Z</time>
			</trkpt>
			<trkpt lat="35.12118174859652" lon="137.16731045737683">
				<ele>53.631118695251644</ele>
				<time>2026-08-02T22:41:55Z</time>
			</trkpt>
			<trkpt lat="35.121198732264986" lon="137.16729654902198">
				<ele>53.85230761393905</ele>
				<time>2026-08-02T22:41:56Z</time>
			</trkpt>
			<trkpt lat="35.12121452646132" lon="137.16728345488636">
				<ele>54.18061783351004</ele>
				<time>2026-08-02T22:42:01Z</time>
			</trkpt>
			<trkpt lat="35.12123006348573" lon="137.1672705737326">
				<ele>53.805423869751394</ele>
				<time>2026-08-02T22:42:11Z</time>
			</trkpt>
			<trkpt lat="35.12125139310215" lon="137.16725289016375">
				<ele>57.09750727750361</ele>
				<time>2026-08-02T22:42:53Z</time>
			</trkpt>
			<trkpt lat="35.121271610704895" lon="137.167236128542">
				<ele>57.239162172190845</ele>
				<time>2026-08-02T22:42:54Z</time>
			</trkpt>
			<trkpt lat="35.121295877142146" lon="137.16721601015212">
				<ele>57.12764899712056</ele>
				<time>2026-08-02T22:42:55Z</time>
			</trkpt>
			<trkpt lat="35.12131828989961" lon="137.16719742860866">
				<ele>57.17905468586832</ele>
				<time>2026-08-02T22:42:56Z</time>
			</trkpt>
			<trkpt lat="35.121343653671495" lon="137.1671764004847">
				<ele>57.16918817535043</ele>
				<time>2026-08-02T22:42:57Z</time>
			</trkpt>
			<trkpt lat="35.121374188400054" lon="137.16715108532156">
				<ele>57.37447305396199</ele>
				<time>2026-08-02T22:42:58Z</time>
			</trkpt>
			<trkpt lat="35.12140521581477" lon="137.16712536165795">
				<ele>57.426011743955314</ele>
				<time>2026-08-02T22:42:59Z</time>
			</trkpt>
			<trkpt lat="35.12143942651942" lon="137.16709699793506">
				<ele>57.44854683615267</ele>
				<time>2026-08-02T22:43:00Z</time>
			</trkpt>
			<trkpt lat="35.12147742955711" lon="137.16706549107826">
				<ele>57.60562886390835</ele>
				<time>2026-08-02T22:43:01Z</time>
			</trkpt>
			<trkpt lat="35.121518929263445" lon="137.1670310852584">
				<ele>57.62790318019688</ele>
				<time>2026-08-02T22:43:02Z</time>
			</trkpt>
			<trkpt lat="35.1215620447036" lon="137.1669953399039">
				<ele>57.64453736785799</ele>
				<time>2026-08-02T22:43:03Z</time>
			</trkpt>
			<trkpt lat="35.12160694231607" lon="137.16695811702078">
				<ele>57.68505510687828</ele>
				<time>2026-08-02T22:43:04Z</time>
			</trkpt>
			<trkpt lat="35.12165416022596" lon="137.16691897046212">
				<ele>57.64664288330823</ele>
				<time>2026-08-02T22:43:05Z</time>
			</trkpt>
			<trkpt lat="35.12170118025439" lon="137.16688003588692">
				<ele>57.90220101457089</ele>
				<time>2026-08-02T22:43:06Z</time>
			</trkpt>
			<trkpt lat="35.12174920414057" lon="137.16684036531146">
				<ele>57.82651323545724</ele>
				<time>2026-08-02T22:43:07Z</time>
			</trkpt>
			<trkpt lat="35.12179216244291" lon="137.16680487921354">
				<ele>58.60127755627036</ele>
				<time>2026-08-02T22:43:08Z</time>
			</trkpt>
			<trkpt lat="35.1218360693441" lon="137.1667686095343">
				<ele>58.67414088640362</ele>
				<time>2026-08-02T22:43:09Z</time>
			</trkpt>
			<trkpt lat="35.12189318291781" lon="137.16673360234398">
				<ele>58.60770757403225</ele>
				<time>2026-08-02T22:43:10Z</time>
			</trkpt>
			<trkpt lat="35.12194630426179" lon="137.16670236535444">
				<ele>58.48104090243578</ele>
				<time>2026-08-02T22:43:11Z</time>
			</trkpt>
			<trkpt lat="35.12199779498279" lon="137.16667030304885">
				<ele>58.515209280885756</ele>
				<time>2026-08-02T22:43:12Z</time>
			</trkpt>
			<trkpt lat="35.12205544450472" lon="137.1666071269559">
				<ele>59.086257074028254</ele>
				<time>2026-08-02T22:43:13Z</time>
			</trkpt>
			<trkpt lat="35.12211844591098" lon="137.16655046049638">
				<ele>59.2010865136981</ele>
				<time>2026-08-02T22:43:14Z</time>
			</trkpt>
			<trkpt lat="35.12218482697012" lon="137.16648237816727">
				<ele>59.2179235285148</ele>
				<time>2026-08-02T22:43:15Z</time>
			</trkpt>
			<trkpt lat="35.12224603633274" lon="137.16642812741725">
				<ele>59.375389262102544</ele>
				<time>2026-08-02T22:43:16Z</time>
			</trkpt>
			<trkpt lat="35.122308794996655" lon="137.16636799340773">
				<ele>59.37661960814148</ele>
				<time>2026-08-02T22:43:17Z</time>
			</trkpt>
			<trkpt lat="35.12237039727827" lon="137.16631559872707">
				<ele>59.52538179606199</ele>
				<time>2026-08-02T22:43:18Z</time>
			</trkpt>
			<trkpt lat="35.12242491607178" lon="137.16626394384167">
				<ele>59.536437964998186</ele>
				<time>2026-08-02T22:43:19Z</time>
			</trkpt>
			<trkpt lat="35.12247300865655" lon="137.16622035332057">
				<ele>59.57544466108084</ele>
				<time>2026-08-02T22:43:20Z</time>
			</trkpt>
			<trkpt lat="35.1225240465829" lon="137.16617567602012">
				<ele>59.589017008431256</ele>
				<time>2026-08-02T22:43:21Z</time>
			</trkpt>
			<trkpt lat="35.122575918947234" lon="137.1661375685097">
				<ele>59.62301870435476</ele>
				<time>2026-08-02T22:43:22Z</time>
			</trkpt>
			<trkpt lat="35.12262868773771" lon="137.1661018749226">
				<ele>59.83938220702112</ele>
				<time>2026-08-02T22:43:23Z</time>
			</trkpt>
			<trkpt lat="35.122678660596854" lon="137.166066995661">
				<ele>60.08941073808819</ele>
				<time>2026-08-02T22:43:24Z</time>
			</trkpt>
			<trkpt lat="35.122731702441435" lon="137.16603558893954">
				<ele>60.164225057698786</ele>
				<time>2026-08-02T22:43:25Z</time>
			</trkpt>
			<trkpt lat="35.122794220872194" lon="137.1660264921396">
				<ele>60.05948751792312</ele>
				<time>2026-08-02T22:43:26Z</time>
			</trkpt>
			<trkpt lat="35.122850096689966" lon="137.16600058292474">
				<ele>60.06013769097626</ele>
				<time>2026-08-02T22:43:27Z</time>
			</trkpt>
			<trkpt lat="35.12290293673854" lon="137.16597587158813">
				<ele>59.97041046619415</ele>
				<time>2026-08-02T22:43:28Z</time>
			</trkpt>
			<trkpt lat="35.1229591503944" lon="137.16594958214765">
				<ele>59.88853211514652</ele>
				<time>2026-08-02T22:43:29Z</time>
			</trkpt>
			<trkpt lat="35.12301803431752" lon="137.16594269549594">
				<ele>59.73077764175832</ele>
				<time>2026-08-02T22:43:30Z</time>
			</trkpt>
			<trkpt lat="35.12307740916116" lon="137.16592579794008">
				<ele>59.565057014115155</ele>
				<time>2026-08-02T22:43:31Z</time>
			</trkpt>
			<trkpt lat="35.12313592784315" lon="137.16590914395107">
				<ele>59.857134378515184</ele>
				<time>2026-08-02T22:43:32Z</time>
			</trkpt>
			<trkpt lat="35.12319481377734" lon="137.16589503963053">
				<ele>59.96037357579917</ele>
				<time>2026-08-02T22:43:33Z</time>
			</trkpt>
			<trkpt lat="35.123248821965454" lon="137.16588280984757">
				<ele>59.88371213898063</ele>
				<time>2026-08-02T22:43:34Z</time>
			</trkpt>
			<trkpt lat="35.1232987220753" lon="137.16587605480848">
				<ele>59.71735774539411</ele>
				<time>2026-08-02T22:43:35Z</time>
			</trkpt>
			<trkpt lat="35.12334526577069" lon="137.16586975413165">
				<ele>59.64912722352892</ele>
				<time>2026-08-02T22:43:36Z</time>
			</trkpt>
			<trkpt lat="35.12338760911935" lon="137.16586402206485">
				<ele>59.634465577080846</ele>
				<time>2026-08-02T22:43:37Z</time>
			</trkpt>
			<trkpt lat="35.12342114472436" lon="137.16585948231375">
				<ele>59.84617194440216</ele>
				<time>2026-08-02T22:43:38Z</time>
			</trkpt>
			<trkpt lat="35.12345095569141" lon="137.16585544677437">
				<ele>60.02797734551132</ele>
				<time>2026-08-02T22:43:39Z</time>
			</trkpt>
			<trkpt lat="35.123475263834955" lon="137.16583351469404">
				<ele>59.924104219302535</ele>
				<time>2026-08-02T22:43:40Z</time>
			</trkpt>
			<trkpt lat="35.1235018702011" lon="137.1658317558278">
				<ele>60.483484860509634</ele>
				<time>2026-08-02T22:43:41Z</time>
			</trkpt>
			<trkpt lat="35.12351456243014" lon="137.16585185386222">
				<ele>60.579190460033715</ele>
				<time>2026-08-02T22:43:42Z</time>
			</trkpt>
			<trkpt lat="35.12355048716924" lon="137.1658469462561">
				<ele>63.075911226682365</ele>
				<time>2026-08-02T22:44:03Z</time>
			</trkpt>
			<trkpt lat="35.123569510322554" lon="137.16586135958596">
				<ele>63.88237427920103</ele>
				<time>2026-08-02T22:44:44Z</time>
			</trkpt>
			<trkpt lat="35.12359145204092" lon="137.1658606682462">
				<ele>63.96586644090712</ele>
				<time>2026-08-02T22:44:45Z</time>
			</trkpt>
			<trkpt lat="35.123625036033054" lon="137.16586187792518">
				<ele>64.150529878214</ele>
				<time>2026-08-02T22:44:46Z</time>
			</trkpt>
			<trkpt lat="35.12365843459515" lon="137.16586133060775">
				<ele>64.20259022433311</ele>
				<time>2026-08-02T22:44:47Z</time>
			</trkpt>
			<trkpt lat="35.12369284856663" lon="137.16586253835766">
				<ele>64.49623992759734</ele>
				<time>2026-08-02T22:44:48Z</time>
			</trkpt>
			<trkpt lat="35.12373165934528" lon="137.16586635650995">
				<ele>64.58398372214288</ele>
				<time>2026-08-02T22:44:49Z</time>
			</trkpt>
			<trkpt lat="35.123780007731646" lon="137.16587199862462">
				<ele>64.78709448222071</ele>
				<time>2026-08-02T22:44:50Z</time>
			</trkpt>
			<trkpt lat="35.123835253418115" lon="137.16588088814532">
				<ele>64.83997743111104</ele>
				<time>2026-08-02T22:44:51Z</time>
			</trkpt>
			<trkpt lat="35.12388964598693" lon="137.1658916006553">
				<ele>64.9533388055861</ele>
				<time>2026-08-02T22:44:52Z</time>
			</trkpt>
			<trkpt lat="35.12394858351958" lon="137.16590373595346">
				<ele>64.95421527419239</ele>
				<time>2026-08-02T22:44:53Z</time>
			</trkpt>
			<trkpt lat="35.12401201062588" lon="137.16591705965243">
				<ele>64.83104599546641</ele>
				<time>2026-08-02T22:44:54Z</time>
			</trkpt>
			<trkpt lat="35.124071296617345" lon="137.1659309778272">
				<ele>64.40662976820022</ele>
				<time>2026-08-02T22:44:55Z</time>
			</trkpt>
			<trkpt lat="35.124130007876005" lon="137.16594917354024">
				<ele>64.2802920397371</ele>
				<time>2026-08-02T22:44:56Z</time>
			</trkpt>
			<trkpt lat="35.12419502141341" lon="137.16596661838815">
				<ele>63.93662254605442</ele>
				<time>2026-08-02T22:44:57Z</time>
			</trkpt>
			<trkpt lat="35.12425860725064" lon="137.16598231705618">
				<ele>63.83751736860722</ele>
				<time>2026-08-02T22:44:58Z</time>
			</trkpt>
			<trkpt lat="35.124319819812634" lon="137.16599696428202">
				<ele>63.59871437493712</ele>
				<time>2026-08-02T22:44:59Z</time>
			</trkpt>
			<trkpt lat="35.124379633914536" lon="137.16600943304508">
				<ele>63.307037805207074</ele>
				<time>2026-08-02T22:45:00Z</time>
			</trkpt>
			<trkpt lat="35.12443170028996" lon="137.16602138228964">
				<ele>63.27557693887502</ele>
				<time>2026-08-02T22:45:01Z</time>
			</trkpt>
			<trkpt lat="35.12449425799748" lon="137.16603151090365">
				<ele>63.33032568730414</ele>
				<time>2026-08-02T22:45:02Z</time>
			</trkpt>
			<trkpt lat="35.12454498189797" lon="137.1660440004182">
				<ele>63.10840606596321</ele>
				<time>2026-08-02T22:45:03Z</time>
			</trkpt>
			<trkpt lat="35.124594541154224" lon="137.1660525136996">
				<ele>62.63550185225904</ele>
				<time>2026-08-02T22:45:04Z</time>
			</trkpt>
			<trkpt lat="35.12464566713006" lon="137.16606178653234">
				<ele>62.3327518068254</ele>
				<time>2026-08-02T22:45:05Z</time>
			</trkpt>
			<trkpt lat="35.12469356969481" lon="137.16607031185714">
				<ele>62.337799784727395</ele>
				<time>2026-08-02T22:45:06Z</time>
			</trkpt>
			<trkpt lat="35.12473961421739" lon="137.16607863021343">
				<ele>62.00511990394443</ele>
				<time>2026-08-02T22:45:07Z</time>
			</trkpt>
			<trkpt lat="35.124786418979866" lon="137.16608673503944">
				<ele>61.70795635972172</ele>
				<time>2026-08-02T22:45:08Z</time>
			</trkpt>
			<trkpt lat="35.12483322192518" lon="137.166094769478">
				<ele>61.65837779920548</ele>
				<time>2026-08-02T22:45:09Z</time>
			</trkpt>
			<trkpt lat="35.12487750462583" lon="137.16610189424608">
				<ele>61.41768324468285</ele>
				<time>2026-08-02T22:45:10Z</time>
			</trkpt>
			<trkpt lat="35.124925719320814" lon="137.16610824607238">
				<ele>61.2893295167014</ele>
				<time>2026-08-02T22:45:11Z</time>
			</trkpt>
			<trkpt lat="35.12497705366234" lon="137.16611649905397">
				<ele>61.304646734148264</ele>
				<time>2026-08-02T22:45:12Z</time>
			</trkpt>
			<trkpt lat="35.12503944445226" lon="137.16612106031423">
				<ele>61.30398087017238</ele>
				<time>2026-08-02T22:45:13Z</time>
			</trkpt>
			<trkpt lat="35.125097125187416" lon="137.16612550926837">
				<ele>61.37966484948993</ele>
				<time>2026-08-02T22:45:14Z</time>
			</trkpt>
			<trkpt lat="35.1251681893041" lon="137.16612703676628">
				<ele>61.42965922970325</ele>
				<time>2026-08-02T22:45:15Z</time>
			</trkpt>
			<trkpt lat="35.125239696939666" lon="137.16612606791443">
				<ele>61.83210200443864</ele>
				<time>2026-08-02T22:45:16Z</time>
			</trkpt>
			<trkpt lat="35.125306883865115" lon="137.16612431333488">
				<ele>61.954182737506926</ele>
				<time>2026-08-02T22:45:17Z</time>
			</trkpt>
			<trkpt lat="35.12537134545465" lon="137.16611544119476">
				<ele>62.476546462625265</ele>
				<time>2026-08-02T22:45:18Z</time>
			</trkpt>
			<trkpt lat="35.12543086801161" lon="137.16610557785123">
				<ele>62.270279387012124</ele>
				<time>2026-08-02T22:45:19Z</time>
			</trkpt>
			<trkpt lat="35.125493830626965" lon="137.16609958276507">
				<ele>62.50349344313145</ele>
				<time>2026-08-02T22:45:20Z</time>
			</trkpt>
			<trkpt lat="35.12555073773337" lon="137.16609206410286">
				<ele>62.3800436751917</ele>
				<time>2026-08-02T22:45:21Z</time>
			</trkpt>
			<trkpt lat="35.12561715011629" lon="137.16608617727087">
				<ele>62.639900020323694</ele>
				<time>2026-08-02T22:45:22Z</time>
			</trkpt>
			<trkpt lat="35.12567430101483" lon="137.1660793211487">
				<ele>62.655342479236424</ele>
				<time>2026-08-02T22:45:23Z</time>
			</trkpt>
			<trkpt lat="35.1257364242657" lon="137.16607088651006">
				<ele>62.98348158411682</ele>
				<time>2026-08-02T22:45:24Z</time>
			</trkpt>
			<trkpt lat="35.12579796993753" lon="137.16606229417656">
				<ele>62.95577684510499</ele>
				<time>2026-08-02T22:45:25Z</time>
			</trkpt>
			<trkpt lat="35.12586147323339" lon="137.1660533948506">
				<ele>63.06922650244087</ele>
				<time>2026-08-02T22:45:26Z</time>
			</trkpt>
			<trkpt lat="35.125919569786944" lon="137.1660443867182">
				<ele>63.077656551264226</ele>
				<time>2026-08-02T22:45:27Z</time>
			</trkpt>
			<trkpt lat="35.12597603029837" lon="137.16603361531142">
				<ele>63.0631618257612</ele>
				<time>2026-08-02T22:45:28Z</time>
			</trkpt>
			<trkpt lat="35.126034227664064" lon="137.16602430576197">
				<ele>63.08499870635569</ele>
				<time>2026-08-02T22:45:29Z</time>
			</trkpt>
			<trkpt lat="35.126094732026004" lon="137.16601618827792">
				<ele>62.884123507887125</ele>
				<time>2026-08-02T22:45:30Z</time>
			</trkpt>
			<trkpt lat="35.12615229497813" lon="137.16600673126192">
				<ele>62.85232012346387</ele>
				<time>2026-08-02T22:45:31Z</time>
			</trkpt>
			<trkpt lat="35.12620898731476" lon="137.16599908110922">
				<ele>62.91980470251292</ele>
				<time>2026-08-02T22:45:32Z</time>
			</trkpt>
			<trkpt lat="35.12626696531029" lon="137.1659901665598">
				<ele>62.930726025253534</ele>
				<time>2026-08-02T22:45:33Z</time>
			</trkpt>
			<trkpt lat="35.12632438979632" lon="137.165979688193">
				<ele>62.79898782633245</ele>
				<time>2026-08-02T22:45:34Z</time>
			</trkpt>
			<trkpt lat="35.1263790446898" lon="137.16596836784186">
				<ele>62.75496363360435</ele>
				<time>2026-08-02T22:45:35Z</time>
			</trkpt>
			<trkpt lat="35.12643472298807" lon="137.1659560839253">
				<ele>62.88600509148091</ele>
				<time>2026-08-02T22:45:36Z</time>
			</trkpt>
			<trkpt lat="35.12649623470734" lon="137.16594335570161">
				<ele>63.06496356707066</ele>
				<time>2026-08-02T22:45:37Z</time>
			</trkpt>
			<trkpt lat="35.12655571453415" lon="137.16592765513818">
				<ele>63.076326358132064</ele>
				<time>2026-08-02T22:45:38Z</time>
			</trkpt>
			<trkpt lat="35.126615852676025" lon="137.16591362547786">
				<ele>63.351304612122476</ele>
				<time>2026-08-02T22:45:39Z</time>
			</trkpt>
			<trkpt lat="35.12667768741526" lon="137.16589735775958">
				<ele>63.596495201811194</ele>
				<time>2026-08-02T22:45:40Z</time>
			</trkpt>
			<trkpt lat="35.12673747866402" lon="137.1658805784788">
				<ele>63.58026133198291</ele>
				<time>2026-08-02T22:45:41Z</time>
			</trkpt>
			<trkpt lat="35.126798694536994" lon="137.16586300798346">
				<ele>63.680959166027606</ele>
				<time>2026-08-02T22:45:42Z</time>
			</trkpt>
			<trkpt lat="35.12685780370311" lon="137.16584433989263">
				<ele>63.56273778527975</ele>
				<time>2026-08-02T22:45:43Z</time>
			</trkpt>
			<trkpt lat="35.126916871468595" lon="137.16582563693154">
				<ele>63.66980219911784</ele>
				<time>2026-08-02T22:45:44Z</time>
			</trkpt>
			<trkpt lat="35.126974875650056" lon="137.16580669934675">
				<ele>63.54311028402299</ele>
				<time>2026-08-02T22:45:45Z</time>
			</trkpt>
			<trkpt lat="35.127029391330474" lon="137.16578888233101">
				<ele>63.32199043035507</ele>
				<time>2026-08-02T22:45:46Z</time>
			</trkpt>
			<trkpt lat="35.1270759512191" lon="137.1657703792237">
				<ele>63.0201155487448</ele>
				<time>2026-08-02T22:45:47Z</time>
			</trkpt>
			<trkpt lat="35.12711488000625" lon="137.16575567519618">
				<ele>62.841891288757324</ele>
				<time>2026-08-02T22:45:48Z</time>
			</trkpt>
			<trkpt lat="35.127145430303486" lon="137.16574437622612">
				<ele>62.69366937316954</ele>
				<time>2026-08-02T22:45:49Z</time>
			</trkpt>
			<trkpt lat="35.127165052821006" lon="137.16573780199025">
				<ele>62.58890211209655</ele>
				<time>2026-08-02T22:45:50Z</time>
			</trkpt>
			<trkpt lat="35.127182537437356" lon="137.1657297794114">
				<ele>62.46252615749836</ele>
				<time>2026-08-02T22:45:52Z</time>
			</trkpt>
			<trkpt lat="35.12721724467796" lon="137.16573031195063">
				<ele>64.61266662180424</ele>
				<time>2026-08-02T22:46:19Z</time>
			</trkpt>
			<trkpt lat="35.12723721203027" lon="137.1657250029719">
				<ele>64.61806634813547</ele>
				<time>2026-08-02T22:46:20Z</time>
			</trkpt>
			<trkpt lat="35.12726027391211" lon="137.16571691265656">
				<ele>64.47456662449986</ele>
				<time>2026-08-02T22:46:21Z</time>
			</trkpt>
			<trkpt lat="35.127283279290396" lon="137.1657094191642">
				<ele>64.3531039096415</ele>
				<time>2026-08-02T22:46:22Z</time>
			</trkpt>
			<trkpt lat="35.12730210845994" lon="137.1657043096341">
				<ele>63.90740555804223</ele>
				<time>2026-08-02T22:46:25Z</time>
			</trkpt>
			<trkpt lat="35.12734195095076" lon="137.16569663297665">
				<ele>63.50050999131054</ele>
				<time>2026-08-02T22:46:35Z</time>
			</trkpt>
			<trkpt lat="35.12736230208994" lon="137.1656915908462">
				<ele>63.43599366303533</ele>
				<time>2026-08-02T22:46:36Z</time>
			</trkpt>
			<trkpt lat="35.127383521017805" lon="137.16568539188455">
				<ele>63.39309802558273</ele>
				<time>2026-08-02T22:46:37Z</time>
			</trkpt>
			<trkpt lat="35.127405925713724" lon="137.16567842366592">
				<ele>63.34388495143503</ele>
				<time>2026-08-02T22:46:38Z</time>
			</trkpt>
			<trkpt lat="35.12742982104833" lon="137.16566934741502">
				<ele>63.28203729912639</ele>
				<time>2026-08-02T22:46:39Z</time>
			</trkpt>
			<trkpt lat="35.127455565646976" lon="137.16566080865147">
				<ele>63.3513910016045</ele>
				<time>2026-08-02T22:46:40Z</time>
			</trkpt>
			<trkpt lat="35.12748540394366" lon="137.16565242664845">
				<ele>63.45773899182677</ele>
				<time>2026-08-02T22:46:41Z</time>
			</trkpt>
			<trkpt lat="35.127508826028254" lon="137.16564451244506">
				<ele>63.40803405921906</ele>
				<time>2026-08-02T22:46:42Z</time>
			</trkpt>
			<trkpt lat="35.127537193792335" lon="137.16563445510866">
				<ele>63.71966997720301</ele>
				<time>2026-08-02T22:46:43Z</time>
			</trkpt>
			<trkpt lat="35.12755830521787" lon="137.16562686354837">
				<ele>63.69418720342219</ele>
				<time>2026-08-02T22:46:44Z</time>
			</trkpt>
			<trkpt lat="35.12758067237965" lon="137.16562068985073">
				<ele>63.48888262081891</ele>
				<time>2026-08-02T22:46:45Z</time>
			</trkpt>
			<trkpt lat="35.127599287987216" lon="137.16561350673362">
				<ele>63.226470299996436</ele>
				<time>2026-08-02T22:46:46Z</time>
			</trkpt>
			<trkpt lat="35.12762893863687" lon="137.1656083178993">
				<ele>63.68403488770127</ele>
				<time>2026-08-02T22:46:48Z</time>
			</trkpt>
			<trkpt lat="35.12764860437135" lon="137.1656006779274">
				<ele>63.42759228311479</ele>
				<time>2026-08-02T22:46:50Z</time>
			</trkpt>
			<trkpt lat="35.12768175010054" lon="137.16559208320234">
				<ele>63.84379858709872</ele>
				<time>2026-08-02T22:46:52Z</time>
			</trkpt>
			<trkpt lat="35.12770122312327" lon="137.16558582712278">
				<ele>63.90849680826068</ele>
				<time>2026-08-02T22:46:53Z</time>
			</trkpt>
			<trkpt lat="35.12772195502876" lon="137.16556188283744">
				<ele>63.82290287781507</ele>
				<time>2026-08-02T22:46:54Z</time>
			</trkpt>
			<trkpt lat="35.127747467524685" lon="137.165554433419">
				<ele>63.645825698040426</ele>
				<time>2026-08-02T22:46:55Z</time>
			</trkpt>
			<trkpt lat="35.1277736233674" lon="137.16554580842717">
				<ele>63.758007374592125</ele>
				<time>2026-08-02T22:46:56Z</time>
			</trkpt>
			<trkpt lat="35.12781448057616" lon="137.1655364982416">
				<ele>64.08457942213863</ele>
				<time>2026-08-02T22:46:57Z</time>
			</trkpt>
			<trkpt lat="35.127852718895376" lon="137.16552641240176">
				<ele>64.2694451417774</ele>
				<time>2026-08-02T22:46:58Z</time>
			</trkpt>
			<trkpt lat="35.12789329485293" lon="137.16551564056485">
				<ele>64.3732560351491</ele>
				<time>2026-08-02T22:46:59Z</time>
			</trkpt>
			<trkpt lat="35.1279338181479" lon="137.16550481264576">
				<ele>64.11556830909103</ele>
				<time>2026-08-02T22:47:00Z</time>
			</trkpt>
			<trkpt lat="35.12797226919377" lon="137.16549243919485">
				<ele>64.20023393444717</ele>
				<time>2026-08-02T22:47:01Z</time>
			</trkpt>
			<trkpt lat="35.12800900696448" lon="137.16547901332385">
				<ele>64.13409211393446</ele>
				<time>2026-08-02T22:47:02Z</time>
			</trkpt>
			<trkpt lat="35.12804608529215" lon="137.16546584817152">
				<ele>63.942475204356015</ele>
				<time>2026-08-02T22:47:03Z</time>
			</trkpt>
			<trkpt lat="35.1280868053339" lon="137.16545359558629">
				<ele>64.04415518697351</ele>
				<time>2026-08-02T22:47:04Z</time>
			</trkpt>
			<trkpt lat="35.12812593729577" lon="137.1654451486228">
				<ele>63.99216897971928</ele>
				<time>2026-08-02T22:47:05Z</time>
			</trkpt>
			<trkpt lat="35.12816847671733" lon="137.16543812806248">
				<ele>64.2839160906151</ele>
				<time>2026-08-02T22:47:06Z</time>
			</trkpt>
			<trkpt lat="35.12820998667076" lon="137.16543103743896">
				<ele>64.52337080147117</ele>
				<time>2026-08-02T22:47:07Z</time>
			</trkpt>
			<trkpt lat="35.12825242908525" lon="137.16542913007757">
				<ele>64.74547754134983</ele>
				<time>2026-08-02T22:47:08Z</time>
			</trkpt>
			<trkpt lat="35.12828691159039" lon="137.165428933881">
				<ele>64.66440824139863</ele>
				<time>2026-08-02T22:47:09Z</time>
			</trkpt>
			<trkpt lat="35.12831830310444" lon="137.1654270562637">
				<ele>64.53415116015822</ele>
				<time>2026-08-02T22:47:10Z</time>
			</trkpt>
			<trkpt lat="35.128336882270034" lon="137.16542568375476">
				<ele>64.47160454001278</ele>
				<time>2026-08-02T22:47:11Z</time>
			</trkpt>
			<trkpt lat="35.12835471434901" lon="137.16543073876875">
				<ele>64.41381280869246</ele>
				<time>2026-08-02T22:47:16Z</time>
			</trkpt>
			<trkpt lat="35.128377744751525" lon="137.1654329299617">
				<ele>63.91299134120345</ele>
				<time>2026-08-02T22:47:49Z</time>
			</trkpt>
			<trkpt lat="35.128416435656675" lon="137.16543320539174">
				<ele>63.607460878789425</ele>
				<time>2026-08-02T22:47:52Z</time>
			</trkpt>
			<trkpt lat="35.1284368753904" lon="137.16543363430102">
				<ele>63.534891915507615</ele>
				<time>2026-08-02T22:47:53Z</time>
			</trkpt>
			<trkpt lat="35.12846596086052" lon="137.1654344424941">
				<ele>63.38446536846459</ele>
				<time>2026-08-02T22:47:54Z</time>
			</trkpt>
			<trkpt lat="35.12849748926805" lon="137.16543580569564">
				<ele>63.20859996974468</ele>
				<time>2026-08-02T22:47:55Z</time>
			</trkpt>
			<trkpt lat="35.128537758168584" lon="137.165437751447">
				<ele>63.03856615256518</ele>
				<time>2026-08-02T22:47:56Z</time>
			</trkpt>
			<trkpt lat="35.12859142918656" lon="137.16544117676634">
				<ele>63.14187762886286</ele>
				<time>2026-08-02T22:47:57Z</time>
			</trkpt>
			<trkpt lat="35.128647175259665" lon="137.16544488915838">
				<ele>63.01535228267312</ele>
				<time>2026-08-02T22:47:58Z</time>
			</trkpt>
			<trkpt lat="35.12870298081372" lon="137.16544789857718">
				<ele>62.96353949792683</ele>
				<time>2026-08-02T22:47:59Z</time>
			</trkpt>
			<trkpt lat="35.1287599092296" lon="137.16545254715467">
				<ele>62.710394106805325</ele>
				<time>2026-08-02T22:48:00Z</time>
			</trkpt>
			<trkpt lat="35.12882051158691" lon="137.16545822001746">
				<ele>62.62616489082575</ele>
				<time>2026-08-02T22:48:01Z</time>
			</trkpt>
			<trkpt lat="35.128881242126006" lon="137.1654645668735">
				<ele>62.639737146906555</ele>
				<time>2026-08-02T22:48:02Z</time>
			</trkpt>
			<trkpt lat="35.12895321792495" lon="137.1654545507863">
				<ele>62.64375649765134</ele>
				<time>2026-08-02T22:48:03Z</time>
			</trkpt>
			<trkpt lat="35.129020421249066" lon="137.16546402806554">
				<ele>62.491185918450356</ele>
				<time>2026-08-02T22:48:04Z</time>
			</trkpt>
			<trkpt lat="35.12908818869422" lon="137.16547094267062">
				<ele>62.67794896289706</ele>
				<time>2026-08-02T22:48:05Z</time>
			</trkpt>
			<trkpt lat="35.12915570814911" lon="137.16547488004562">
				<ele>62.631421606987715</ele>
				<time>2026-08-02T22:48:06Z</time>
			</trkpt>
			<trkpt lat="35.12922204812423" lon="137.16547883195074">
				<ele>62.58810284268111</ele>
				<time>2026-08-02T22:48:07Z</time>
			</trkpt>
			<trkpt lat="35.12928849127461" lon="137.16548024925592">
				<ele>62.674375182017684</ele>
				<time>2026-08-02T22:48:08Z</time>
			</trkpt>
			<trkpt lat="35.129355889602415" lon="137.16548183358324">
				<ele>62.59961908310652</ele>
				<time>2026-08-02T22:48:09Z</time>
			</trkpt>
			<trkpt lat="35.129421275487225" lon="137.16548559274108">
				<ele>62.80686429515481</ele>
				<time>2026-08-02T22:48:10Z</time>
			</trkpt>
			<trkpt lat="35.12948411150577" lon="137.16548676946334">
				<ele>62.73924156650901</ele>
				<time>2026-08-02T22:48:11Z</time>
			</trkpt>
			<trkpt lat="35.12954309223936" lon="137.1654888496493">
				<ele>62.75221792142838</ele>
				<time>2026-08-02T22:48:12Z</time>
			</trkpt>
			<trkpt lat="35.12959985912455" lon="137.16549431791242">
				<ele>62.81925268750638</ele>
				<time>2026-08-02T22:48:13Z</time>
			</trkpt>
			<trkpt lat="35.12965011599235" lon="137.1654990198123">
				<ele>62.80346572492272</ele>
				<time>2026-08-02T22:48:14Z</time>
			</trkpt>
			<trkpt lat="35.12970110738156" lon="137.16550446479317">
				<ele>62.89168786071241</ele>
				<time>2026-08-02T22:48:15Z</time>
			</trkpt>
			<trkpt lat="35.1297486437698" lon="137.16550576859004">
				<ele>62.839372327551246</ele>
				<time>2026-08-02T22:48:16Z</time>
			</trkpt>
			<trkpt lat="35.12978479337425" lon="137.16550794055325">
				<ele>62.88346632197499</ele>
				<time>2026-08-02T22:48:17Z</time>
			</trkpt>
			<trkpt lat="35.12981269314248" lon="137.16550907494226">
				<ele>62.79128984268755</ele>
				<time>2026-08-02T22:48:18Z</time>
			</trkpt>
			<trkpt lat="35.129834638858746" lon="137.1655070718321">
				<ele>63.0034357663244</ele>
				<time>2026-08-02T22:48:20Z</time>
			</trkpt>
			<trkpt lat="35.12985020387112" lon="137.1655200828211">
				<ele>64.53951295092702</ele>
				<time>2026-08-02T22:48:50Z</time>
			</trkpt>
			<trkpt lat="35.12987688459726" lon="137.16552278677275">
				<ele>64.40737890079618</ele>
				<time>2026-08-02T22:48:51Z</time>
			</trkpt>
			<trkpt lat="35.12991266917043" lon="137.1655256181358">
				<ele>64.5017462586984</ele>
				<time>2026-08-02T22:48:52Z</time>
			</trkpt>
			<trkpt lat="35.129948510028896" lon="137.1655308235616">
				<ele>64.4560536518693</ele>
				<time>2026-08-02T22:48:53Z</time>
			</trkpt>
			<trkpt lat="35.129984589296576" lon="137.16553498880592">
				<ele>64.28835684247315</ele>
				<time>2026-08-02T22:48:54Z</time>
			</trkpt>
			<trkpt lat="35.130034732196286" lon="137.1655404355379">
				<ele>64.0708373291418</ele>
				<time>2026-08-02T22:48:55Z</time>
			</trkpt>
			<trkpt lat="35.130090399478" lon="137.1655464215952">
				<ele>63.99661688506603</ele>
				<time>2026-08-02T22:48:56Z</time>
			</trkpt>
			<trkpt lat="35.13013791180229" lon="137.16555352860374">
				<ele>63.90315687842667</ele>
				<time>2026-08-02T22:48:57Z</time>
			</trkpt>
			<trkpt lat="35.13019036012395" lon="137.16555739640827">
				<ele>63.910150981508195</ele>
				<time>2026-08-02T22:48:58Z</time>
			</trkpt>
			<trkpt lat="35.13023228698941" lon="137.16555319018042">
				<ele>63.973017087206244</ele>
				<time>2026-08-02T22:48:59Z</time>
			</trkpt>
			<trkpt lat="35.13026733830215" lon="137.165528134722">
				<ele>63.94577615894377</ele>
				<time>2026-08-02T22:49:00Z</time>
			</trkpt>
			<trkpt lat="35.13029926197337" lon="137.16548919042563">
				<ele>63.96784592140466</ele>
				<time>2026-08-02T22:49:01Z</time>
			</trkpt>
			<trkpt lat="35.130323994929185" lon="137.16547227574245">
				<ele>64.05738846771419</ele>
				<time>2026-08-02T22:49:02Z</time>
			</trkpt>
			<trkpt lat="35.130343987235676" lon="137.16537592863577">
				<ele>64.30328154750168</ele>
				<time>2026-08-02T22:49:03Z</time>
			</trkpt>
			<trkpt lat="35.13034135071468" lon="137.16531060715928">
				<ele>63.96973663661629</ele>
				<time>2026-08-02T22:49:04Z</time>
			</trkpt>
			<trkpt lat="35.13034564704321" lon="137.16523641534408">
				<ele>64.0515795238316</ele>
				<time>2026-08-02T22:49:05Z</time>
			</trkpt>
			<trkpt lat="35.13034965070278" lon="137.16516186033772">
				<ele>64.08290693815798</ele>
				<time>2026-08-02T22:49:06Z</time>
			</trkpt>
			<trkpt lat="35.130355735696895" lon="137.16508753711966">
				<ele>64.43188607599586</ele>
				<time>2026-08-02T22:49:07Z</time>
			</trkpt>
			<trkpt lat="35.13036319417281" lon="137.16501008247698">
				<ele>64.63874159939587</ele>
				<time>2026-08-02T22:49:08Z</time>
			</trkpt>
			<trkpt lat="35.13036888745692" lon="137.16493707357427">
				<ele>64.96850535366684</ele>
				<time>2026-08-02T22:49:09Z</time>
			</trkpt>
			<trkpt lat="35.13037424788057" lon="137.1648620843361">
				<ele>65.17261264286935</ele>
				<time>2026-08-02T22:49:10Z</time>
			</trkpt>
			<trkpt lat="35.130378048255636" lon="137.16479336422242">
				<ele>65.43787050340325</ele>
				<time>2026-08-02T22:49:11Z</time>
			</trkpt>
			<trkpt lat="35.1303846790272" lon="137.1647424649001">
				<ele>65.41236886102706</ele>
				<time>2026-08-02T22:49:12Z</time>
			</trkpt>
			<trkpt lat="35.13038688558369" lon="137.16469517333326">
				<ele>65.58724830392748</ele>
				<time>2026-08-02T22:49:13Z</time>
			</trkpt>
			<trkpt lat="35.13039012195402" lon="137.16466313529298">
				<ele>65.6695412620902</ele>
				<time>2026-08-02T22:49:14Z</time>
			</trkpt>
			<trkpt lat="35.13039315976636" lon="137.16463910983083">
				<ele>65.76586952153593</ele>
				<time>2026-08-02T22:49:15Z</time>
			</trkpt>
			<trkpt lat="35.13039423596693" lon="137.16461591813513">
				<ele>66.17341043893248</ele>
				<time>2026-08-02T22:49:17Z</time>
			</trkpt>
			<trkpt lat="35.13039789828769" lon="137.16457973227918">
				<ele>68.71952754072845</ele>
				<time>2026-08-02T22:49:26Z</time>
			</trkpt>
			<trkpt lat="35.1303996265339" lon="137.1645333166122">
				<ele>69.06036329455674</ele>
				<time>2026-08-02T22:49:28Z</time>
			</trkpt>
			<trkpt lat="35.1304022899504" lon="137.16450239317047">
				<ele>69.05072471406311</ele>
				<time>2026-08-02T22:49:29Z</time>
			</trkpt>
			<trkpt lat="35.13040478992664" lon="137.16446842498024">
				<ele>69.07481790706515</ele>
				<time>2026-08-02T22:49:30Z</time>
			</trkpt>
			<trkpt lat="35.130407160212535" lon="137.164439043919">
				<ele>68.89990780688822</ele>
				<time>2026-08-02T22:49:31Z</time>
			</trkpt>
			<trkpt lat="35.13040870091574" lon="137.16440605023544">
				<ele>68.74791441019624</ele>
				<time>2026-08-02T22:49:32Z</time>
			</trkpt>
			<trkpt lat="35.13040990844637" lon="137.16437218034412">
				<ele>68.47742364741862</ele>
				<time>2026-08-02T22:49:33Z</time>
			</trkpt>
			<trkpt lat="35.130409531299605" lon="137.16433607286635">
				<ele>68.05317836347967</ele>
				<time>2026-08-02T22:49:34Z</time>
			</trkpt>
			<trkpt lat="35.13041174230002" lon="137.16430655638194">
				<ele>67.67815382871777</ele>
				<time>2026-08-02T22:49:35Z</time>
			</trkpt>
			<trkpt lat="35.13041262160321" lon="137.16427503414772">
				<ele>67.46967935375869</ele>
				<time>2026-08-02T22:49:36Z</time>
			</trkpt>
			<trkpt lat="35.130416310513525" lon="137.16423738884484">
				<ele>67.64941291883588</ele>
				<time>2026-08-02T22:49:37Z</time>
			</trkpt>
			<trkpt lat="35.13041591458365" lon="137.16420382988034">
				<ele>67.3537737056613</ele>
				<time>2026-08-02T22:49:38Z</time>
			</trkpt>
			<trkpt lat="35.130416178724964" lon="137.16417616947768">
				<ele>67.0367272309959</ele>
				<time>2026-08-02T22:49:39Z</time>
			</trkpt>
			<trkpt lat="35.130420909629606" lon="137.16414561360847">
				<ele>67.16715155821294</ele>
				<time>2026-08-02T22:49:40Z</time>
			</trkpt>
			<trkpt lat="35.13042425271439" lon="137.16411801325722">
				<ele>67.13710019178689</ele>
				<time>2026-08-02T22:49:41Z</time>
			</trkpt>
			<trkpt lat="35.13042789925463" lon="137.16408836285308">
				<ele>67.32290947902948</ele>
				<time>2026-08-02T22:49:42Z</time>
			</trkpt>
			<trkpt lat="35.130431822744406" lon="137.16406463633118">
				<ele>67.23470814153552</ele>
				<time>2026-08-02T22:49:43Z</time>
			</trkpt>
			<trkpt lat="35.13043428894188" lon="137.1640414498366">
				<ele>67.37978102173656</ele>
				<time>2026-08-02T22:49:44Z</time>
			</trkpt>
			<trkpt lat="35.13043450424172" lon="137.1640018013272">
				<ele>67.87105478718877</ele>
				<time>2026-08-02T22:49:46Z</time>
			</trkpt>
			<trkpt lat="35.130434588955374" lon="137.16396602828115">
				<ele>67.97757298406214</ele>
				<time>2026-08-02T22:49:48Z</time>
			</trkpt>
			<trkpt lat="35.13043635185665" lon="137.16394274094458">
				<ele>68.61098971311003</ele>
				<time>2026-08-02T22:49:50Z</time>
			</trkpt>
			<trkpt lat="35.130439606072215" lon="137.16390092544862">
				<ele>68.70277647022158</ele>
				<time>2026-08-02T22:49:52Z</time>
			</trkpt>
			<trkpt lat="35.13043797847739" lon="137.16386385261438">
				<ele>68.4184075044468</ele>
				<time>2026-08-02T22:49:54Z</time>
			</trkpt>
			<trkpt lat="35.130438403879054" lon="137.16382934495866">
				<ele>68.17179452162236</ele>
				<time>2026-08-02T22:49:56Z</time>
			</trkpt>
			<trkpt lat="35.13043916212039" lon="137.1637950427019">
				<ele>66.37085614167154</ele>
				<time>2026-08-02T22:50:08Z</time>
			</trkpt>
			<trkpt lat="35.130441156192134" lon="137.16376025913578">
				<ele>66.06897427327931</ele>
				<time>2026-08-02T22:50:09Z</time>
			</trkpt>
			<trkpt lat="35.13044469729061" lon="137.16372457276714">
				<ele>66.15036646462977</ele>
				<time>2026-08-02T22:50:10Z</time>
			</trkpt>
			<trkpt lat="35.13044577297689" lon="137.1636913006374">
				<ele>66.1695499997586</ele>
				<time>2026-08-02T22:50:11Z</time>
			</trkpt>
			<trkpt lat="35.13044724621769" lon="137.16366263908833">
				<ele>65.75048775505275</ele>
				<time>2026-08-02T22:50:12Z</time>
			</trkpt>
			<trkpt lat="35.13044207401284" lon="137.16362444461734">
				<ele>66.23516674339771</ele>
				<time>2026-08-02T22:50:13Z</time>
			</trkpt>
			<trkpt lat="35.13044347093798" lon="137.16359792494612">
				<ele>66.41834029275924</ele>
				<time>2026-08-02T22:50:14Z</time>
			</trkpt>
			<trkpt lat="35.13044798609782" lon="137.1635585029626">
				<ele>67.07973682135344</ele>
				<time>2026-08-02T22:50:15Z</time>
			</trkpt>
			<trkpt lat="35.13044885642047" lon="137.16351459300031">
				<ele>68.04179455712438</ele>
				<time>2026-08-02T22:50:16Z</time>
			</trkpt>
			<trkpt lat="35.13044894276578" lon="137.16348433007758">
				<ele>68.71796629857272</ele>
				<time>2026-08-02T22:50:17Z</time>
			</trkpt>
			<trkpt lat="35.130452732724564" lon="137.16345895815107">
				<ele>69.12665185611695</ele>
				<time>2026-08-02T22:50:18Z</time>
			</trkpt>
			<trkpt lat="35.13045439167292" lon="137.16343295357987">
				<ele>69.18152387067676</ele>
				<time>2026-08-02T22:50:20Z</time>
			</trkpt>
			<trkpt lat="35.130456544989826" lon="137.163394685284">
				<ele>68.16910923272371</ele>
				<time>2026-08-02T22:50:48Z</time>
			</trkpt>
			<trkpt lat="35.13045957685869" lon="137.1633696688528">
				<ele>68.2532030204311</ele>
				<time>2026-08-02T22:50:49Z</time>
			</trkpt>
			<trkpt lat="35.13046298480203" lon="137.16334508912757">
				<ele>67.94123387429863</ele>
				<time>2026-08-02T22:50:50Z</time>
			</trkpt>
			<trkpt lat="35.13046388579325" lon="137.1633208830894">
				<ele>68.04675548430532</ele>
				<time>2026-08-02T22:50:51Z</time>
			</trkpt>
			<trkpt lat="35.130466812805885" lon="137.16329508542128">
				<ele>68.04772820789367</ele>
				<time>2026-08-02T22:50:52Z</time>
			</trkpt>
			<trkpt lat="35.1304695811879" lon="137.1632679138675">
				<ele>68.18432984314859</ele>
				<time>2026-08-02T22:50:53Z</time>
			</trkpt>
			<trkpt lat="35.13047115447281" lon="137.1632392675785">
				<ele>68.39340157527477</ele>
				<time>2026-08-02T22:50:54Z</time>
			</trkpt>
			<trkpt lat="35.13047231793572" lon="137.16321235673573">
				<ele>68.7029408654198</ele>
				<time>2026-08-02T22:50:55Z</time>
			</trkpt>
			<trkpt lat="35.130473579939284" lon="137.16318470358843">
				<ele>69.0335085671395</ele>
				<time>2026-08-02T22:50:56Z</time>
			</trkpt>
			<trkpt lat="35.13047585770825" lon="137.16316108117212">
				<ele>69.137549912557</ele>
				<time>2026-08-02T22:50:57Z</time>
			</trkpt>
			<trkpt lat="35.13047664334761" lon="137.16313269948054">
				<ele>69.14336993638426</ele>
				<time>2026-08-02T22:50:58Z</time>
			</trkpt>
			<trkpt lat="35.13047671549867" lon="137.16310137449938">
				<ele>69.21307816170156</ele>
				<time>2026-08-02T22:50:59Z</time>
			</trkpt>
			<trkpt lat="35.13047904269117" lon="137.16307086889464">
				<ele>69.25218881387264</ele>
				<time>2026-08-02T22:51:00Z</time>
			</trkpt>
			<trkpt lat="35.13048162252763" lon="137.16304246155678">
				<ele>69.36050117667764</ele>
				<time>2026-08-02T22:51:01Z</time>
			</trkpt>
			<trkpt lat="35.13048337618337" lon="137.1630141206153">
				<ele>69.2174721788615</ele>
				<time>2026-08-02T22:51:02Z</time>
			</trkpt>
			<trkpt lat="35.13048527903583" lon="137.162986465971">
				<ele>69.1608813079074</ele>
				<time>2026-08-02T22:51:03Z</time>
			</trkpt>
			<trkpt lat="35.13048772104852" lon="137.16295918796524">
				<ele>69.12530446704477</ele>
				<time>2026-08-02T22:51:04Z</time>
			</trkpt>
			<trkpt lat="35.130490225516766" lon="137.16293502640008">
				<ele>69.33576249144971</ele>
				<time>2026-08-02T22:51:05Z</time>
			</trkpt>
			<trkpt lat="35.130493106982605" lon="137.16290699505515">
				<ele>69.54271735344082</ele>
				<time>2026-08-02T22:51:06Z</time>
			</trkpt>
			<trkpt lat="35.13049897360473" lon="137.16287201344784">
				<ele>70.49148456379771</ele>
				<time>2026-08-02T22:51:07Z</time>
			</trkpt>
			<trkpt lat="35.13050194325101" lon="137.16284570809896">
				<ele>71.12337907683104</ele>
				<time>2026-08-02T22:51:08Z</time>
			</trkpt>
			<trkpt lat="35.13050395207237" lon="137.1628158394874">
				<ele>71.69964636582881</ele>
				<time>2026-08-02T22:51:09Z</time>
			</trkpt>
			<trkpt lat="35.13050796457133" lon="137.16279056143355">
				<ele>72.23858556803316</ele>
				<time>2026-08-02T22:51:10Z</time>
			</trkpt>
			<trkpt lat="35.13050930414326" lon="137.162765536507">
				<ele>72.61957847326994</ele>
				<time>2026-08-02T22:51:11Z</time>
			</trkpt>
			<trkpt lat="35.1305130150129" lon="137.16271884438066">
				<ele>73.01594039611518</ele>
				<time>2026-08-02T22:51:13Z</time>
			</trkpt>
			<trkpt lat="35.130518437303074" lon="137.16268169579317">
				<ele>73.24901471845806</ele>
				<time>2026-08-02T22:51:15Z</time>
			</trkpt>
			<trkpt lat="35.130520906355606" lon="137.16264583453057">
				<ele>73.50256026163697</ele>
				<time>2026-08-02T22:51:17Z</time>
			</trkpt>
			<trkpt lat="35.130522302916326" lon="137.16260854094324">
				<ele>73.68271006457508</ele>
				<time>2026-08-02T22:51:19Z</time>
			</trkpt>
			<trkpt lat="35.13052414070642" lon="137.1625736593189">
				<ele>74.12740315962583</ele>
				<time>2026-08-02T22:51:21Z</time>
			</trkpt>
			<trkpt lat="35.130524490556404" lon="137.16255055112046">
				<ele>74.39552414231002</ele>
				<time>2026-08-02T22:51:22Z</time>
			</trkpt>
			<trkpt lat="35.130526127862204" lon="137.16251866702228">
				<ele>74.6905797412619</ele>
				<time>2026-08-02T22:51:23Z</time>
			</trkpt>
			<trkpt lat="35.130527495016025" lon="137.16248958216363">
				<ele>74.91681929770857</ele>
				<time>2026-08-02T22:51:24Z</time>
			</trkpt>
			<trkpt lat="35.13052874869881" lon="137.1624636091659">
				<ele>74.88563376106322</ele>
				<time>2026-08-02T22:51:25Z</time>
			</trkpt>
			<trkpt lat="35.13052900545117" lon="137.16243922833968">
				<ele>74.8494451707229</ele>
				<time>2026-08-02T22:51:26Z</time>
			</trkpt>
			<trkpt lat="35.130529852985056" lon="137.16241593177818">
				<ele>74.92555936612189</ele>
				<time>2026-08-02T22:51:27Z</time>
			</trkpt>
			<trkpt lat="35.13053114395929" lon="137.16239027963462">
				<ele>74.39994121529162</ele>
				<time>2026-08-02T22:51:29Z</time>
			</trkpt>
			<trkpt lat="35.1305217300554" lon="137.16237102206074">
				<ele>73.8242703191936</ele>
				<time>2026-08-02T22:51:44Z</time>
			</trkpt>
			<trkpt lat="35.13052785233301" lon="137.16232251708684">
				<ele>72.8613684559241</ele>
				<time>2026-08-02T22:51:49Z</time>
			</trkpt>
			<trkpt lat="35.13053118369209" lon="137.16228210393734">
				<ele>72.49209877569228</ele>
				<time>2026-08-02T22:51:50Z</time>
			</trkpt>
			<trkpt lat="35.13053213073577" lon="137.16223965208434">
				<ele>72.51056451629847</ele>
				<time>2026-08-02T22:51:51Z</time>
			</trkpt>
			<trkpt lat="35.130533643564185" lon="137.1621913415857">
				<ele>72.39697737060487</ele>
				<time>2026-08-02T22:51:52Z</time>
			</trkpt>
			<trkpt lat="35.13053535891233" lon="137.16213061606436">
				<ele>72.48097865842283</ele>
				<time>2026-08-02T22:51:53Z</time>
			</trkpt>
			<trkpt lat="35.13053678581639" lon="137.16206573574797">
				<ele>72.35395704116672</ele>
				<time>2026-08-02T22:51:54Z</time>
			</trkpt>
			<trkpt lat="35.13053623399151" lon="137.16199833234063">
				<ele>72.32867759373039</ele>
				<time>2026-08-02T22:51:55Z</time>
			</trkpt>
			<trkpt lat="35.13053335771538" lon="137.1619306598892">
				<ele>72.32359965983778</ele>
				<time>2026-08-02T22:51:56Z</time>
			</trkpt>
			<trkpt lat="35.130529946340154" lon="137.16186489754529">
				<ele>72.11048435326666</ele>
				<time>2026-08-02T22:51:57Z</time>
			</trkpt>
			<trkpt lat="35.13052586846994" lon="137.16180114070121">
				<ele>72.14445447921753</ele>
				<time>2026-08-02T22:51:58Z</time>
			</trkpt>
			<trkpt lat="35.130520531526635" lon="137.16173980928767">
				<ele>72.43369793891907</ele>
				<time>2026-08-02T22:51:59Z</time>
			</trkpt>
			<trkpt lat="35.13051373656086" lon="137.16167820734617">
				<ele>72.49672753270715</ele>
				<time>2026-08-02T22:52:00Z</time>
			</trkpt>
			<trkpt lat="35.13050761650498" lon="137.1616233293047">
				<ele>72.50996746402234</ele>
				<time>2026-08-02T22:52:01Z</time>
			</trkpt>
			<trkpt lat="35.130499663062295" lon="137.1615665804">
				<ele>72.4050647765398</ele>
				<time>2026-08-02T22:52:02Z</time>
			</trkpt>
			<trkpt lat="35.130490792166995" lon="137.16151481458024">
				<ele>72.11411875858903</ele>
				<time>2026-08-02T22:52:03Z</time>
			</trkpt>
			<trkpt lat="35.13048231510594" lon="137.16146383508394">
				<ele>71.92054296843708</ele>
				<time>2026-08-02T22:52:04Z</time>
			</trkpt>
			<trkpt lat="35.13047363624066" lon="137.16141202488834">
				<ele>71.582943841815</ele>
				<time>2026-08-02T22:52:05Z</time>
			</trkpt>
			<trkpt lat="35.130464784142596" lon="137.16136234020053">
				<ele>71.35652287583798</ele>
				<time>2026-08-02T22:52:06Z</time>
			</trkpt>
			<trkpt lat="35.13045446569785" lon="137.16131204318864">
				<ele>71.245136260055</ele>
				<time>2026-08-02T22:52:07Z</time>
			</trkpt>
			<trkpt lat="35.13044689821432" lon="137.16126469475017">
				<ele>70.95084667392075</ele>
				<time>2026-08-02T22:52:08Z</time>
			</trkpt>
			<trkpt lat="35.130437908093526" lon="137.16121820028508">
				<ele>70.76327977143228</ele>
				<time>2026-08-02T22:52:09Z</time>
			</trkpt>
			<trkpt lat="35.13043047253672" lon="137.16117097387266">
				<ele>70.51780668459833</ele>
				<time>2026-08-02T22:52:10Z</time>
			</trkpt>
			<trkpt lat="35.13042318013991" lon="137.16112672523306">
				<ele>70.6847328543663</ele>
				<time>2026-08-02T22:52:11Z</time>
			</trkpt>
			<trkpt lat="35.13041679069661" lon="137.16108637096565">
				<ele>70.41616365686059</ele>
				<time>2026-08-02T22:52:12Z</time>
			</trkpt>
			<trkpt lat="35.13041213003381" lon="137.16105855074048">
				<ele>70.24009102582932</ele>
				<time>2026-08-02T22:52:13Z</time>
			</trkpt>
			<trkpt lat="35.13040918940648" lon="137.16102933697331">
				<ele>70.09893465600908</ele>
				<time>2026-08-02T22:52:15Z</time>
			</trkpt>
			<trkpt lat="35.13042008360352" lon="137.16101143310976">
				<ele>72.19748544599861</ele>
				<time>2026-08-02T22:52:53Z</time>
			</trkpt>
			<trkpt lat="35.130418036540064" lon="137.1609872000349">
				<ele>72.22599975205958</ele>
				<time>2026-08-02T22:52:54Z</time>
			</trkpt>
			<trkpt lat="35.13041402902624" lon="137.16095110045873">
				<ele>72.15129717811942</ele>
				<time>2026-08-02T22:52:55Z</time>
			</trkpt>
			<trkpt lat="35.130413389227826" lon="137.160918504382">
				<ele>72.26642049197108</ele>
				<time>2026-08-02T22:52:56Z</time>
			</trkpt>
			<trkpt lat="35.13041165829504" lon="137.16088485983622">
				<ele>72.13898478262126</ele>
				<time>2026-08-02T22:52:57Z</time>
			</trkpt>
			<trkpt lat="35.130409312669684" lon="137.1608389306034">
				<ele>72.0854413388297</ele>
				<time>2026-08-02T22:52:58Z</time>
			</trkpt>
			<trkpt lat="35.13040835920088" lon="137.16079065676604">
				<ele>72.04983405768871</ele>
				<time>2026-08-02T22:52:59Z</time>
			</trkpt>
			<trkpt lat="35.13040680344368" lon="137.16073527615424">
				<ele>71.9966388642788</ele>
				<time>2026-08-02T22:53:00Z</time>
			</trkpt>
			<trkpt lat="35.130406235893254" lon="137.16067311049315">
				<ele>72.15081457048655</ele>
				<time>2026-08-02T22:53:01Z</time>
			</trkpt>
			<trkpt lat="35.13040752442709" lon="137.160606870319">
				<ele>72.36729718185961</ele>
				<time>2026-08-02T22:53:02Z</time>
			</trkpt>
			<trkpt lat="35.13040702694218" lon="137.16054394745603">
				<ele>72.25938290450722</ele>
				<time>2026-08-02T22:53:03Z</time>
			</trkpt>
			<trkpt lat="35.13040733597069" lon="137.1604848077654">
				<ele>72.26170293986797</ele>
				<time>2026-08-02T22:53:04Z</time>
			</trkpt>
			<trkpt lat="35.13040856434521" lon="137.16042939819798">
				<ele>71.98966308962554</ele>
				<time>2026-08-02T22:53:05Z</time>
			</trkpt>
			<trkpt lat="35.130409875708324" lon="137.16037605912155">
				<ele>71.75973767507821</ele>
				<time>2026-08-02T22:53:06Z</time>
			</trkpt>
			<trkpt lat="35.13041263833623" lon="137.1603234967476">
				<ele>71.4518425911665</ele>
				<time>2026-08-02T22:53:07Z</time>
			</trkpt>
			<trkpt lat="35.1304173345051" lon="137.1602702256148">
				<ele>71.22747952770442</ele>
				<time>2026-08-02T22:53:08Z</time>
			</trkpt>
			<trkpt lat="35.13042482522548" lon="137.16022155432395">
				<ele>71.0046255569905</ele>
				<time>2026-08-02T22:53:09Z</time>
			</trkpt>
			<trkpt lat="35.130429658893476" lon="137.16018003824175">
				<ele>70.58879859466106</ele>
				<time>2026-08-02T22:53:10Z</time>
			</trkpt>
			<trkpt lat="35.130435147688" lon="137.16014563933774">
				<ele>70.40461207833141</ele>
				<time>2026-08-02T22:53:11Z</time>
			</trkpt>
			<trkpt lat="35.1304411759469" lon="137.16011258069494">
				<ele>70.15224002022296</ele>
				<time>2026-08-02T22:53:12Z</time>
			</trkpt>
			<trkpt lat="35.13044477279725" lon="137.1600828523454">
				<ele>69.89386415481567</ele>
				<time>2026-08-02T22:53:13Z</time>
			</trkpt>
			<trkpt lat="35.13044723255039" lon="137.1600599567879">
				<ele>69.50926686264575</ele>
				<time>2026-08-02T22:53:14Z</time>
			</trkpt>
			<trkpt lat="35.130437977264236" lon="137.160039460944">
				<ele>67.38622933626175</ele>
				<time>2026-08-02T22:54:10Z</time>
			</trkpt>
			<trkpt lat="35.13044835259336" lon="137.1600016245516">
				<ele>66.92108581587672</ele>
				<time>2026-08-02T22:54:13Z</time>
			</trkpt>
			<trkpt lat="35.13045706124746" lon="137.15996828140032">
				<ele>66.80383803136647</ele>
				<time>2026-08-02T22:54:15Z</time>
			</trkpt>
			<trkpt lat="35.13046539520058" lon="137.15993225789612">
				<ele>66.45921266358346</ele>
				<time>2026-08-02T22:54:17Z</time>
			</trkpt>
			<trkpt lat="35.1304742258329" lon="137.15989931510848">
				<ele>66.06872810423374</ele>
				<time>2026-08-02T22:54:19Z</time>
			</trkpt>
			<trkpt lat="35.13047871178027" lon="137.1598764557654">
				<ele>65.94636872038245</ele>
				<time>2026-08-02T22:54:21Z</time>
			</trkpt>
			<trkpt lat="35.13048014891184" lon="137.1598356710688">
				<ele>65.32461288198829</ele>
				<time>2026-08-02T22:54:31Z</time>
			</trkpt>
			<trkpt lat="35.13048756912172" lon="137.15980267666484">
				<ele>65.29377466998994</ele>
				<time>2026-08-02T22:54:32Z</time>
			</trkpt>
			<trkpt lat="35.13049492641" lon="137.15976725223206">
				<ele>65.30445739906281</ele>
				<time>2026-08-02T22:54:33Z</time>
			</trkpt>
			<trkpt lat="35.13050270027472" lon="137.1597333185218">
				<ele>65.39135914109647</ele>
				<time>2026-08-02T22:54:34Z</time>
			</trkpt>
			<trkpt lat="35.1305122029944" lon="137.1597014538592">
				<ele>65.30784683581442</ele>
				<time>2026-08-02T22:54:35Z</time>
			</trkpt>
			<trkpt lat="35.13051626927745" lon="137.15967319058666">
				<ele>65.44067224860191</ele>
				<time>2026-08-02T22:54:37Z</time>
			</trkpt>
			<trkpt lat="35.13052033630636" lon="137.15964995648852">
				<ele>65.57569343037903</ele>
				<time>2026-08-02T22:54:49Z</time>
			</trkpt>
			<trkpt lat="35.13053364186383" lon="137.1596335107608">
				<ele>65.50605625193566</ele>
				<time>2026-08-02T22:55:43Z</time>
			</trkpt>
			<trkpt lat="35.13053903292907" lon="137.15960903562083">
				<ele>65.40833610109985</ele>
				<time>2026-08-02T22:55:45Z</time>
			</trkpt>
			<trkpt lat="35.13054834245944" lon="137.15957670004693">
				<ele>65.36696074064821</ele>
				<time>2026-08-02T22:55:47Z</time>
			</trkpt>
			<trkpt lat="35.130557797047906" lon="137.15954729347027">
				<ele>65.40260054450482</ele>
				<time>2026-08-02T22:55:49Z</time>
			</trkpt>
			<trkpt lat="35.13055812592366" lon="137.15952268891155">
				<ele>65.81183721963316</ele>
				<time>2026-08-02T22:55:53Z</time>
			</trkpt>
			<trkpt lat="35.130559761503136" lon="137.15949510661193">
				<ele>66.55989175848663</ele>
				<time>2026-08-02T22:55:59Z</time>
			</trkpt>
			<trkpt lat="35.13057869061561" lon="137.15944466527097">
				<ele>66.98759446945041</ele>
				<time>2026-08-02T22:56:01Z</time>
			</trkpt>
			<trkpt lat="35.13057884331228" lon="137.1594136715172">
				<ele>67.07303862832487</ele>
				<time>2026-08-02T22:56:02Z</time>
			</trkpt>
			<trkpt lat="35.130686768420034" lon="137.15941204613014">
				<ele>66.91527167893946</ele>
				<time>2026-08-02T22:56:04Z</time>
			</trkpt>
			<trkpt lat="35.130737681526654" lon="137.15943323567905">
				<ele>67.07347097806633</ele>
				<time>2026-08-02T22:56:05Z</time>
			</trkpt>
			<trkpt lat="35.130788962918764" lon="137.1594682855283">
				<ele>67.28325399756432</ele>
				<time>2026-08-02T22:56:06Z</time>
			</trkpt>
			<trkpt lat="35.130846234532335" lon="137.15951357662942">
				<ele>67.5096418755129</ele>
				<time>2026-08-02T22:56:07Z</time>
			</trkpt>
			<trkpt lat="35.13090201729484" lon="137.159553032358">
				<ele>67.54624415561557</ele>
				<time>2026-08-02T22:56:08Z</time>
			</trkpt>
			<trkpt lat="35.13096466356919" lon="137.15959704191738">
				<ele>67.54953696578741</ele>
				<time>2026-08-02T22:56:09Z</time>
			</trkpt>
			<trkpt lat="35.13103738348336" lon="137.1596448879031">
				<ele>67.63493209052831</ele>
				<time>2026-08-02T22:56:10Z</time>
			</trkpt>
			<trkpt lat="35.131113556077445" lon="137.15969058609716">
				<ele>67.68275500740856</ele>
				<time>2026-08-02T22:56:11Z</time>
			</trkpt>
			<trkpt lat="35.131183913481344" lon="137.15973682431235">
				<ele>67.96424084249884</ele>
				<time>2026-08-02T22:56:12Z</time>
			</trkpt>
			<trkpt lat="35.131257042014965" lon="137.15977644195635">
				<ele>67.85281306132674</ele>
				<time>2026-08-02T22:56:13Z</time>
			</trkpt>
			<trkpt lat="35.13132646432181" lon="137.15981316197576">
				<ele>67.7885954529047</ele>
				<time>2026-08-02T22:56:14Z</time>
			</trkpt>
			<trkpt lat="35.13138898691618" lon="137.1598501389667">
				<ele>67.7943809479475</ele>
				<time>2026-08-02T22:56:15Z</time>
			</trkpt>
			<trkpt lat="35.13145555315438" lon="137.1598803909327">
				<ele>67.87599828559905</ele>
				<time>2026-08-02T22:56:16Z</time>
			</trkpt>
			<trkpt lat="35.13150522063797" lon="137.15991001931286">
				<ele>67.69662914704531</ele>
				<time>2026-08-02T22:56:17Z</time>
			</trkpt>
			<trkpt lat="35.131556047635826" lon="137.15992958279625">
				<ele>67.60792511235923</ele>
				<time>2026-08-02T22:56:18Z</time>
			</trkpt>
			<trkpt lat="35.13160954694228" lon="137.15993472163683">
				<ele>67.48532356135547</ele>
				<time>2026-08-02T22:56:19Z</time>
			</trkpt>
			<trkpt lat="35.13166530595135" lon="137.1599253159945">
				<ele>67.40396123751998</ele>
				<time>2026-08-02T22:56:20Z</time>
			</trkpt>
			<trkpt lat="35.13172875365299" lon="137.15991015732646">
				<ele>67.73419796582311</ele>
				<time>2026-08-02T22:56:21Z</time>
			</trkpt>
			<trkpt lat="35.1317753171876" lon="137.15993969095436">
				<ele>68.21805568691343</ele>
				<time>2026-08-02T22:56:22Z</time>
			</trkpt>
			<trkpt lat="35.131844254754206" lon="137.15996368821212">
				<ele>68.4340192610398</ele>
				<time>2026-08-02T22:56:23Z</time>
			</trkpt>
			<trkpt lat="35.131929983752975" lon="137.15999313366">
				<ele>69.22005396988243</ele>
				<time>2026-08-02T22:56:24Z</time>
			</trkpt>
			<trkpt lat="35.13201676155884" lon="137.16003061568583">
				<ele>69.79241567011923</ele>
				<time>2026-08-02T22:56:25Z</time>
			</trkpt>
			<trkpt lat="35.13209653262267" lon="137.16005036165896">
				<ele>70.24624330922961</ele>
				<time>2026-08-02T22:56:26Z</time>
			</trkpt>
			<trkpt lat="35.132185211302954" lon="137.16007231252237">
				<ele>70.93792363349348</ele>
				<time>2026-08-02T22:56:27Z</time>
			</trkpt>
			<trkpt lat="35.13227038195805" lon="137.16009339503063">
				<ele>71.3564364016056</ele>
				<time>2026-08-02T22:56:28Z</time>
			</trkpt>
			<trkpt lat="35.132352312180195" lon="137.16011367542518">
				<ele>71.7334586540237</ele>
				<time>2026-08-02T22:56:29Z</time>
			</trkpt>
			<trkpt lat="35.132433548984054" lon="137.1601337841822">
				<ele>72.0622704392299</ele>
				<time>2026-08-02T22:56:30Z</time>
			</trkpt>
			<trkpt lat="35.132513577043106" lon="137.16015262825567">
				<ele>72.39965284708887</ele>
				<time>2026-08-02T22:56:31Z</time>
			</trkpt>
			<trkpt lat="35.1325862693941" lon="137.16016943027122">
				<ele>72.71887540072203</ele>
				<time>2026-08-02T22:56:32Z</time>
			</trkpt>
			<trkpt lat="35.1326539889693" lon="137.1601850828809">
				<ele>72.92929961904883</ele>
				<time>2026-08-02T22:56:33Z</time>
			</trkpt>
			<trkpt lat="35.1327140068397" lon="137.16019895532963">
				<ele>73.01130451075733</ele>
				<time>2026-08-02T22:56:34Z</time>
			</trkpt>
			<trkpt lat="35.132762221932545" lon="137.16021009970058">
				<ele>73.3166572805494</ele>
				<time>2026-08-02T22:56:35Z</time>
			</trkpt>
			<trkpt lat="35.13279588115615" lon="137.1602178796498">
				<ele>73.4977649524808</ele>
				<time>2026-08-02T22:56:36Z</time>
			</trkpt>
			<trkpt lat="35.13282573937338" lon="137.1602247810372">
				<ele>73.5489605916664</ele>
				<time>2026-08-02T22:56:37Z</time>
			</trkpt>
			<trkpt lat="35.13285095281681" lon="137.1602306088367">
				<ele>73.42056999914348</ele>
				<time>2026-08-02T22:56:39Z</time>
			</trkpt>
			<trkpt lat="35.13287231007036" lon="137.16023554533123">
				<ele>74.09017227496952</ele>
				<time>2026-08-02T22:56:41Z</time>
			</trkpt>
			<trkpt lat="35.132900310009404" lon="137.16024201720023">
				<ele>74.24301426485181</ele>
				<time>2026-08-02T22:56:42Z</time>
			</trkpt>
			<trkpt lat="35.132931768405754" lon="137.1602492884605">
				<ele>74.80110601242632</ele>
				<time>2026-08-02T22:56:43Z</time>
			</trkpt>
			<trkpt lat="35.13295124145477" lon="137.16025378943104">
				<ele>74.75145774334669</ele>
				<time>2026-08-02T22:56:44Z</time>
			</trkpt>
			<trkpt lat="35.13297444546362" lon="137.16024540451266">
				<ele>74.94427520409226</ele>
				<time>2026-08-02T22:56:45Z</time>
			</trkpt>
			<trkpt lat="35.13299297228059" lon="137.160218511083">
				<ele>74.61701384279877</ele>
				<time>2026-08-02T22:56:47Z</time>
			</trkpt>
			<trkpt lat="35.13307313258759" lon="137.15965529634087">
				<ele>74.38446126971394</ele>
				<time>2026-08-02T22:56:48Z</time>
			</trkpt>
			<trkpt lat="35.13307186658753" lon="137.15963024632387">
				<ele>74.4144601309672</ele>
				<time>2026-08-02T22:56:49Z</time>
			</trkpt>
			<trkpt lat="35.133068231752944" lon="137.15960844231392">
				<ele>74.31736277788877</ele>
				<time>2026-08-02T22:56:50Z</time>
			</trkpt>
			<trkpt lat="35.133052444358015" lon="137.15959090953913">
				<ele>74.65896876342595</ele>
				<time>2026-08-02T22:56:52Z</time>
			</trkpt>
			<trkpt lat="35.1330586888575" lon="137.15954549707385">
				<ele>75.14102137181908</ele>
				<time>2026-08-02T22:56:54Z</time>
			</trkpt>
			<trkpt lat="35.13306936031987" lon="137.15950752910342">
				<ele>75.47850717883557</ele>
				<time>2026-08-02T22:56:55Z</time>
			</trkpt>
			<trkpt lat="35.13307734764918" lon="137.15947374162215">
				<ele>75.6391467852518</ele>
				<time>2026-08-02T22:56:56Z</time>
			</trkpt>
			<trkpt lat="35.13309263474144" lon="137.15943980450143">
				<ele>75.39577111694962</ele>
				<time>2026-08-02T22:56:57Z</time>
			</trkpt>
			<trkpt lat="35.13310947813206" lon="137.159398716402">
				<ele>75.6760685974732</ele>
				<time>2026-08-02T22:56:58Z</time>
			</trkpt>
			<trkpt lat="35.13312163043323" lon="137.15935583751548">
				<ele>75.51372591406107</ele>
				<time>2026-08-02T22:56:59Z</time>
			</trkpt>
			<trkpt lat="35.133130273959154" lon="137.1593050994787">
				<ele>75.30254948418587</ele>
				<time>2026-08-02T22:57:00Z</time>
			</trkpt>
			<trkpt lat="35.133128263676916" lon="137.15924623593935">
				<ele>75.76656200829893</ele>
				<time>2026-08-02T22:57:01Z</time>
			</trkpt>
			<trkpt lat="35.13312419454824" lon="137.15919067184996">
				<ele>75.84941041376442</ele>
				<time>2026-08-02T22:57:02Z</time>
			</trkpt>
			<trkpt lat="35.13311882064342" lon="137.15913145559344">
				<ele>75.825105891563</ele>
				<time>2026-08-02T22:57:03Z</time>
			</trkpt>
			<trkpt lat="35.13311439492807" lon="137.15906587163852">
				<ele>76.06399948708713</ele>
				<time>2026-08-02T22:57:04Z</time>
			</trkpt>
			<trkpt lat="35.13311563335618" lon="137.1590135357288">
				<ele>75.97941358108073</ele>
				<time>2026-08-02T22:57:05Z</time>
			</trkpt>
			<trkpt lat="35.13311436754162" lon="137.1589524212373">
				<ele>75.87255699373782</ele>
				<time>2026-08-02T22:57:06Z</time>
			</trkpt>
			<trkpt lat="35.13310708503542" lon="137.15889382701215">
				<ele>75.98471739050001</ele>
				<time>2026-08-02T22:57:07Z</time>
			</trkpt>
			<trkpt lat="35.133103896975335" lon="137.15884259509727">
				<ele>75.99326335359365</ele>
				<time>2026-08-02T22:57:08Z</time>
			</trkpt>
			<trkpt lat="35.13310195999859" lon="137.15880605584545">
				<ele>76.01984553691</ele>
				<time>2026-08-02T22:57:09Z</time>
			</trkpt>
			<trkpt lat="35.13310234937336" lon="137.158779240139">
				<ele>75.86671107262373</ele>
				<time>2026-08-02T22:57:11Z</time>
			</trkpt>
			<trkpt lat="35.133103375478136" lon="137.15874016638983">
				<ele>76.06294016260654</ele>
				<time>2026-08-02T22:57:16Z</time>
			</trkpt>
			<trkpt lat="35.133101189044815" lon="137.15870737421395">
				<ele>76.16848930064589</ele>
				<time>2026-08-02T22:57:17Z</time>
			</trkpt>
			<trkpt lat="35.13309954407673" lon="137.15867258286124">
				<ele>76.29396291449666</ele>
				<time>2026-08-02T22:57:18Z</time>
			</trkpt>
			<trkpt lat="35.13309694658108" lon="137.15863566678092">
				<ele>76.21638012025505</ele>
				<time>2026-08-02T22:57:19Z</time>
			</trkpt>
			<trkpt lat="35.13309457206366" lon="137.15858618962346">
				<ele>76.2447266895324</ele>
				<time>2026-08-02T22:57:20Z</time>
			</trkpt>
			<trkpt lat="35.13309202059474" lon="137.1585320507337">
				<ele>76.32678938098252</ele>
				<time>2026-08-02T22:57:21Z</time>
			</trkpt>
			<trkpt lat="35.133089100517985" lon="137.1584777062095">
				<ele>76.88462511543185</ele>
				<time>2026-08-02T22:57:22Z</time>
			</trkpt>
			<trkpt lat="35.1330836166281" lon="137.1584228674556">
				<ele>77.38904130645096</ele>
				<time>2026-08-02T22:57:23Z</time>
			</trkpt>
			<trkpt lat="35.13308235444351" lon="137.15835856458725">
				<ele>78.0927846133709</ele>
				<time>2026-08-02T22:57:24Z</time>
			</trkpt>
			<trkpt lat="35.13307940806297" lon="137.15830014822728">
				<ele>78.58207001257688</ele>
				<time>2026-08-02T22:57:25Z</time>
			</trkpt>
			<trkpt lat="35.13307726278517" lon="137.15823750067716">
				<ele>79.21524233277887</ele>
				<time>2026-08-02T22:57:26Z</time>
			</trkpt>
			<trkpt lat="35.13307341109588" lon="137.15817575934216">
				<ele>79.65543861035258</ele>
				<time>2026-08-02T22:57:27Z</time>
			</trkpt>
			<trkpt lat="35.133068421379136" lon="137.15811394888024">
				<ele>80.26711594220251</ele>
				<time>2026-08-02T22:57:28Z</time>
			</trkpt>
			<trkpt lat="35.13306389960633" lon="137.15805197923245">
				<ele>80.53311541303992</ele>
				<time>2026-08-02T22:57:29Z</time>
			</trkpt>
			<trkpt lat="35.1330593280454" lon="137.15798963241298">
				<ele>81.08978391997516</ele>
				<time>2026-08-02T22:57:30Z</time>
			</trkpt>
			<trkpt lat="35.133055852593465" lon="137.15792896845932">
				<ele>81.7274175900966</ele>
				<time>2026-08-02T22:57:31Z</time>
			</trkpt>
			<trkpt lat="35.133053044792085" lon="137.15786778155862">
				<ele>82.12814528215677</ele>
				<time>2026-08-02T22:57:32Z</time>
			</trkpt>
			<trkpt lat="35.13304882534446" lon="137.15781099112004">
				<ele>82.19610761292279</ele>
				<time>2026-08-02T22:57:33Z</time>
			</trkpt>
			<trkpt lat="35.133045051484416" lon="137.15775422191302">
				<ele>82.50324929878116</ele>
				<time>2026-08-02T22:57:34Z</time>
			</trkpt>
			<trkpt lat="35.13304315345955" lon="137.15770389069735">
				<ele>82.60136271547526</ele>
				<time>2026-08-02T22:57:35Z</time>
			</trkpt>
			<trkpt lat="35.133043426840935" lon="137.15765399198992">
				<ele>82.74190799053758</ele>
				<time>2026-08-02T22:57:36Z</time>
			</trkpt>
			<trkpt lat="35.133047136959526" lon="137.15760530870892">
				<ele>82.75565399043262</ele>
				<time>2026-08-02T22:57:37Z</time>
			</trkpt>
			<trkpt lat="35.13306209250911" lon="137.1575599279817">
				<ele>82.43975146580487</ele>
				<time>2026-08-02T22:57:38Z</time>
			</trkpt>
			<trkpt lat="35.133090984538484" lon="137.15751101637815">
				<ele>82.26939996518195</ele>
				<time>2026-08-02T22:57:39Z</time>
			</trkpt>
			<trkpt lat="35.133127148550784" lon="137.15745738750584">
				<ele>80.50122266449034</ele>
				<time>2026-08-02T22:57:40Z</time>
			</trkpt>
			<trkpt lat="35.13318870826832" lon="137.1574468919875">
				<ele>81.77776706963778</ele>
				<time>2026-08-02T22:57:41Z</time>
			</trkpt>
			<trkpt lat="35.13324068655509" lon="137.1574332122686">
				<ele>81.4308855868876</ele>
				<time>2026-08-02T22:57:42Z</time>
			</trkpt>
			<trkpt lat="35.13328490340516" lon="137.15743626208462">
				<ele>80.99133663065732</ele>
				<time>2026-08-02T22:57:43Z</time>
			</trkpt>
			<trkpt lat="35.133325262473036" lon="137.15743885641976">
				<ele>80.99102294165641</ele>
				<time>2026-08-02T22:57:44Z</time>
			</trkpt>
			<trkpt lat="35.13336276200566" lon="137.1574385605178">
				<ele>81.04574187565595</ele>
				<time>2026-08-02T22:57:45Z</time>
			</trkpt>
			<trkpt lat="35.13338613111868" lon="137.1574383209564">
				<ele>81.00021911971271</ele>
				<time>2026-08-02T22:57:46Z</time>
			</trkpt>
			<trkpt lat="35.13341488755443" lon="137.15743378121982">
				<ele>80.98860076628625</ele>
				<time>2026-08-02T22:57:49Z</time>
			</trkpt>
			<trkpt lat="35.13343345938713" lon="137.1574362086553">
				<ele>81.05257443711162</ele>
				<time>2026-08-02T22:57:51Z</time>
			</trkpt>
			<trkpt lat="35.13345405668694" lon="137.15744027632414">
				<ele>81.1223509684205</ele>
				<time>2026-08-02T22:57:52Z</time>
			</trkpt>
			<trkpt lat="35.1335006580156" lon="137.15743258585852">
				<ele>81.50071376655251</ele>
				<time>2026-08-02T22:57:53Z</time>
			</trkpt>
			<trkpt lat="35.133536673388825" lon="137.15743291243726">
				<ele>81.54305013548583</ele>
				<time>2026-08-02T22:57:54Z</time>
			</trkpt>
			<trkpt lat="35.133581941227895" lon="137.15742925694707">
				<ele>82.02171379886568</ele>
				<time>2026-08-02T22:57:55Z</time>
			</trkpt>
			<trkpt lat="35.13364713222808" lon="137.15742710199854">
				<ele>82.45339185092598</ele>
				<time>2026-08-02T22:57:56Z</time>
			</trkpt>
			<trkpt lat="35.133709091803745" lon="137.15742131691715">
				<ele>82.3860929934308</ele>
				<time>2026-08-02T22:57:57Z</time>
			</trkpt>
			<trkpt lat="35.13378227612427" lon="137.15741667994808">
				<ele>82.33766776509583</ele>
				<time>2026-08-02T22:57:58Z</time>
			</trkpt>
			<trkpt lat="35.133827719562746" lon="137.157394576109">
				<ele>82.78857156820595</ele>
				<time>2026-08-02T22:57:59Z</time>
			</trkpt>
			<trkpt lat="35.13388344075752" lon="137.15738239688125">
				<ele>83.48066765535623</ele>
				<time>2026-08-02T22:58:00Z</time>
			</trkpt>
			<trkpt lat="35.13393927473682" lon="137.1573685909168">
				<ele>84.06962162535638</ele>
				<time>2026-08-02T22:58:01Z</time>
			</trkpt>
			<trkpt lat="35.13399341616568" lon="137.15735521696422">
				<ele>84.86085385922343</ele>
				<time>2026-08-02T22:58:02Z</time>
			</trkpt>
			<trkpt lat="35.13404792346681" lon="137.1573431674718">
				<ele>85.64841145463288</ele>
				<time>2026-08-02T22:58:03Z</time>
			</trkpt>
			<trkpt lat="35.13409872666205" lon="137.15734230668576">
				<ele>85.7719332324341</ele>
				<time>2026-08-02T22:58:04Z</time>
			</trkpt>
			<trkpt lat="35.13414521079906" lon="137.1573338562047">
				<ele>86.85408763308078</ele>
				<time>2026-08-02T22:58:05Z</time>
			</trkpt>
			<trkpt lat="35.13418799778707" lon="137.15731953366395">
				<ele>87.65335570648313</ele>
				<time>2026-08-02T22:58:06Z</time>
			</trkpt>
			<trkpt lat="35.13423241640926" lon="137.15731657697577">
				<ele>88.71494379919022</ele>
				<time>2026-08-02T22:58:07Z</time>
			</trkpt>
			<trkpt lat="35.134279930853715" lon="137.15730832963612">
				<ele>89.33926002215594</ele>
				<time>2026-08-02T22:58:08Z</time>
			</trkpt>
			<trkpt lat="35.13432455101007" lon="137.15730474740607">
				<ele>89.65061549842358</ele>
				<time>2026-08-02T22:58:09Z</time>
			</trkpt>
		</trkseg>
	</trk>
</gpx>
